reaction,gene,name,our_name,GLC_BATCH_mu=0.6_H,kcat_vivo,kcat_vitro,kcat_vitro_log10,kcat_vivo_log10,kcat_Density,absolute_error,square_error,error
5DOAN,b0159,mtn,ECDH1ME8569_0153,4.935111524898892e-06,1.0124424548679036,13.79595169021816,1.1397516649133577,0.005370348189372941,0.15065682454538293,1.1343813167239847,1.2868209717324413,1.1343813167239847
A5PISO_num1,b3197,kdsD,ECDH1ME8569_3086,1.1636454974256668e-06,10.126061418845666,117.47556533238928,2.069947543672826,1.0054405572385432,0.04034190225059407,1.0645069864342827,1.133175124167398,1.0645069864342827
ACACT2r_num2,b3845,fadA,ECDH1ME8569_3722,6.849622687291783e-07,142.7938714432799,23.783564453983832,1.3762769430786752,2.1547095683961697,0.1694646862710301,0.7784326253174945,0.6059573521586867,-0.7784326253174945
ACACT3r_num1,b2342,fadI,ECDH1ME8569_2280,2.1456190241896195e-07,453.6593527588854,24.60486796193632,1.391021038804917,2.6567298688332786,0.07548229020567086,1.2657088300283617,1.602018842411764,-1.2657088300283617
ACACT4r_num1,b2342,fadI,ECDH1ME8569_2280,2.1456190241896195e-07,453.6593527588854,6.364607641269926,0.8037716358791342,2.6567298688332786,0.042889145074421646,1.8529582329541443,3.4334542130725447,-1.8529582329541443
ACACT5r_num1,b2342,fadI,ECDH1ME8569_2280,2.1456190241896195e-07,453.6593527588854,27.84525040508453,1.4447511277405012,2.6567298688332786,0.07736417574999152,1.2119787410927774,1.4688924688608336,-1.2119787410927774
ACACT6r_num1,b2342,fadI,ECDH1ME8569_2280,2.1456190241896195e-07,354.6715999514574,8.59712910873144,0.9343534488725581,2.549826414076195,0.06551469420990846,1.615472965203637,2.6097529013038314,-1.615472965203637
ACACT7r_num2,b3845,fadA,ECDH1ME8569_3722,6.849622687291783e-07,111.78632324950163,19.371037843107302,1.2871528895606177,2.0483886720601334,0.1869749570952663,0.7612357824995157,0.5794799165576501,-0.7612357824995157
ACGK,b3959,argB,ECDH1ME8569_3827,5.571251626104815e-06,15.48952596457694,23.31010849500569,1.3675442949136538,1.1900381269833102,0.2796457869830598,0.17750616793034357,0.03150843965331533,0.17750616793034357
ACGS,b2818,argA,ECDH1ME8569_2725,1.1443580394640656e-06,71.5415545727654,57.11195310619672,1.7567270123577314,1.8545583729815052,0.18259328624517637,0.09783136062377373,0.009570975121498865,-0.09783136062377373
ACOAD1f_reverse,b0221,fadE,ECDH1ME8569_0209,6.338197718011059e-07,154.23512486789386,22.84980162347734,1.358882433981225,2.1881832894034567,0.16111318331207236,0.8293008554222316,0.6877399088040451,-0.8293008554222316
ACOAD3f_reverse,b0221,fadE,ECDH1ME8569_0209,6.338197718011059e-07,154.23512486789386,16.184676510470155,1.2091040234097834,2.1881832894034567,0.13875129525225086,0.9790792659936733,0.9585962090987101,-0.9790792659936733
ACOAD5f_reverse,b0221,fadE,ECDH1ME8569_0209,6.338197718011059e-07,154.23512486789386,12.917773321898355,1.1111876593747687,2.1881832894034567,0.11959774384175627,1.076995630028688,1.1599195871008907,-1.076995630028688
ACOAD6f_reverse,b0221,fadE,ECDH1ME8569_0209,6.338197718011059e-07,120.72559817991207,24.30827215100492,1.385754089984726,2.081799365951377,0.18470938595585665,0.6960452759666509,0.4844790261954912,-0.6960452759666509
ACOAD7f_reverse,b0221,fadE,ECDH1ME8569_0209,6.338197718011059e-07,55.95417701652118,12.918192056170748,1.111201736958574,1.7478325124463898,0.23418340325410678,0.6366307754878158,0.40529874429821766,-0.6366307754878158
ACODA,b3957,argE,ECDH1ME8569_3825,5.215679626866349e-06,16.477330063721297,39.18694377197728,1.5931413937479881,1.2168868413094072,0.20209472167796044,0.37625455243858097,0.14156748823075688,0.37625455243858097
ACONTa_num2,b1276,acnA,ECDH1ME8569_1217,1.1726331562846556e-06,1151.2363374989975,29.91282747347112,1.4758574661269008,3.061164489168855,0.03980865906538692,1.5853070230419541,2.513198357306143,-1.5853070230419541
ACONTb_num1,b0118,acnB,ECDH1ME8569_0112,9.722313180128597e-06,139.73295808569202,34.55166213512507,1.5384689442934296,2.145298852975959,0.15837798733041666,0.6068299086825295,0.3682425380716471,-0.6068299086825295
ACOTA_reverse_num1,b1748,astC,ECDH1ME8569_1692,3.6967035750773016e-07,219.3696730132039,20.425769833134908,1.3101784337715026,2.341176587899655,0.12067108904875001,1.0309981541281525,1.062957193815658,-1.0309981541281525
ADCL,b1096,pabC,ECDH1ME8569_1031,6.662319869907531e-08,3.7404454717087567,4.958433301919097,0.6953444757214285,0.5729233279716037,0.25479001205889473,0.12242114774982482,0.01498693741638444,0.12242114774982482
ADNK1,b0474,adk,ECDH1ME8569_0458,6.815504389127241e-06,1.0269486857330883,7.380231721555777,0.8680699978410823,0.011548743441746463,0.2545368193728197,0.8565212543993358,0.7336286592378117,0.8565212543993358
ADSK,b2750,cysC,ECDH1ME8569_2660,1.729888629938562e-06,40.104780654397125,9.855536989676255,0.9936802922684023,1.6031961453900865,0.24449109386188503,0.6095158531216842,0.3715095752066545,-0.6095158531216842
ADSL1r,b1131,purB,ECDH1ME8569_1066,4.182066742253502e-06,20.514368198685396,10.289973575498568,1.0124142595019963,1.3120581461116156,0.30461140059331415,0.2996438866096194,0.08978645878251844,-0.2996438866096194
ADSL2r,b1131,purB,ECDH1ME8569_1066,4.182066742253502e-06,30.236280689461438,13.616144008313029,1.134054135989996,1.4805283683309742,0.2957623403207787,0.3464742323409782,0.12004439367627014,-0.3464742323409782
ADSS,b4177,purA,ECDH1ME8569_4034,1.0315747924796947e-05,8.911243162857527,3.7077439313146128,0.5691097327385878,0.9499382945091638,0.19778489688862036,0.380828561770576,0.14503039346024543,-0.380828561770576
AGPAT160,b3018,plsC,ECDH1ME8569_2914,2.613011973515104e-07,67.6492237486253,2.3885995568239715,0.37814334738961153,1.8302628175837117,0.05058231970201566,1.4521194701941003,2.1086509557167945,-1.4521194701941003
AGPR_reverse,b3958,argC,ECDH1ME8569_3826,3.0702971826759706e-06,27.292176388371676,16.946274996283275,1.2290742496572764,1.4360381694468303,0.3043167573069328,0.20696391978955386,0.042834064094656885,-0.20696391978955386
AHCYSNS,b0159,mtn,ECDH1ME8569_0153,4.935111524898892e-06,1.0247743101369835,3.327653471795555,0.5221380943245987,0.010628229631249694,0.25858264322447877,0.511509864693349,0.2616423416786082,0.511509864693349
AICART,b4006,purH,ECDH1ME8569_3866,6.116183714588418e-06,25.21822100298997,6.284114433954154,0.7982440849583761,1.4017144463990125,0.22865984155217714,0.6034703614406365,0.36417647713729245,-0.6034703614406365
AIRC2,b0522,purK,ECDH1ME8569_0507,9.070035925458143e-07,135.80440225754563,4.389700451139229,0.6424348854230139,2.1329138483330823,0.06811123361641017,1.4904789629100685,2.2215275388774733,-1.4904789629100685
AIRC3_reverse,b0523,purE,ECDH1ME8569_0508,4.243876726888729e-06,29.81046858969962,4.018805639433579,0.6040970030164671,1.47436880274586,0.12817676234980105,0.8702717997293928,0.7573730054042365,-0.8702717997293928
ALAR_num1,b1190,dadX,ECDH1ME8569_1129,1.5227866036697024e-07,75.7016215422081,59.60043293314919,1.7752494144347808,1.8791051822648122,0.17899228114409807,0.10385576783003136,0.010786020511565377,-0.10385576783003136
AMAOTr,b0774,bioA,ECDH1ME8569_0727,5.978299808573923e-07,1.0009130043194416,1.1238825134980217,0.050720914074385316,0.000396331839065364,0.07603058662989906,0.05032458223531995,0.00253256357715948,0.05032458223531995
ANPRT,b1263,trpD,ECDH1ME8569_1203,2.8658452114775736e-06,6.413084270472699,4.134423724062058,0.6164149840454571,0.8070669467566001,0.22386972448977308,0.19065196271114293,0.036348170885611035,-0.19065196271114293
AOXSr2,b0776,bioF,ECDH1ME8569_0729,1.4365728715841214e-07,1.0037994686215435,3.0978446299422364,0.4910596322576532,0.0016469614448700255,0.24901702194621572,0.48941267081278317,0.23952476235210166,0.48941267081278317
APRAUR,b0414,ribD,ECDH1ME8569_0399,4.165626823733886e-07,1.292196510331017,8.114474233434251,0.9092603855404975,0.11132856386246193,0.2719303160147835,0.7979318216780356,0.6366951920464283,0.7979318216780356
ARGSL,b3960,argH,ECDH1ME8569_3828,3.887233407818452e-06,21.7666447117053,29.664455570317845,1.472236382170306,1.3377914885038014,0.2710084435348935,0.13444489366650458,0.018075429432997725,0.13444489366650458
ARGSS,b3172,argG,ECDH1ME8569_3062,1.1015395182054114e-05,8.32836123965404,6.7981683706936415,0.8323919165809098,0.9205595542769686,0.28271155043674334,0.08816763769605873,0.007773532336903477,-0.08816763769605873
ASAD_reverse,b3433,asd,ECDH1ME8569_3311,1.687558391659218e-05,18.289016889835832,39.07604919896693,1.591910647732924,1.2621903609824525,0.21347367200460227,0.3297202867504714,0.10871546749481308,0.3297202867504714
ASNS2,b3744,asnA,ECDH1ME8569_3632,1.3177986920249617e-06,50.92149691794651,2.6300053641902457,0.4199566342828559,1.706901161942508,0.0627169883100375,1.286944527659652,1.656226217273125,-1.286944527659652
ASPK_num1,b0002,thrA,ECDH1ME8569_0002,1.1672606753288096e-05,25.995466867554377,39.31434338952925,1.5945510266718603,1.4148976215842515,0.23703133935595236,0.17965340508760885,0.03227534595957248,0.17965340508760885
ASPO6,b2574,nadB,ECDH1ME8569_2501,2.1588781713485128e-07,3.879692478178682,10.722162335205894,1.0302823782250867,0.5887973028305452,0.25021534020449926,0.4414850753945415,0.19490907179612402,0.4414850753945415
ASPTA_reverse,b0928,aspC,ECDH1ME8569_0879,9.160982781701999e-06,88.21715542537379,112.01466530571793,2.0492748855666276,1.9455530497813043,0.18800113293458987,0.10372183578532335,0.010758219218677582,0.10372183578532335
ATPPRT,b2019,hisG,ECDH1ME8569_1955,3.647102411509863e-06,8.089192690232611,3.92131993485406,0.5934322772079682,0.9079051807380807,0.2118186650364687,0.3144729035301125,0.09889320705465943,-0.3144729035301125
BMOCOS,b0827,moeA,ECDH1ME8569_0780,1.2728767258595469e-06,1.0261573661983627,2.7320318084726924,0.4364857514383931,0.011213967043763744,0.23438751622620485,0.4252717843946293,0.18085609060219207,0.4252717843946293
BPNT,b4214,cysQ,ECDH1ME8569_4071,1.9061972641819487e-06,36.48788821670769,29.8007154545562,1.4742266907284676,1.5621487287422717,0.26411568831047055,0.08792203801380416,0.007730284768500824,-0.08792203801380416
BTS5,b0775,bioB,ECDH1ME8569_0728,6.904205995472418e-07,1.0007905635422414,1.1107295061255649,0.04560830889585776,0.000343201740465262,0.0741078618212545,0.0452651071553925,0.0020489299257891655,0.0452651071553925
CDPMEK,b1208,ispE,ECDH1ME8569_1147,2.6749018149766234e-07,3.4374113646917213,7.575756437054814,0.8794260035158782,0.5362315084902248,0.2733628223151137,0.34319449502565336,0.11778246141591321,0.34319449502565336
CHORM_num2,b2600,tyrA,ECDH1ME8569_2521,1.746092938616221e-06,51.54424340814261,143.4064446922174,2.1565686689843298,1.7121801692183842,0.10066970772347562,0.4443884997659455,0.19748113872422776,0.4443884997659455
CHORS,b2329,aroC,ECDH1ME8569_2267,1.3962388758315705e-06,75.49401836832291,6.973320964283039,0.8434396551388075,1.8779125424564334,0.13147328933193067,1.0344728873176259,1.0701341545952654,-1.0344728873176259
CHRPL,b4039,ubiC,ECDH1ME8569_3896,3.860857147948872e-06,1.0157631009720582,6.188317649250844,0.7915725981391847,0.006792432419252091,0.2714176642864424,0.7847801657199326,0.6158799085074048,0.7847801657199326
CS,b0720,gltA,ECDH1ME8569_0679,1.2312363871569814e-05,110.5488470763316,116.36002708713612,2.0658038136732717,2.043554217642926,0.1979371562215002,0.022249596030345486,0.0004950445235135657,0.022249596030345486
CTPS2,b2780,pyrG,ECDH1ME8569_2690,3.4733219241236484e-06,13.612993395896597,3.9437606690334506,0.5959105514842064,1.133953633827708,0.18871537608325684,0.5380430823435017,0.28949035845769616,-0.5380430823435017
CYSS_num1,b2414,cysK,ECDH1ME8569_2348,9.358030673021773e-06,8.228755471522659,43.39102494299101,1.6373999087562694,0.9153341568744093,0.10675151781964033,0.7220657518818601,0.5213789500407159,0.7220657518818601
DALAt2pp,b4208,cycA,ECDH1ME8569_4065,5.910857392659474e-07,7.4150100400069,5.145111782308679,0.7113948146499526,0.8701117434044066,0.25603710444292305,0.15871692875445398,0.02519106347324642,-0.15871692875445398
DAPDC,b2838,lysA,ECDH1ME8569_2745,2.190401187067305e-06,43.75577529937773,10.189745968374533,1.0081633571263127,1.6410353834181526,0.23838653678887808,0.6328720262918399,0.4005270016627393,-0.6328720262918399
DAPE,b3809,dapF,ECDH1ME8569_3689,1.4776771832910413e-07,686.101888411527,11.570305716860686,1.0633448342664886,2.8363886146704966,0.05217672911228606,1.773043780404008,3.143684247229336,-1.773043780404008
DB4PS,b3041,ribB,ECDH1ME8569_2938,5.416724722189406e-07,1.4494160894867636,8.161027520277774,0.9117448423682005,0.16119307796786353,0.2811132779320408,0.750551764400337,0.563327951044459,0.750551764400337
DBTS,b0778,bioD,ECDH1ME8569_0731,2.209843896863731e-06,1.0002469954351025,4.267305321878392,0.6301537173526763,0.00010725550925494533,0.2754174860750404,0.6300464618434214,0.39695854408141384,0.6300464618434214
DDPA_num1,b2601,aroF,ECDH1ME8569_2522,3.1102376281882683e-06,34.441639159690446,9.50055756071571,0.9777490935453322,1.5370838123829025,0.2569360153552923,0.5593347188375702,0.3128553276971038,-0.5593347188375702
DHAD1,b3771,ilvD,ECDH1ME8569_3652,1.948899221143476e-06,123.4267229611509,7.162176382351807,0.8550450121434704,2.09140919841778,0.09916811864447628,1.2363641862743098,1.5285964011017361,-1.2363641862743098
DHAD2,b3771,ilvD,ECDH1ME8569_3652,1.948899221143476e-06,41.6837179348464,4.80811446348995,0.6819747980692139,1.6199664484530794,0.13225146911812877,0.9379916503838654,0.8798283361898477,-0.9379916503838654
DHDPRy,b0031,dapB,ECDH1ME8569_0028,9.421888277258007e-07,108.44761548265134,50.17337561644821,1.7004733209256875,2.0352200073035407,0.15223429216008866,0.3347466863778532,0.11205534404095281,-0.3347466863778532
DHDPS,b2478,dapA,ECDH1ME8569_2404,5.166700084031225e-06,20.593926728285016,72.0428571269603,1.857590928049046,1.3137391632198836,0.11701213802586108,0.5438517648291623,0.2957747421077945,0.5438517648291623
DHFS,b2315,folC,ECDH1ME8569_2253,6.390658917833849e-07,1.2856939253574173,7.02148428821389,0.846428928375156,0.10913759195567238,0.2892551364693661,0.7372913364194836,0.5435985147592282,0.7372913364194836
DHORD2,b0945,pyrD,ECDH1ME8569_0896,2.306952442925174e-06,40.13279088599331,37.79370204257018,1.5774194348625925,1.6034993621819127,0.23908231623174628,0.026079927319320184,0.0006801626089810233,-0.026079927319320184
DHORTS_reverse,b1062,pyrC,ECDH1ME8569_0997,8.873639191832538e-06,11.173671205384972,10.348013641056715,1.0148569925446753,1.0481958877340187,0.3019657891744248,0.03333889518934341,0.0011114819324460252,-0.03333889518934341
DHPPDA2,b0414,ribD,ECDH1ME8569_0399,4.165626823733886e-07,1.292196510331017,5.651650417364514,0.7521752907375736,0.11132856386246193,0.30299637947171565,0.6408467268751117,0.410684527346544,0.6408467268751117
DHPS2,b3177,folP,ECDH1ME8569_3066,4.3278871527791934e-07,1.4218623007958744,2.19265776069828,0.340970850446684,0.1528575395019323,0.19302294815997237,0.18811331094475173,0.03538661775459685,0.18811331094475173
DHQS,b3389,aroB,ECDH1ME8569_3268,1.515760666746113e-06,69.61996537094814,6.217213846294935,0.7935958055487312,1.8427338029297422,0.12616583377121246,1.049137997381011,1.1006905375486384,-1.049137997381011
DHQTi,b1693,aroD,ECDH1ME8569_1637,1.1100991510169853e-06,94.69563463540754,23.569004667177868,1.37234124240215,1.9763299589668244,0.20534319764369638,0.6039887165646745,0.3648023697374427,-0.6039887165646745
DMATT,b0421,ispA,ECDH1ME8569_0406,4.420965986014022e-07,1.1716121964277133,2.365429695988282,0.37391004471260036,0.06878388401816876,0.21462269561439046,0.3051261606944316,0.0931019739401241,0.3051261606944316
DMPPS,b0029,ispH,ECDH1ME8569_0026,4.713441631434499e-07,1.1609634196236298,3.9832676961785864,0.6002394942241653,0.06481853592644263,0.2843231301278302,0.5354209582977227,0.28667560258445174,0.5354209582977227
DPCOAK,b0103,coaE,ECDH1ME8569_0099,9.850495040293368e-08,2.595823860054197,14.033020268187178,1.1471511524712046,0.41427522002286565,0.21047507842970176,0.7328759324483389,0.5371071323620222,0.7328759324483389
DPR_num1,b0425,panE,ECDH1ME8569_0410,6.438012244584245e-08,3.4416938678346414,20.84269362964605,1.31895384480485,0.5367722380360314,0.14997515731973066,0.7821816067688185,0.6118080659674506,0.7821816067688185
DXPRIi,b0173,dxr,ECDH1ME8569_0166,1.3191635503537786e-07,5.942401631329199,14.12268788396128,1.1499173611690199,0.7739620012837662,0.23921999418342696,0.37595535988525364,0.14134243262645058,0.37595535988525364
DXPS,b0420,dxs,ECDH1ME8569_0405,6.244172328278268e-07,2.2390781832614968,19.86100324424571,1.2980011823484523,0.3500692583696655,0.142981373092444,0.9479319239787868,0.8985749324981244,0.9479319239787868
E4PD_num1,b2927,epd,ECDH1ME8569_2828,2.914228003421485e-07,1.2088343156072836,26.249424391992005,1.41911978446112,0.08236677997702699,0.09304819626057391,1.3367530044840932,1.78690859499725,1.3367530044840932
ECOAH1_num1,b3846,fadB,ECDH1ME8569_3723,4.7572553393314023e-07,205.15858504103846,147.19723706802708,2.167899658253035,2.3120896951169163,0.18821499577359768,0.14419003686388132,0.020790766730807455,-0.14419003686388132
ECOAH2_num1,b3846,fadB,ECDH1ME8569_3723,4.7572553393314023e-07,205.15858504103846,183.4110645863795,2.263425531682217,2.3120896951169163,0.19087683871163805,0.04866416343469915,0.0023682008027991097,-0.04866416343469915
ECOAH3_num1,b3846,fadB,ECDH1ME8569_3723,4.7572553393314023e-07,205.15858504103846,175.39422017804955,2.24401527782057,2.3120896951169163,0.192820127957321,0.06807441729634611,0.004634126290237067,-0.06807441729634611
ECOAH4_num1,b3846,fadB,ECDH1ME8569_3723,4.7572553393314023e-07,205.15858504103846,142.80504276779433,2.1547435436275393,2.3120896951169163,0.18562760993927538,0.15734615148937703,0.024757811388517986,-0.15734615148937703
ECOAH5_num1,b3846,fadB,ECDH1ME8569_3723,4.7572553393314023e-07,205.15858504103846,149.21543422851397,2.1738137470883845,2.3120896951169163,0.18922367096392465,0.13827594802853183,0.019120237803189236,-0.13827594802853183
ECOAH6_num1,b3846,fadB,ECDH1ME8569_3723,4.7572553393314023e-07,160.51309295878107,163.07261683266668,2.212381040397131,2.2055104633317577,0.20166330665801085,0.006870577065373418,4.72048292112352e-05,0.006870577065373418
ECOAH7_num1,b3846,fadB,ECDH1ME8569_3723,4.7572553393314023e-07,160.51309295878104,124.76673146725444,2.09609879795605,2.2055104633317577,0.19393557407025994,0.10941166537570757,0.011970912520285806,-0.10941166537570757
ENO,b2779,eno,ECDH1ME8569_2689,2.1044715490378184e-05,193.52482642417988,221.24666251125365,2.3448767281206955,2.2867366866025347,0.16827349521349594,0.05814004151816077,0.003380264427733458,0.05814004151816077
FACOAE120,b0452,tesB,ECDH1ME8569_0437,6.159732917756557e-07,35.480391994455466,30.444344423849675,1.4835066265702104,1.5499884093583505,0.2639506129463345,0.0664817827881401,0.004419827442689441,-0.0664817827881401
FACOAE160,b0452,tesB,ECDH1ME8569_0437,6.159732917756557e-07,57.5463542026671,12.015887357905216,1.079755848415961,1.760017814502412,0.22406679353162193,0.6802619660864508,0.4627563425038036,-0.6802619660864508
FBA3,b2925,fbaA,ECDH1ME8569_2826,1.7958548232298585e-05,19.05612119666928,7.525444850994417,0.8765321774382175,1.2800345062544305,0.28077164582479947,0.40350232881621295,0.16281412936010722,-0.40350232881621295
FBA_num1,b2097,fbaB,ECDH1ME8569_2031,1.8129735217538047e-07,8814.359616065245,12.80046972071771,1.107225906630118,3.945190765267016,0.00966505830976026,2.837964858636898,8.054044538857948,-2.837964858636898
FCLT,b0475,hemH,ECDH1ME8569_0459,6.438165678380548e-08,1.9452860349055063,3.882217105021385,0.5890798187587619,0.28898346902817434,0.27258524782673194,0.3000963497305876,0.09005781912162313,0.3000963497305876
FUM_num1,b1612,fumA,ECDH1ME8569_1555,3.008662377852203e-06,446.3730542137232,12.445138405052566,1.0949997308535198,2.6496979700704326,0.06535977527157397,1.5546982392169129,2.417086615024169,-1.5546982392169129
G1PACT,b3730,glmU,ECDH1ME8569_3618,1.2564927020864003e-06,21.52282838096459,43.75420376175831,1.6410197849658708,1.332899342716074,0.20676474134905168,0.30812044224979673,0.09493820693221032,0.30812044224979673
G1SAT,b0154,hemL,ECDH1ME8569_0148,3.932851012986989e-06,1.247592724406159,8.584808539317432,0.9337306138539354,0.09607283341480236,0.259554328171482,0.8376577804391331,0.7016705571302149,0.8376577804391331
G3PD2_reverse,b3608,gpsA,ECDH1ME8569_3493,1.0261783147236653e-06,37.97430077616545,114.99453998709744,2.0606772202686714,1.5794897859094472,0.10179167788317395,0.4811874343592242,0.23154134698521267,0.4811874343592242
G5SD,b0243,proA,ECDH1ME8569_0231,2.0286008041562178e-06,30.738857280669734,27.34608972257122,1.4368952343871912,1.4876877185337996,0.2787916351707859,0.05079248414660831,0.002579876445783456,-0.05079248414660831
G6PDH2r,b1852,zwf,ECDH1ME8569_1798,2.975173728874062e-06,382.27375514252316,347.6502209910525,2.541142509789991,2.582374482722052,0.08352646440252727,0.041231972932060934,0.0017000755918702055,-0.041231972932060934
GAPD,b1779,gapA,ECDH1ME8569_1723,4.076985676604439e-05,111.87941377252348,131.058387377272,2.117464819827499,2.0487501820825322,0.19835576129929064,0.06871463774496656,0.004721701440421983,0.06871463774496656
GARFT,b2500,purN,ECDH1ME8569_2426,7.640153997198038e-07,160.23695565898828,6.0668357811620535,0.7829622394964824,2.2047626852055022,0.07951420043150251,1.4218004457090199,2.0215165074183674,-1.4218004457090199
GART,b1849,purT,ECDH1ME8569_1795,2.7978462795299677e-06,1.2392732926673216,6.146310617577178,0.7886145045196059,0.09316709040294595,0.2964380716704456,0.69544741411666,0.4836471058015492,0.69544741411666
GCALDD,b1415,aldA,ECDH1ME8569_1358,4.890240115602106e-06,1.0373350262706178,13.23698363811969,1.121789032039872,0.015919042369892066,0.16014034135926344,1.10586998966998,1.2229484340526815,1.10586998966998
GF6PTA,b3729,glmS,ECDH1ME8569_3617,5.8167839630325035e-06,5.433168611854386,44.24447782463288,1.6458590739050933,0.7350531830498579,0.07508007494341314,0.9108058908552354,0.829567370816599,0.9108058908552354
GHMT2r,b2551,glyA,ECDH1ME8569_2478,2.2950564120388113e-05,14.2644468908323,6.771528549097139,0.8306867138118254,1.1542549363915164,0.2828060098779868,0.3235682225796911,0.10469639466338052,-0.3235682225796911
GLNS_num1,b3870,glnA,ECDH1ME8569_3741,2.042380162432324e-05,25.194132672400006,17.005642217984402,1.2305930377071526,1.4012994120240247,0.3074775347343004,0.1707063743168722,0.02914066623241208,-0.1707063743168722
GLU5K,b0242,proB,ECDH1ME8569_0230,1.4876682273218065e-06,41.552233815506256,17.691273605336676,1.2477590991539091,1.6185943760785095,0.27640424213848025,0.3708352769246004,0.13751880261174507,-0.3708352769246004
GLUDy_reverse,b1761,gdhA,ECDH1ME8569_1705,1.3466588675299861e-05,174.30686657817722,56.03777973751423,1.748480919853426,2.2413144958780538,0.11359309601099657,0.49283357602462785,0.24288493365722263,-0.49283357602462785
GLUPRT,b2312,purF,ECDH1ME8569_2250,2.171204281312229e-06,57.34151391121697,6.814277161963767,0.8334197939608693,1.758469154857557,0.15380530808628706,0.9250493608966878,0.8557163200953705,-0.9250493608966878
GLUR_reverse,b3967,murI,ECDH1ME8569_3835,2.056176968946941e-07,37.882243203394225,24.16269712067557,1.3831454100504725,1.5784356879133714,0.27489603690483,0.19529027786289888,0.03813829262776825,-0.19529027786289888
GLUTRS,b2400,gltX,ECDH1ME8569_2336,4.362130365738859e-06,1.2232270050058527,2.1882663121346906,0.3401001745409583,0.08750706036662848,0.19943441596209868,0.25259311417432984,0.06380328132828603,0.25259311417432984
GMPS2,b2507,guaA,ECDH1ME8569_2434,6.940845852180162e-06,10.582794384359772,4.678269524939144,0.6700852388117192,1.024600358197291,0.23806057019105456,0.3545151193855717,0.12568096987296615,-0.3545151193855717
GND,b2029,gnd,ECDH1ME8569_1965,1.29208059883338e-05,88.79294889447353,59.260081015299136,1.7727622408745978,1.9483784795420456,0.16802589555769235,0.1756162386674478,0.030841063283701987,-0.1756162386674478
GRTT,b0421,ispA,ECDH1ME8569_0406,4.420965986014022e-07,1.1716121964277133,2.2218709635078744,0.34671883342404936,0.06878388401816876,0.20321669513925267,0.2779349494058806,0.07724783610124941,0.2779349494058806
HACD1_num1,b3846,fadB,ECDH1ME8569_3723,4.7572553393314023e-07,205.15858504103846,184.3342791237847,2.2656061048880396,2.3120896951169163,0.1905775228795415,0.046483590228876714,0.0021607241605661226,-0.046483590228876714
HACD2_num2,b2341,fadJ,ECDH1ME8569_2279,1.5596137430016718e-07,623.7404208990635,138.41936379656752,2.1411968488039204,2.795003888999987,0.040091133956526685,0.6538070401960665,0.4274636458099409,-0.6538070401960665
HACD3_num1,b3846,fadB,ECDH1ME8569_3723,4.7572553393314023e-07,205.15858504103846,158.4338139710739,2.1998478770882577,2.3120896951169163,0.19242799392802734,0.11224181802865862,0.012598225714378516,-0.11224181802865862
HACD4_num1,b3846,fadB,ECDH1ME8569_3723,4.7572553393314023e-07,205.15858504103846,137.91183534741785,2.1396015381520264,2.3120896951169163,0.18210699709081213,0.17248815696488995,0.029752164293144513,-0.17248815696488995
HACD5_num1,b3846,fadB,ECDH1ME8569_3723,4.7572553393314023e-07,205.15858504103846,181.0708168199096,2.2578484607206595,2.3120896951169163,0.19156821750845754,0.05424123439625683,0.0029421115088296753,-0.05424123439625683
HACD6_num1,b3846,fadB,ECDH1ME8569_3723,4.7572553393314023e-07,160.51309295878104,159.01134457561142,2.2014281099231585,2.2055104633317577,0.20282244259050292,0.004082353408599193,1.666560935270145e-05,-0.004082353408599193
HACD7_num1,b3846,fadB,ECDH1ME8569_3723,4.7572553393314023e-07,160.51309295878104,161.2997806529204,2.207633776804392,2.2055104633317577,0.2022171156331533,0.0021233134726341696,4.508460103069777e-06,0.0021233134726341696
HISTD,b2020,hisD,ECDH1ME8569_1956,3.848313465621431e-06,7.718530594552376,21.42908200639428,1.3310035668375955,0.8875346299448462,0.21349065923479651,0.44346893689274924,0.19666469798878522,0.44346893689274924
HISTP,b2022,hisB,ECDH1ME8569_1958,3.467198272723999e-06,8.457032947784814,16.347395303863102,1.2134485646247921,0.9272180225639811,0.2560670666929241,0.286230542060811,0.0819279232084257,0.286230542060811
HMBS,b3805,hemC,ECDH1ME8569_3684,9.497308948664064e-07,1.1281606850756842,4.274549053928704,0.6308903053284386,0.052370961058413115,0.28731458499562823,0.5785193442700255,0.33468463169462026,0.5785193442700255
HPPK2,b0142,folK,ECDH1ME8569_0136,4.1277896344307443e-07,1.4423123738252532,2.431772343445788,0.38592291492096803,0.15905932941030204,0.2131542449562796,0.226863585510666,0.05146708643075526,0.226863585510666
HSDy_reverse_num1,b3940,metL,ECDH1ME8569_3809,1.5296301178129763e-06,125.55711368881882,31.850187825738136,1.50311199778412,2.098841323566498,0.17107139992130896,0.5957293257823781,0.35489342959712683,-0.5957293257823781
HSK,b0003,thrB,ECDH1ME8569_0003,2.1396117705300113e-06,70.41556373054449,26.25471307196028,1.419207276405393,1.8476686604951127,0.22333306598189698,0.4284613840897198,0.18357915765607838,-0.4284613840897198
HSST,b4013,metA,ECDH1ME8569_3869,3.2429483657208334e-06,13.952397181040695,12.915316825770354,1.111105064322429,1.1446488307678995,0.30866483924530336,0.033543766445470524,0.0011251842673482742,-0.033543766445470524
HSTPT,b2021,hisC,ECDH1ME8569_1957,3.97848079594414e-06,7.498714731151483,18.752205609485745,1.2730523562074263,0.874986832324766,0.2285039180986362,0.39806552388266025,0.15845616130397677,0.39806552388266025
ICDHyr,b1136,icd,ECDH1ME8569_1071,3.2195172044708184e-05,42.894643862803974,51.23848941722967,1.7095963176489177,1.632403066402628,0.2077149966243868,0.07719325124628984,0.0059587980379728275,0.07719325124628984
ICYSDS,b2530,iscS,ECDH1ME8569_2457,1.2873431638154276e-05,1.0382651484519527,5.703054056849126,0.7561074880992248,0.016308276252995666,0.2799125003854978,0.7397992118462291,0.5473028738483018,0.7397992118462291
IGPDH,b2022,hisB,ECDH1ME8569_1958,3.467198272723999e-06,8.457032947784816,9.33445294622607,0.9700888708231743,0.9272180225639812,0.2880800635308107,0.04287084825919307,0.0018379096304627577,0.04287084825919307
IGPS,b1262,trpC,ECDH1ME8569_1202,1.8347964505556066e-06,9.454922414506061,8.217955049573263,0.9147637614359911,0.9756579694486269,0.29385076863669013,0.06089420801263579,0.0037081045694861564,-0.06089420801263579
ILETA_reverse,b3770,ilvE,ECDH1ME8569_3651,4.890362137537153e-06,17.213209567415316,19.14141526002634,1.2819740450864368,1.2358618562344135,0.3024673565741648,0.046112188852023284,0.00212633396072466,0.046112188852023284
IMPC_reverse,b4006,purH,ECDH1ME8569_3866,6.116183714588418e-06,25.218221002989974,7.228813693714475,0.8590670319354605,1.4017144463990125,0.2519956014889529,0.542647414463552,0.294466216423978,-0.542647414463552
IPDPS,b0029,ispH,ECDH1ME8569_0026,4.713441631434499e-07,2.222279779947778,4.010516234801392,0.603200278728806,0.34679873473015316,0.26631657314105156,0.25640154399865284,0.06574175176489311,0.25640154399865284
IPMD,b0073,leuB,ECDH1ME8569_0071,8.915171056584879e-06,14.79162773462852,31.766349667515858,1.5019673120780908,1.1700159682680005,0.2296474551334855,0.3319513438100903,0.11019169465732477,0.3319513438100903
IPPS,b0074,leuA,ECDH1ME8569_0072,5.383628621593036e-06,23.838633391203484,13.055010103342116,1.1157772122619147,1.3772813547732676,0.3080816907395494,0.2615041425113529,0.06838441655059797,-0.2615041425113529
KARA1_reverse,b3774,ilvC,ECDH1ME8569_3655,3.460310917334048e-05,7.895257412589946,4.351377230932785,0.6386267349155476,0.8973662940713492,0.23135117955329357,0.2587395591558016,0.06694615947213856,-0.2587395591558016
KARA2,b3774,ilvC,ECDH1ME8569_3655,3.460310917334048e-05,3.2913682640266844,5.126662738994072,0.7098347480213308,0.5173764772767337,0.26389637609870226,0.1924582707445971,0.037040185978000635,0.1924582707445971
KDOCT2,b0918,kdsB,ECDH1ME8569_0869,1.0780342546512547e-06,10.850800411444506,3.364970830336512,0.5269813038411845,1.0354617751847666,0.1673124792328828,0.5084804713435821,0.25855238973779143,-0.5084804713435821
KDOPP,b3198,kdsC,ECDH1ME8569_3087,8.243088035913852e-08,129.82915034999434,4.46358608122286,0.6496839146536452,2.113372214920394,0.07097481589639051,1.4636883002667487,2.1423834403377637,-1.4636883002667487
KDOPS,b1215,kdsA,ECDH1ME8569_1154,4.83349216310118e-06,3.1970657903076765,13.920536893639676,1.14365598566596,0.5047515734232672,0.2157271807727504,0.6389044122426929,0.40819884798318085,0.6389044122426929
LEUTAi_num1,b3770,ilvE,ECDH1ME8569_3651,4.890362137537153e-06,26.142252648159715,20.37587159145481,1.3091161950445689,1.4173430075182125,0.3015052048782334,0.10822681247364363,0.011713042938205225,-0.10822681247364363
LPADSS,b0182,lpxB,ECDH1ME8569_0175,1.0927030997217691e-07,49.592798363864134,1.8031547880051564,0.256033009412967,1.6954186148387154,0.03837290948442481,1.4393856054257483,2.071830921106848,-1.4393856054257483
MALS_num1,b4014,aceB,ECDH1ME8569_3870,8.66510307332892e-06,1.0210704063922338,51.25528837156924,1.7097386812810162,0.009055689249901544,0.04768172355021809,1.7006829920311146,2.892322639383904,1.7006829920311146
MDH,b3236,mdh,ECDH1ME8569_3124,3.1973528331401056e-05,42.902689687486046,671.2962127610294,2.8269141970409817,1.6324845201524691,0.01675683603920409,1.1944296768885125,1.4266622530319966,1.1944296768885125
MECDPS,b2746,ispF,ECDH1ME8569_2656,1.2788094500036366e-07,6.098364016030686,3.0751820818807536,0.4878708354984066,0.7852133441741792,0.16751728823957374,0.2973425086757726,0.08841256746560192,-0.2973425086757726
MEPCT,b2747,ispD,ECDH1ME8569_2657,3.6863362131747355e-07,2.7686493326238244,7.5097150104329,0.875623456079421,0.4422679530187811,0.2835260665913181,0.43335550306063997,0.18779699203294034,0.43335550306063997
METAT,b2942,metK,ECDH1ME8569_2842,1.3188049262789714e-05,1.018583020386736,5.421570929832523,0.734125143974899,0.007996432282130721,0.2793103166962528,0.7261287116927683,0.5272629059445993,0.7261287116927683
METS_num1,b4019,metH,ECDH1ME8569_3875,1.5254020118471744e-06,28.61647023323974,8.826679963488179,0.945797380284993,1.4566160636387928,0.26701339610038627,0.5108186833537998,0.26093572726330955,-0.5108186833537998
MOAT,b3633,waaA,ECDH1ME8569_3518,5.485437198781638e-07,10.67972095426462,1.7052686719772603,0.2317928135717794,1.0285599053511243,0.04595033781870577,0.7967670917793449,0.634837798542515,-0.7967670917793449
MOBDtex_num2,b0929,ompF,ECDH1ME8569_0880,5.8940462576449e-07,1.0597305753070199,8.313601143345785,0.919789184784197,0.025195464764402015,0.24248194189497907,0.894593720019795,0.8002979238988553,0.894593720019795
MOCOS,b0827,moeA,ECDH1ME8569_0780,1.2728767258595469e-06,1.0261573661983627,3.6639343600557828,0.563947684613466,0.011213967043763744,0.26800497507581905,0.5527337175697022,0.30551456253842335,0.5527337175697022
MOHMT,b0134,panB,ECDH1ME8569_0128,4.213372858378429e-06,1.0373089578041654,6.66682533759799,0.8239190773078,0.01590812831310021,0.26792014020322436,0.8080109489946998,0.6528816936953155,0.8080109489946998
MPTAT,b0009,mog,ECDH1ME8569_0009,1.3008193227803616e-07,1.5119097181385108,5.876476989211893,0.7691170399050069,0.17952585856935846,0.30895531910649504,0.5895911813356485,0.3476177611087655,0.5895911813356485
MTHFC,b0529,folD,ECDH1ME8569_0514,3.174898649461087e-06,85.99277113920553,22.264401788988646,1.3476110307840425,1.9344619444260482,0.2141062282587581,0.5868509136420057,0.3443939948424568,-0.5868509136420057
MTHFD,b0529,folD,ECDH1ME8569_0514,3.174898649461087e-06,85.99277113920553,29.911557698392475,1.475839030289795,1.9344619444260482,0.2008007757841211,0.4586229141362532,0.2103349773708291,-0.4586229141362532
MTHFR2,b3941,metF,ECDH1ME8569_3810,5.872358849449992e-06,8.17364526485759,9.147219758553272,0.9612891129738125,0.912415785460488,0.28647177444120037,0.048873327513324516,0.002388602142224683,0.048873327513324516
NADS1,b1740,nadE,ECDH1ME8569_1684,4.951373149844976e-06,1.1255592144480386,15.091640140625293,1.178736440923075,0.05136834769865472,0.14833618137216695,1.1273680932244203,1.2709588176204654,1.1273680932244203
NI2tpp,b3816,corA,ECDH1ME8569_3695,1.0425028021381693e-06,1.0845562703733145,29.524666801723445,1.4701850051174095,0.03525208957165439,0.08283081233302378,1.434932915545755,2.059032472116641,1.434932915545755
NNATr,b0639,nadD,ECDH1ME8569_0608,2.2452753401495388e-07,3.7688832278906177,10.504255185654484,1.0213652637645358,0.5762126818198968,0.25211701961309957,0.445152581944639,0.19816082121197856,0.445152581944639
NNDPR,b0109,nadC,ECDH1ME8569_0103,6.739613392715514e-07,1.9224424116160694,7.429774912032175,0.8709756568368728,0.28385333901080984,0.29853441049799495,0.587122317826063,0.3447126160894485,0.587122317826063
OCBT_num1,b4254,argI,ECDH1ME8569_4108,2.0962630407034523e-06,39.508905382669944,78.5526604066875,1.8951608982286763,1.596694997465511,0.15586420174162183,0.29846590076316537,0.08908189391836768,0.29846590076316537
OCTDPS,b3187,ispB,ECDH1ME8569_3076,7.370863494625745e-07,1.0825670982866313,2.286307458635589,0.3591346331503254,0.03445482374368346,0.20841557221741686,0.32467980940664193,0.10541697863633333,0.32467980940664193
OGMEACPS,b1091,fabH,ECDH1ME8569_1026,3.0173048494154176e-06,1.000180896986572,12.302024819301447,1.089976598876543,7.855545805251541e-05,0.16746314986825628,1.0898980434184906,1.187877745047454,1.0898980434184906
OHPBAT,b0907,serC,ECDH1ME8569_0858,1.1960560686817822e-05,1.005088313387255,9.932112797446202,0.9970416431248028,0.002204223280588263,0.20473572711177385,0.9948374198442146,0.9897014919222941,0.9948374198442146
OMPDC,b1281,pyrF,ECDH1ME8569_1222,2.8674797518942317e-06,32.48321709099628,6.463659433772006,0.8104784656610207,1.5116590345986507,0.20631304975653708,0.70118056893763,0.49165419025569856,-0.70118056893763
OPHHX,b3835,ubiB,ECDH1ME8569_3714,6.497241700410439e-08,1.9366910431847737,2.32012711235355,0.36551177915015404,0.28706034403246344,0.1792087070390389,0.0784514351176906,0.006154627672025217,0.0784514351176906
ORPT_reverse,b3642,pyrE,ECDH1ME8569_3527,1.3001427900387038e-07,695.3659436840379,10.806369324121428,1.0336798061318333,2.842213416815632,0.04997142465339011,1.8085336106837986,3.2707938209729774,-1.8085336106837986
P5CR,b0386,proC,ECDH1ME8569_0372,1.832651767422726e-06,33.918566891239664,15.62523454081962,1.1938265449933456,1.5304374943990966,0.2910345482644482,0.336610949405751,0.11330693125984105,-0.336610949405751
PANTS,b0133,panC,ECDH1ME8569_0127,2.3836102374647256e-06,1.0659489323026468,8.685505718888304,0.938795110581435,0.027736398920929037,0.23644857903723585,0.911058711660506,0.830027976092501,0.911058711660506
PDX5POi,b1638,pdxH,ECDH1ME8569_1582,1.2796259284368166e-06,1.047560056192481,2.0470762277977705,0.3111340149612618,0.0201789302782823,0.1885084812613302,0.2909550846829795,0.08465486130287976,0.2909550846829795
PE160abcpp,b0914,msbA,ECDH1ME8569_0865,1.0785790518083713e-06,12.625623511905605,5.01209495451174,0.7000192901413158,1.1012528347981063,0.24309061798264103,0.4012335446567905,0.1609883573578527,-0.4012335446567905
PE161abcpp,b0914,msbA,ECDH1ME8569_0865,1.0785790518083713e-06,6.328769232593306,6.707692235080476,0.8265731279244238,0.8013192601810248,0.2731915625998246,0.025253867743398994,0.0006377578360010882,0.025253867743398994
PERD,b2320,pdxB,ECDH1ME8569_2258,1.9051812448249516e-06,1.0319439849762968,28.236539910718868,1.4508114774453547,0.013656123961798893,0.08360064080205269,1.4371553534835557,2.065415510046444,1.4371553534835557
PFK_3,b3916,pfkA,ECDH1ME8569_3785,2.893655346705464e-06,113.05955255445275,26.335845338786683,1.4205472630799911,2.0533072623595796,0.1884007460619975,0.6327599992795885,0.4003852166883048,-0.6327599992795885
PFK_num1,b3916,pfkA,ECDH1ME8569_3785,2.893655346705464e-06,553.1869644846462,56.6427587729414,1.7531443974127812,2.742871937671748,0.052872060347196104,0.9897275402589667,0.9795606039470646,-0.9897275402589667
PGAMT_reverse,b3176,glmM,ECDH1ME8569_3065,2.9692515063806644e-06,9.684607562357078,99.08113730492408,1.9959909830007796,0.9860820270214795,0.04931253491057711,1.0099089559793,1.0199160993671996,1.0099089559793
PGCD,b2913,serA,ECDH1ME8569_2814,1.7601856919124743e-05,27.63966779368411,63.30590371236547,1.801444212863269,1.441532818867252,0.1609696934472251,0.359911393996017,0.1295362115281562,0.359911393996017
PGI,b4025,pgi,ECDH1ME8569_3881,5.228366551809862e-06,315.32802227680287,912.8647341094598,2.960406429689838,2.498762566940157,0.012318045729407857,0.4616438627496806,0.21311505601444594,0.4616438627496806
PGK_reverse,b2926,pgk,ECDH1ME8569_2827,2.2411635961970314e-05,202.7049458361508,224.3152789441185,2.350858855995489,2.306864345255142,0.16691558659393002,0.04399451074034699,0.0019355169752825069,0.04399451074034699
PHETA1_reverse_num1,b4054,tyrB,ECDH1ME8569_3911,3.7719607785032306e-06,14.40438027298693,103.91706951228495,2.016686891023123,1.158494578144947,0.059943076054739336,0.8581923128781759,0.7364940458831929,0.8581923128781759
PMEACPE,b3412,bioH,ECDH1ME8569_3291,1.4496739857570936e-07,1.0037651317480834,62.56071571853443,1.7963017085753221,0.0016321053205209084,0.03434526016181887,1.7946696032548013,3.220838984846746,1.7946696032548013
PNTK,b3974,coaA,ECDH1ME8569_3838,4.1214272413120955e-07,1.3814128965101222,5.450848428177114,0.7364641057625149,0.14032350614894498,0.30685448649064867,0.5961405996135699,0.3553836145076267,0.5961405996135699
PPBNGS,b0369,hemB,ECDH1ME8569_0356,1.5053763306134182e-06,1.323422547965858,7.326814933985954,0.864915221952034,0.12169852971344772,0.28733926316477976,0.7432166922385862,0.5523710516220653,0.7432166922385862
PPC,b3956,ppc,ECDH1ME8569_3824,9.239368903896469e-06,88.41293965758658,16.65387283105563,1.2215152440630217,1.9465158307442745,0.20292388617729606,0.7250005866812528,0.5256258506881607,-0.7250005866812528
PPCDC,b3639,dfp,ECDH1ME8569_3524,5.179613561834862e-07,1.303490884618756,4.607010805175384,0.6634192308379938,0.11510799847050301,0.2998890877565328,0.5483112323674908,0.3006452075403565,0.5483112323674908
PPNCL2,b3639,dfp,ECDH1ME8569_3524,5.179613561834862e-07,1.303490884618756,4.904623815405333,0.6906057026111952,0.11510799847050301,0.30258023514030385,0.5754977041406922,0.33119760747120774,0.5754977041406922
PPND,b2600,tyrA,ECDH1ME8569_2521,1.746092938616221e-06,22.587711065758505,21.188481751943275,1.3260998387128757,1.3538722237545318,0.30208090966674933,0.027772385041656023,0.0007713053709019992,-0.027772385041656023
PPNDH,b2599,pheA,ECDH1ME8569_2520,3.433097047918728e-06,15.727459184557853,24.699095939892565,1.3926810570855135,1.1966585667901672,0.2741583332856189,0.19602249029534624,0.038424816701589114,0.19602249029534624
PPPGO3,b3850,hemG,ECDH1ME8569_3727,3.952211315771894e-07,1.1539874166620174,1.8509466444044955,0.2673938999119085,0.06220107320095634,0.16772099650288444,0.20519282671095215,0.042104096133630836,0.20519282671095215
PRAGSr,b4005,purD,ECDH1ME8569_3865,3.472297973932126e-06,36.229965036991956,10.93578983039589,1.0388501551464144,1.5590679149274767,0.26640567103103246,0.5202177597810622,0.270626517591627,-0.5202177597810622
PRAIS,b2499,purM,ECDH1ME8569_2425,5.738671437268987e-06,22.316595235823897,5.2797952906517605,0.7226170843020286,1.3486279365430554,0.20795983616618602,0.6260108522410267,0.39188958712353655,-0.6260108522410267
PRAIi,b1262,trpC,ECDH1ME8569_1202,1.8347964505556066e-06,9.454922414506061,7.062540363083929,0.8489609428684906,0.9756579694486269,0.2882407069752449,0.12669702658013637,0.016052136544247784,-0.12669702658013637
PRAMPC,b2026,hisI,ECDH1ME8569_1962,3.6587669637738274e-06,8.066591562731661,2.9608757261326613,0.4714201795650982,0.9066900677843578,0.151805806103839,0.4352698882192596,0.18945987559040675,-0.4352698882192596
PRATPP,b2026,hisI,ECDH1ME8569_1962,3.6587669637738274e-06,8.066591562731658,4.875158224763863,0.6879887154246546,0.9066900677843576,0.2492353123140273,0.218701352359703,0.04783028152396297,-0.218701352359703
PRFGS,b2557,purL,ECDH1ME8569_2484,4.321541854153945e-06,29.306780391832127,2.5935724240645577,0.41389837993031,1.466968109981804,0.06977709582628297,1.053069730051494,1.1089558563507265,-1.053069730051494
PRMICI,b2024,hisA,ECDH1ME8569_1960,2.238339605712914e-06,12.550978095645414,9.450962380793802,0.975476034476193,1.0986775716329589,0.3058325574557818,0.12320153715676585,0.015178618757789957,-0.12320153715676585
PSCVT,b0908,aroA,ECDH1ME8569_0859,3.3572564382961886e-06,31.98108421993211,53.48126807983051,1.7282016961506044,1.504893183073502,0.19713923144791234,0.22330851307710242,0.04986669201270642,0.22330851307710242
PSD160,b4160,psd,ECDH1ME8569_4020,2.4926944614070883e-06,7.986625211271868,6.8241621427538,0.8340493371610322,0.9023633047535464,0.2816102446108992,0.06831396759251418,0.004666798168231077,-0.06831396759251418
PSERT,b0907,serC,ECDH1ME8569_0858,1.1960560686817822e-05,40.204484902973135,16.005709599445634,1.2042749329813796,1.6042745023374558,0.2781318277337161,0.3999995693560763,0.15999965548504647,-0.3999995693560763
PSP_L,b4388,serB,ECDH1ME8569_4244,4.819018161138916e-07,974.0355960447818,24.389448688619684,1.38720198341351,2.9885748284220917,0.04618762642549994,1.6013728450085816,2.5643949887308786,-1.6013728450085816
PSSA160,b2585,pssA,ECDH1ME8569_2512,1.0241189817817453e-06,18.005369764522154,12.533887672611028,1.098085798279718,1.2554020446210854,0.3139711478460435,0.15731624634136732,0.024748401362937766,-0.15731624634136732
PSSA161,b2585,pssA,ECDH1ME8569_2512,1.0241189817817453e-06,21.043280180975486,13.421683653314794,1.1278069983575763,1.3231134376424674,0.3127126667082992,0.1953064392848911,0.03814460522614286,-0.1953064392848911
PTAr_reverse_num1,b2297,pta,ECDH1ME8569_2234,3.211154037063702e-06,50.512171937591816,1079.8922112895868,3.033380408840355,1.7033960428388508,0.018172066279861933,1.3299843660015043,1.7688584138084233,1.3299843660015043
PTPATi,b3634,coaD,ECDH1ME8569_3519,5.199461676609857e-07,1.3023323566237954,13.162268354575422,1.1193307410243192,0.11472183079763153,0.1864589862013263,1.0046089102266877,1.0092390625068532,1.0046089102266877
PUNP1_reverse,b4384,deoD,ECDH1ME8569_4240,3.975782038776704e-06,1.046196920279761,38.153507000445735,1.5815344636785933,0.01961343724802756,0.06733196382435935,1.5619210264305656,2.4395972928059115,1.5619210264305656
QULNS,b0750,nadA,ECDH1ME8569_0703,7.010162412704121e-07,1.8868418255288804,12.19941375356894,1.0863389610265948,0.2757354946645414,0.2274654493456737,0.8106034663620534,0.6570779796781766,0.8106034663620534
RBFK,b0025,ribF,ECDH1ME8569_0022,6.134534430843466e-07,1.099207334717744,3.3610273927879137,0.5264720520375095,0.04107961765653668,0.26443890490007793,0.4853924343809728,0.23560581535428698,0.4853924343809728
RBFSa,b1662,ribC,ECDH1ME8569_1607,1.841209230966637e-06,1.1322154593584455,2.002657745256641,0.3016067345921411,0.053929080479885955,0.1839218976069265,0.24767765411225515,0.0613442203465499,0.24767765411225515
RPE_num2,b3386,rpe,ECDH1ME8569_3265,1.2061616949300347e-06,452.3915054191673,38.90204421387381,1.5899724231118035,2.6555144415579774,0.07560364513199255,1.065542018446174,1.1353797930743463,-1.065542018446174
RPI_reverse_num1,b2914,rpiA,ECDH1ME8569_2815,5.416080785323575e-06,107.91154783387933,168.62793666452848,2.2269295260074298,2.033067921904235,0.16941641696058632,0.19386160410319464,0.03758232154546377,0.19386160410319464
SDPDS,b2472,dapE,ECDH1ME8569_2397,3.457281280678015e-07,293.81951526280864,46.08478110137006,1.6635575289704843,2.468080637912647,0.09299723087636841,0.804523108942163,0.6472574328219634,-0.804523108942163
SDPTA_reverse,b3359,argD,ECDH1ME8569_3239,7.0882012256353525e-06,15.28231784777774,24.57285608239954,1.390455637096238,1.1841892280720623,0.2723686887729814,0.2062664090241757,0.04254583149172855,0.2062664090241757
SERAT,b3607,cysE,ECDH1ME8569_3492,1.4450855785721743e-06,47.81170197347202,66.20082512376355,1.8208634024980712,1.6795342037361791,0.1844336005675178,0.1413291987618921,0.0199739424226784,0.1413291987618921
SHCHD2,b3368,cysG,ECDH1ME8569_3248,1.495915530877304e-07,1.4068350104375136,5.101502623123417,0.7076981142967896,0.14824316761378903,0.30645164081948384,0.5594549466830006,0.312989837368079,0.5594549466830006
SHCHF,b3368,cysG,ECDH1ME8569_3248,1.495915530877304e-07,1.4068350104375136,4.756275150136654,0.6772669705743989,0.14824316761378903,0.3036421425976609,0.5290238029606098,0.2798661840989061,0.5290238029606098
SHKK_num1,b3390,aroK,ECDH1ME8569_3269,2.814179466658837e-06,37.9597766222963,42.28588255456343,1.6261953992426912,1.5793236481180177,0.22992304611769157,0.046871751124673455,0.0021969610534933273,0.046871751124673455
SHSL1,b3939,metB,ECDH1ME8569_3808,2.2937562855426852e-06,19.312300890539134,18.32748599911786,1.2631028964084785,1.2858340192240083,0.30801707693110625,0.022731122815529803,0.0005167039444546995,-0.022731122815529803
THDPS,b0166,dapD,ECDH1ME8569_0159,1.3667523546062116e-05,8.407043604669695,25.760178258115,1.4109488639768988,0.9246432999707876,0.19472682856523485,0.48630556400611114,0.23649310158330186,0.48630556400611114
THRS,b0004,thrC,ECDH1ME8569_0004,1.0849900237415586e-05,14.68882238231775,25.178091516528816,1.4010228077713487,1.166986979359917,0.2656478722687618,0.23403582841143167,0.05477276898022509,0.23403582841143167
TKT1,b2465,tktB,ECDH1ME8569_2390,1.6561013134250125e-06,196.79824058469148,250.70682916785964,2.3991661641517643,2.294021211433862,0.14408603510555987,0.10514495271790247,0.011055461082049947,0.10514495271790247
TKT2,b2465,tktB,ECDH1ME8569_2390,1.6561013134250125e-06,133.95649129062704,172.4277124448809,2.2366070665622617,2.1269637635835976,0.18807869887624165,0.10964330297866409,0.01202165388807113,0.10964330297866409
TMDS,b2827,thyA,ECDH1ME8569_2734,7.176539239371992e-07,10.95045180810895,3.187705194032194,0.5034781500750045,1.0394320382373823,0.1544740904277192,0.5359538881623778,0.2872465702363705,-0.5359538881623778
TMPK,b0417,thiL,ECDH1ME8569_0402,3.84957701497387e-07,1.1580929042985357,13.033785196656217,1.1150705593267887,0.0637434006744643,0.17581375096976523,1.0513271586523243,1.1052887945199694,1.0513271586523243
TPI,b3919,tpiA,ECDH1ME8569_3788,1.3325617515451127e-05,160.35640944903216,2550.118070749126,3.4065602887820825,2.2050863233708884,0.01235758008506697,1.2014739654111941,1.4435396895608992,1.2014739654111941
TRPAS2_reverse,b3708,tnaA,ECDH1ME8569_3596,1.9815387631050252e-07,79.28795441553791,8.179834723816292,0.9127445287006967,1.8992072134434528,0.1433306819734519,0.9864626847427561,0.9731086283898862,-0.9864626847427561
TYRTA_reverse_num1,b4054,tyrB,ECDH1ME8569_3911,3.7719607785032306e-06,10.993250743122994,67.94636267487431,1.8321662129079257,1.0411261338289213,0.0808261997661158,0.7910400790790044,0.6257444067093175,0.7910400790790044
U23GAAT,b0179,lpxD,ECDH1ME8569_0172,2.2493851603928657e-06,5.721067990603754,9.5166890480412,0.9784858792383194,0.7574771090606466,0.26607885162593586,0.22100877017767284,0.048844876495447415,0.22100877017767284
UAAGDS,b0085,murE,ECDH1ME8569_0082,1.6360372420409827e-06,5.635372416297314,18.872580096438483,1.2758312772210252,0.7509226218902884,0.19920928672906707,0.5249086553307368,0.2755290964411223,0.5249086553307368
UAGCVT,b3189,murA,ECDH1ME8569_3078,2.009004094973868e-06,4.774826503721263,5.076252542036443,0.7055432199799202,0.6789575958474329,0.25147856768914983,0.02658562413248733,0.0007067954105138926,0.02658562413248733
UAGDP,b3730,glmU,ECDH1ME8569_3618,1.2564927020864003e-06,21.52282838096459,22.20698641274761,1.346489626845891,1.332899342716074,0.29897433285598507,0.013590284129816999,0.00018469582272915576,0.013590284129816999
UAMAGS,b0088,murD,ECDH1ME8569_0085,6.874691667264841e-07,12.031246593796878,31.30716609586964,1.4956437573445527,1.0803106282341695,0.20708570609016816,0.4153331291103832,0.17250160813662227,0.4153331291103832
UAMAS,b0091,murC,ECDH1ME8569_0088,1.1443420218049946e-06,7.627076310481082,9.569400431958384,0.9808847280329427,0.8823580916168577,0.2812129926445862,0.09852663641608495,0.009707498083467396,0.09852663641608495
UAPGR,b3972,murB,ECDH1ME8569_3836,5.766194698799266e-07,14.151900516593896,9.100284157183054,0.9590549534166829,1.1508147669588904,0.30616189254264076,0.1917598135422075,0.036771826089742186,-0.1917598135422075
UDCPDPS,b0174,ispU,ECDH1ME8569_0167,1.7898445806001922e-07,1.0838625175620764,1.792139322558106,0.2533717690907233,0.03497419765365235,0.16280427617550916,0.21839757143707095,0.04769749920961051,0.21839757143707095
UGMDDS,b0086,murF,ECDH1ME8569_0083,7.378965847726051e-07,11.277377698026516,16.924028671180288,1.2285037524028661,1.0522081259173675,0.28126819181284934,0.17629562648549868,0.031080147917914462,0.17629562648549868
UHGADA,b0096,lpxC,ECDH1ME8569_0093,4.2125929289100944e-07,26.208940095755676,7.179556845612014,0.8560976384700243,1.4184494581891742,0.247093021287312,0.5623518197191499,0.3162395691414393,-0.5623518197191499
UPP3MT_num1,b3803,hemX,ECDH1ME8569_3682,1.3689278603606276e-06,1.0444574786035679,32.23765169230465,1.5083633986970095,0.018890763910646563,0.07688537790009506,1.489472634786363,2.21852872977743,1.489472634786363
UPP3S,b3804,hemD,ECDH1ME8569_3683,9.009420005175802e-08,2.3510099657213868,4.7073796432363615,0.6727792249294848,0.37125447006438356,0.2801773021435336,0.3015247548651013,0.09091717779645941,0.3015247548651013
UPPDC1,b3997,hemE,ECDH1ME8569_3857,1.1359625448865124e-06,1.0535749011582867,26.08351028530372,1.4163660377865026,0.022665416074557337,0.0888035204677407,1.3937006217119452,1.9424014229602626,1.3937006217119452
VALTA_reverse,b3770,ilvE,ECDH1ME8569_3651,4.890362137537153e-06,24.614903114548298,22.90946250822567,1.360014900082023,1.3911981307080084,0.29684474656435744,0.03118323062598538,0.0009723938722733926,-0.03118323062598538
