Strain,Method,Glycolysis(Serine through glycolysis)_true,Glycolysis(Serine through glycolysis)_pred,Glycolysis(Serine through glycolysis)_abs_error,Glycolysis(Serine through glycolysis)_ratio,Glycolysis(Serine through glycolysis)_rel_error,ED pathway(PYR through ED) _true,ED pathway(PYR through ED) _pred,ED pathway(PYR through ED) _abs_error,ED pathway(PYR through ED) _ratio,ED pathway(PYR through ED) _rel_error,"PP pathway(PEP through PP pathway, upper bound)  _true","PP pathway(PEP through PP pathway, upper bound)  _pred","PP pathway(PEP through PP pathway, upper bound)  _abs_error","PP pathway(PEP through PP pathway, upper bound)  _ratio","PP pathway(PEP through PP pathway, upper bound)  _rel_error",Gluco-neogenesis(PEP from oxaloacetate)_true,Gluco-neogenesis(PEP from oxaloacetate)_pred,Gluco-neogenesis(PEP from oxaloacetate)_abs_error,Gluco-neogenesis(PEP from oxaloacetate)_ratio,Gluco-neogenesis(PEP from oxaloacetate)_rel_error,"Gluco-neogenesis(PYR from MAL, upper bound)_true","Gluco-neogenesis(PYR from MAL, upper bound)_pred","Gluco-neogenesis(PYR from MAL, upper bound)_abs_error","Gluco-neogenesis(PYR from MAL, upper bound)_ratio","Gluco-neogenesis(PYR from MAL, upper bound)_rel_error","Gluco-neogenesis(PYR from MAL, lower bound)_true","Gluco-neogenesis(PYR from MAL, lower bound)_pred","Gluco-neogenesis(PYR from MAL, lower bound)_abs_error","Gluco-neogenesis(PYR from MAL, lower bound)_ratio","Gluco-neogenesis(PYR from MAL, lower bound)_rel_error",TCA cycle(Oxaloacetate through TCA cycle)_true,TCA cycle(Oxaloacetate through TCA cycle)_pred,TCA cycle(Oxaloacetate through TCA cycle)_abs_error,TCA cycle(Oxaloacetate through TCA cycle)_ratio,TCA cycle(Oxaloacetate through TCA cycle)_rel_error,cumulative_ratio,cumulative_diff,mean_absolute_error,mean_relative_error,rmse,n_pathways
AlsR,Eki2vivo,0.78,0.2352717188176083,0.5447282811823917,0.30163040874052344,0.6983695912594765,0.06,0.0,0.06,0.0,1.0,0.2,0.1335303282010107,0.0664696717989893,0.6676516410050535,0.33234835899494647,0.03,0.0,0.03,0.0,1.0,0.06,0.0,0.06,0.0,1.0,0.02,0.0,0.02,0.0,1.0,0.33,0.32121594086233357,0.008784059137666445,0.9733816389767683,0.02661836102323165,0.2775233841031922,0.11285457315986393,0.11285457315986393,0.7224766158968078,0.21034810511690993,7
AppY,Eki2vivo,0.75,0.24881718721856416,0.5011828127814358,0.3317562496247522,0.6682437503752477,0.1,0.0,0.1,0.0,1.0,0.16,0.01626860711161523,0.14373139288838477,0.10167879444759517,0.8983212055524048,0.01,0.0,0.01,0.0,1.0,0.04,0.0,0.04,0.0,1.0,0.01,0.0,0.01,0.0,1.0,0.3,0.3304373505169043,0.030437350516904327,1.1014578350563478,0.10145783505634776,0.2192704113040993,0.11933593659810357,0.11933593659810357,0.8097175415691428,0.2016253092941161,7
ArcA,Eki2vivo,0.82,0.231755571621865,0.588244428378135,0.28262874588032316,0.7173712541196768,0.04,6.696901003397384e-17,0.03999999999999993,1.6742252508493459e-15,0.9999999999999982,0.16,0.16504875532095448,0.005048755320954473,1.0315547207559654,0.03155472075596546,0.01,0.012831408638436933,0.0028314086384369323,1.2831408638436932,0.28314086384369325,0.04,0.0,0.04,0.0,1.0,0.01,0.0,0.01,0.0,1.0,0.44,0.3333333333333333,0.10666666666666669,0.7575757575757576,0.24242424242424246,0.47927144115082015,0.11325589414345615,0.11325589414345615,0.610641583020511,0.22701252076887274,7
ArcB,Eki2vivo,0.78,0.23324947716430877,0.5467505228356913,0.29903779123629326,0.7009622087637067,0.03,0.0,0.03,0.0,1.0,0.18,0.15376451167972302,0.026235488320276973,0.8542472871095723,0.14575271289042763,0.05,0.0,0.05,0.0,1.0,0.02,0.0,0.02,0.0,1.0,0.01,0.0,0.01,0.0,1.0,0.37,0.2755689893333784,0.09443101066662157,0.7447810522523741,0.2552189477476259,0.2711523043711771,0.11105957454608428,0.11105957454608428,0.7288476956288229,0.21126883714629185,7
ArgR,Eki2vivo,0.74,0.2353484565571551,0.5046515434428449,0.31803845480696635,0.6819615451930336,0.11,0.0,0.11,0.0,1.0,0.21,0.13296488587063904,0.07703511412936095,0.6331661231935193,0.3668338768064808,0.02,0.0,0.02,0.0,1.0,0.03,0.0,0.03,0.0,1.0,0.01,0.0,0.01,0.0,1.0,0.32,0.29487547718535406,0.025124522814645944,0.9214858662042315,0.07851413379576858,0.2675272063149596,0.11097302576955026,0.11097302576955026,0.7324727936850405,0.19811210057325512,7
AscG,Eki2vivo,0.72,0.2339949070169463,0.48600509298305367,0.32499292641242544,0.6750070735875746,0.11,0.0,0.11,0.0,1.0,0.22,0.14579667471075,0.07420332528925,0.6627121577761363,0.33728784222386365,0.04,0.0,0.04,0.0,1.0,0.0,0.0,0.0,,,0.0,0.0,0.0,,,0.28,0.2836034526054938,0.0036034526054937732,1.0128694735910493,0.012869473591049188,0.40011491155592227,0.10197312441111393,0.10197312441111393,0.6050328778804974,0.19101984517700507,7
BasR,Eki2vivo,0.76,0.18867507394725835,0.5713249260527417,0.24825667624639255,0.7517433237536074,0.1,0.0,0.1,0.0,1.0,0.22,0.1538436959144089,0.06615630408559109,0.6992895268836768,0.30071047311632315,0.02,0.0,0.02,0.0,1.0,0.05,0.0,0.05,0.0,1.0,0.02,0.0,0.02,0.0,1.0,0.34,0.2721950345303328,0.06780496546966724,0.800573630971567,0.19942636902843305,0.24973140487166234,0.12789802794400001,0.12789802794400001,0.7502685951283377,0.2231867702946118,7
BolA,Eki2vivo,0.79,0.23367860562064352,0.5563213943793566,0.2957957033172703,0.7042042966827298,0.07,0.0,0.07,0.0,1.0,0.2,0.1494603373574567,0.05053966264254331,0.7473016867872835,0.2526983132127165,0.0,0.0,0.0,,,0.07,0.0,0.07,0.0,1.0,0.02,0.0,0.02,0.0,1.0,0.26,0.32253276821340926,0.06253276821340925,1.240510646974651,0.24051064697465097,0.3806013395132008,0.11848483217647274,0.11848483217647274,0.6995688761450163,0.21585646634632194,7
ChpB,Eki2vivo,0.77,0.20875292032702192,0.561247079672978,0.27110768873639207,0.7288923112636079,0.06,0.1068726903978354,0.0468726903978354,1.78121150663059,0.78121150663059,0.2,0.044122392886156596,0.1558776071138434,0.22061196443078296,0.779388035569217,0.02,0.0,0.02,0.0,1.0,0.04,0.0,0.04,0.0,1.0,0.01,0.0,0.01,0.0,1.0,0.32,0.23624833621689073,0.08375166378310928,0.7382760506777836,0.2617239493222165,0.4301724586393641,0.13110700585253804,0.13110700585253804,0.7930308289693759,0.2238007733717501,7
CpxR,Eki2vivo,0.77,0.23421374103196335,0.5357862589680367,0.30417368965190045,0.6958263103480995,0.07,0.0,0.07,0.0,1.0,0.23,0.1430460250891701,0.0869539749108299,0.6219392395181309,0.3780607604818691,0.02,0.0,0.02,0.0,1.0,0.04,0.0,0.04,0.0,1.0,0.01,0.0,0.01,0.0,1.0,0.35,0.2708867420108275,0.07911325798917246,0.7739621200309358,0.2260378799690642,0.24286786417156675,0.12026478455257703,0.12026478455257703,0.7571321358284333,0.20972322462897164,7
Cra,Eki2vivo,0.78,0.0,0.78,0.0,1.0,0.07,0.0,0.07,0.0,1.0,0.2,0.016800635124922542,0.18319936487507746,0.08400317562461271,0.9159968243753872,0.02,0.0,0.02,0.0,1.0,0.06,0.0,0.06,0.0,1.0,0.02,0.0,0.02,0.0,1.0,0.24,0.28600245305386574,0.046002453053865744,1.1916768877244406,0.1916768877244406,0.18224000904986476,0.16845740256127759,0.16845740256127759,0.8725248160142611,0.30551554390608227,7
CreB,Eki2vivo,0.78,0.2487762214522066,0.5312237785477935,0.3189438736566751,0.6810561263433249,0.06,0.0,0.06,0.0,1.0,0.19,0.016880111641629218,0.17311988835837078,0.0888426928506801,0.9111573071493199,0.02,0.0,0.02,0.0,1.0,0.06,0.0019007917196067188,0.05809920828039328,0.031679861993445316,0.9683201380065547,0.02,0.0019007917196067188,0.01809920828039328,0.09503958598033593,0.904960414019664,0.32,0.33333333333333337,0.013333333333333364,1.0416666666666667,0.04166666666666676,0.22516752587825759,0.12483934525718343,0.12483934525718343,0.7867372360265044,0.21382572201303604,7
Crl,Eki2vivo,0.74,0.23681057149833556,0.5031894285016645,0.32001428580856156,0.6799857141914385,0.1,0.0,0.1,0.0,1.0,0.23,0.1214026396682323,0.10859736033176771,0.527837563774923,0.472162436225077,0.01,0.0,0.01,0.0,1.0,0.07,0.0,0.07,0.0,1.0,0.02,0.0,0.02,0.0,1.0,0.36,0.2506574510168933,0.10934254898310669,0.696270697269148,0.3037293027308519,0.2205889352646618,0.1315899054023627,0.1315899054023627,0.7794110647353382,0.20436269601057774,7
Crp,Eki2vivo,0.74,0.2490051268074135,0.4909948731925865,0.33649341460461285,0.6635065853953872,0.07,0.0,0.07,0.0,1.0,0.27,0.013507244600663609,0.2564927553993364,0.05002683185430966,0.9499731681456903,0.03,0.0,0.03,0.0,1.0,0.05,0.0,0.05,0.0,1.0,0.01,0.0,0.01,0.0,1.0,0.27,0.2516631243245852,0.01833687567541481,0.9320856456466118,0.06791435435338818,0.18837227030079062,0.13226064346676253,0.13226064346676253,0.8116277296992094,0.21233421771324953,7
CsgD,Eki2vivo,0.8,0.23254782328401813,0.5674521767159819,0.29068477910502266,0.7093152208949773,0.04,0.0,0.04,0.0,1.0,0.25,0.1591433867276675,0.09085661327233249,0.63657354691067,0.36342645308932997,0.02,0.0,0.02,0.0,1.0,0.08,0.0,0.08,0.0,1.0,0.02,0.0,0.02,0.0,1.0,0.29,0.22573084380178216,0.06426915619821782,0.7783822200061454,0.2216177799938546,0.2436629351459769,0.12608256374093318,0.12608256374093318,0.7563370648540231,0.22141990537485076,7
CspA,Eki2vivo,0.75,0.24870384729181233,0.5012961527081876,0.33160512972241646,0.6683948702775835,0.08,0.0,0.08,0.0,1.0,0.2,0.01796903243864239,0.18203096756135762,0.08984516219321194,0.9101548378067881,0.03,0.0,0.03,0.0,1.0,0.04,0.0,0.04,0.0,1.0,0.01,0.0,0.01,0.0,1.0,0.34,0.2609795130944696,0.07902048690553043,0.7675868032190282,0.23241319678097183,0.16986244216209379,0.13176394388215368,0.13176394388215368,0.8301375578379062,0.20690831068793378,7
CysB,Eki2vivo,0.79,0.23376644719814244,0.5562335528018576,0.29590689518752206,0.7040931048124779,0.08,0.0,0.08,0.0,1.0,0.21,0.1474498166343307,0.06255018336566928,0.7021419839730034,0.2978580160269966,0.02,0.0,0.02,0.0,1.0,0.03,0.0,0.03,0.0,1.0,0.01,0.0,0.01,0.0,1.0,0.3,0.2860782360669723,0.013921763933027687,0.9535941202232411,0.04640587977675896,0.2788061427691095,0.11038650001436494,0.11038650001436494,0.7211938572308905,0.21424355506647857,7
CytR,Eki2vivo,0.76,0.2486508959971669,0.5113491040028331,0.3271722315752196,0.6728277684247803,0.09,0.0,0.09,0.0,1.0,0.19,0.009388165587250278,0.18061183441274972,0.04941139782763304,0.950588602172367,0.02,0.0,0.02,0.0,1.0,0.01,0.0,0.01,0.0,1.0,0.0,0.0,0.0,,,0.35,0.2747921596449637,0.0752078403550363,0.7851204561284677,0.2148795438715323,0.1936173475885534,0.1267383969672313,0.1267383969672313,0.8063826524114467,0.20988253862758138,7
DcuR,Eki2vivo,0.76,0.21076047183246796,0.5492395281675321,0.2773164103058789,0.7226835896941212,0.07,0.09729125435204838,0.027291254352048377,1.3898750621721196,0.38987506217211965,0.2,0.06493666984676033,0.13506333015323968,0.32468334923380165,0.6753166507661984,0.04,0.0,0.04,0.0,1.0,0.02,0.0,0.02,0.0,1.0,0.01,0.0,0.01,0.0,1.0,0.28,0.22935760387041243,0.0506423961295876,0.8191342995371872,0.18086570046281283,0.40157273160699825,0.11889092982891539,0.11889092982891539,0.7098201432993217,0.21557750588448646,7
ElbB,Eki2vivo,0.81,0.23473738965523203,0.575262610344768,0.28979924648794075,0.7102007535120592,0.05,0.0,0.05,0.0,1.0,0.23,0.13892983975223733,0.09107016024776268,0.6040427815314666,0.3959572184685334,0.05,0.0,0.05,0.0,1.0,0.01,0.0,0.01,0.0,1.0,0.01,0.0,0.01,0.0,1.0,0.29,0.29690187450790106,0.006901874507901085,1.0237995672686244,0.023799567268624432,0.2739487993268617,0.11331923501434742,0.11331923501434742,0.7328510770356024,0.22183278155917105,7
EvgA,Eki2vivo,0.8,0.23598339650152114,0.5640166034984789,0.2949792456269014,0.7050207543730986,0.05,0.0,0.05,0.0,1.0,0.22,0.12679098451368714,0.09320901548631286,0.5763226568803961,0.4236773431196039,0.03,0.0,0.03,0.0,1.0,0.05,0.0,0.05,0.0,1.0,0.01,0.0,0.01,0.0,1.0,0.26,0.31024195787029685,0.05024195787029684,1.1932382995011417,0.19323829950114169,0.2949343145726342,0.12106679669358411,0.12106679669358411,0.7602766281419778,0.21886946661701903,7
FadR,Eki2vivo,0.76,0.23882755197978314,0.5211724480202169,0.3142467789207673,0.6857532210792328,0.05,0.0,0.05,0.0,1.0,0.2,0.10369179143974178,0.09630820856025823,0.5184589571987088,0.4815410428012912,0.03,0.0,0.03,0.0,1.0,0.03,0.0,0.03,0.0,1.0,0.01,0.0,0.01,0.0,1.0,0.31,0.2575987374419333,0.05240126255806671,0.8309636691675267,0.16903633083247324,0.23766705789814324,0.11284027416264886,0.11284027416264886,0.7623329421018568,0.2028517699240195,7
FecI,Eki2vivo,0.72,0.2343501706487801,0.48564982935121986,0.32548634812330574,0.6745136518766943,0.09,0.0,0.09,0.0,1.0,0.2,0.1427664350082872,0.05723356499171281,0.7138321750414359,0.286167824958564,0.01,0.0,0.01,0.0,1.0,0.12,0.0,0.12,0.0,1.0,0.04,0.0,0.04,0.0,1.0,0.3,0.2901018675441524,0.009898132455847586,0.9670062251471747,0.032993774852825286,0.2866178211874167,0.11611164668554005,0.11611164668554005,0.7133821788125834,0.1939916827144339,7
FhlA,Eki2vivo,0.8,0.2506775447684458,0.5493224552315543,0.3133469309605572,0.6866530690394429,0.06,0.0,0.06,0.0,1.0,0.18,0.0,0.18,0.0,1.0,0.02,0.0,0.02,0.0,1.0,0.04,0.0,0.04,0.0,1.0,0.01,0.0,0.01,0.0,1.0,0.28,0.2920506353335906,0.012050635333590576,1.043037983334252,0.04303798333425205,0.19376927347068704,0.12448187008073498,0.12448187008073498,0.8185272931962421,0.22038938839944375,7
Fis,Eki2vivo,0.79,0.237658083984533,0.552341916015467,0.3008330177019405,0.6991669822980595,0.04,0.03365018016290173,0.006349819837098272,0.8412545040725432,0.1587454959274568,0.2,0.017792276563828962,0.18220772343617106,0.0889613828191448,0.9110386171808552,0.01,0.0,0.01,0.0,1.0,0.09,0.0,0.09,0.0,1.0,0.03,0.0,0.03,0.0,1.0,0.25,0.2956535794208278,0.04565357942082782,1.1826143176833113,0.18261431768331127,0.3448090317538485,0.1309361483870806,0.1309361483870806,0.7073664875842406,0.22344888076097494,7
FlgM,Eki2vivo,0.75,0.24490078701755483,0.5050992129824452,0.3265343826900731,0.6734656173099269,0.08,0.01630227277694511,0.06369772722305489,0.20377840971181385,0.7962215902881861,0.21,0.01297176881227039,0.1970282311877296,0.061770327677478046,0.938229672322522,0.02,0.0,0.02,0.0,1.0,0.05,0.0,0.05,0.0,1.0,0.02,0.0,0.02,0.0,1.0,0.35,0.1947253699911552,0.15527463000884478,0.5563581999747291,0.4436418000252708,0.16406304572201344,0.14444282877172496,0.14444282877172496,0.8359369542779864,0.21560974998435659,7
FlhD,Eki2vivo,0.74,0.24877870497392676,0.49122129502607326,0.3361874391539551,0.6638125608460449,0.07,0.0,0.07,0.0,1.0,0.23,0.01684294019070503,0.21315705980929497,0.07323017474219577,0.9267698252578042,0.03,0.0,0.03,0.0,1.0,0.04,0.006050845506077882,0.03394915449392212,0.15127113765194705,0.848728862348053,0.01,0.006050845506077882,0.003949154493922118,0.6050845506077882,0.39491544939221185,0.28,0.3333333333333333,0.05333333333333329,1.1904761904761902,0.1904761904761903,0.33660707037601095,0.12794428530807797,0.12794428530807797,0.717814698331472,0.2058247792211859,7
FliA,Eki2vivo,0.79,0.233134215439599,0.556865784560401,0.2951066018222772,0.7048933981777228,0.07,0.0,0.07,0.0,1.0,0.19,0.15371033207267798,0.03628966792732202,0.8090017477509367,0.19099825224906328,0.02,0.0,0.02,0.0,1.0,0.05,0.0,0.05,0.0,1.0,0.02,0.0,0.02,0.0,1.0,0.33,0.27721196837973544,0.052788031620264575,0.8400362678173801,0.15996373218261992,0.27773494534151344,0.11513478344399826,0.11513478344399826,0.7222650546584866,0.21461028410143432,7
FliZ,Eki2vivo,0.77,0.23421962009109012,0.5357803799089099,0.30418132479362353,0.6958186752063765,0.07,0.0,0.07,0.0,1.0,0.2,0.1440637293718916,0.05593627062810841,0.720318646859458,0.27968135314054204,0.02,0.0,0.02,0.0,1.0,0.05,0.0,0.05,0.0,1.0,0.02,0.0,0.02,0.0,1.0,0.29,0.2884972830363765,0.0015027169636234738,0.9948182173668156,0.005181782633184393,0.28847402700284247,0.10760276678580596,0.10760276678580596,0.7115259729971576,0.20646401970367262,7
Fnr,Eki2vivo,0.75,0.2487394888179255,0.5012605111820745,0.331652651757234,0.668347348242766,0.07,0.0,0.07,0.0,1.0,0.21,0.01743140400098583,0.19256859599901416,0.08300668571898015,0.9169933142810198,0.03,0.0,0.03,0.0,1.0,0.01,0.0,0.01,0.0,1.0,0.01,0.0,0.01,0.0,1.0,0.33,0.32705963329508586,0.0029403667049141546,0.9910897978638965,0.008910202136103499,0.20082130504858725,0.11668135341228614,0.11668135341228614,0.7991786949514127,0.20506215433790018,7
FrvR,Eki2vivo,0.74,0.23319823615108626,0.5068017638489137,0.31513275155552195,0.684867248444478,0.1,0.0,0.1,0.0,1.0,0.2,0.15427986600338162,0.045720133996618395,0.7713993300169081,0.22860066998309198,0.02,0.0,0.02,0.0,1.0,0.05,0.0,0.05,0.0,1.0,0.03,0.0,0.03,0.0,1.0,0.32,0.27782687106049664,0.04217312893950337,0.868208972064052,0.13179102793594802,0.2792487219480689,0.11352786096929078,0.11352786096929078,0.7207512780519313,0.1980320793989798,7
Fur,Eki2vivo,0.81,0.23316036186086048,0.5768396381391396,0.2878522985936549,0.7121477014063452,0.04,0.0,0.04,0.0,1.0,0.17,0.15293395848544095,0.017066041514559066,0.8996115205025937,0.10038847949740626,0.01,0.0,0.01,0.0,1.0,0.04,0.0,0.04,0.0,1.0,0.01,0.0,0.01,0.0,1.0,0.25,0.18204561827310672,0.06795438172689328,0.7281824730924269,0.2718175269075731,0.27366375602695364,0.10883715162579886,0.10883715162579886,0.7263362439730464,0.22073028658049576,7
GadE,Eki2vivo,0.76,0.13184107432975609,0.6281589256702439,0.17347509780231063,0.8265249021976894,0.06,0.19577340440591465,0.13577340440591465,3.262890073431911,2.262890073431911,0.2,0.011738824826928484,0.18826117517307153,0.058694124134642416,0.9413058758653576,0.02,0.04363828927823497,0.023638289278234966,2.1819144639117485,1.1819144639117483,0.05,0.0,0.05,0.0,1.0,0.01,0.0,0.01,0.0,1.0,0.31,0.3333333333333333,0.023333333333333317,1.075268817204301,0.07526881720430102,0.9646060823549876,0.15130930398011408,0.15130930398011408,1.0411291618015723,0.25415505292331153,7
GadW,Eki2vivo,0.79,0.24680980875676745,0.5431901912432326,0.3124174794389461,0.687582520561054,0.05,0.007428168637329074,0.042571831362670925,0.14856337274658146,0.8514366272534185,0.22,0.016114798112120018,0.20388520188787998,0.07324908232781827,0.9267509176721818,0.02,0.0,0.02,0.0,1.0,0.06,0.0,0.06,0.0,1.0,0.01,0.0,0.01,0.0,1.0,0.29,0.28045784191702966,0.00954215808297032,0.9670960066104471,0.03290399338955283,0.21447513444625613,0.127027054653822,0.127027054653822,0.7855248655537439,0.22123942202902955,7
GadX,Eki2vivo,0.79,0.2488679659950701,0.5411320340049299,0.3150227417659115,0.6849772582340885,0.04,0.0,0.04,0.0,1.0,0.24,0.007732240160918753,0.23226775983908124,0.03221766733716147,0.9677823326628385,0.03,0.0,0.03,0.0,1.0,0.04,0.0,0.04,0.0,1.0,0.02,0.0,0.02,0.0,1.0,0.3,0.33333333333333337,0.03333333333333338,1.1111111111111114,0.11111111111111127,0.2083359314591692,0.1338190181681921,0.1338190181681921,0.8234101002868627,0.2243668238774838,7
GcvA,Eki2vivo,0.78,0.230916947231654,0.549083052768346,0.29604736824571026,0.7039526317542898,0.08,1.317314104510466e-16,0.07999999999999988,1.6466426306380824e-15,0.9999999999999984,0.23,0.17390305824938382,0.05609694175061619,0.7561002532581905,0.24389974674180953,0.02,0.0,0.02,0.0,1.0,0.04,0.0,0.04,0.0,1.0,0.01,0.0,0.01,0.0,1.0,0.29,0.20746894108206654,0.08253105891793344,0.7154101416622984,0.28458985833770156,0.2525082518808858,0.11967300763384223,0.11967300763384223,0.7474917481191142,0.21379243652173266,7
GlcC,Eki2vivo,0.77,0.2497804065164165,0.5202195934835835,0.32439013833300845,0.6756098616669916,0.06,0.0,0.06,0.0,1.0,0.19,0.007295898177561891,0.18270410182243813,0.038399464092431,0.9616005359075691,0.01,0.0,0.01,0.0,1.0,0.05,0.0,0.05,0.0,1.0,0.02,0.0,0.02,0.0,1.0,0.27,0.31214497988323253,0.042144979883232514,1.1560925180860464,0.15609251808604635,0.2169831600730694,0.12643838216989345,0.12643838216989345,0.8276147022372297,0.2112498228558266,7
HdfR,Eki2vivo,0.77,0.17552604604646058,0.5944739539535394,0.2279559039564423,0.7720440960435576,0.05,0.15337159583379892,0.10337159583379892,3.0674319166759783,2.0674319166759783,0.19,0.007937848610419003,0.182062151389581,0.04177815058115265,0.9582218494188475,0.03,0.0,0.03,0.0,1.0,0.0,0.0,0.0,,,0.0,0.0,0.0,,,0.3,0.3333333333333333,0.033333333333333326,1.1111111111111112,0.11111111111111109,0.889655416464937,0.1347487192157504,0.1347487192157504,0.9817617946498988,0.23881933004861794,7
IHFA,Eki2vivo,0.83,0.2287025432816854,0.6012974567183146,0.2755452328695005,0.7244547671304995,0.07,0.07108926932026698,0.0010892693202669695,1.0155609902895282,0.015560990289528134,0.16,0.020549043854261657,0.13945095614573835,0.12843152408913536,0.8715684759108647,0.02,0.0,0.02,0.0,1.0,0.03,0.0,0.03,0.0,1.0,0.01,0.0,0.01,0.0,1.0,0.45,0.2891595980652212,0.16084040193477883,0.6425768845893803,0.3574231154106196,0.2945878045482206,0.13752544058844268,0.13752544058844268,0.709858192677359,0.24150599579308504,7
IHFB,Eki2vivo,0.81,0.2330686683469057,0.5769313316530944,0.2877390967245749,0.7122609032754251,0.03,0.0,0.03,0.0,1.0,0.15,0.16399499235126394,0.013994992351263946,1.0932999490084263,0.09329994900842631,0.02,0.0,0.02,0.0,1.0,0.03,0.0,0.03,0.0,1.0,0.01,0.0,0.01,0.0,1.0,0.51,0.33032391235720704,0.17967608764279297,0.6476939457984452,0.35230605420155486,0.2898189987902066,0.12294320166387876,0.12294320166387876,0.7368381294979152,0.22916903235215,7
IclR,Eki2vivo,0.79,0.16964445663610395,0.6203555433638961,0.21473981852671384,0.7852601814732861,0.05,0.15588165740675555,0.10588165740675555,3.117633148135111,2.117633148135111,0.2,0.010704755515018472,0.18929524448498153,0.05352377757509236,0.9464762224249076,0.03,0.0,0.03,0.0,1.0,0.03,0.03565034197195327,0.005650341971953271,1.1883447323984424,0.18834473239844238,0.01,0.03565034197195327,0.025650341971953268,3.565034197195327,2.5650341971953265,0.38,0.3333333333333333,0.04666666666666669,0.8771929824561403,0.12280701754385971,1.2880669508981182,0.1462142565523152,0.1462142565523152,1.1036507855958475,0.24947151550187083,7
IdnR,Eki2vivo,0.8,0.21279109889780612,0.5872089011021939,0.26598887362225765,0.7340111263777424,0.04,0.09451495232192207,0.05451495232192207,2.3628738080480516,1.3628738080480518,0.2,0.05966752102700135,0.14033247897299866,0.29833760513500673,0.7016623948649933,0.03,0.0,0.03,0.0,1.0,0.02,0.0,0.02,0.0,1.0,0.01,0.0,0.01,0.0,1.0,0.28,0.2388442275375539,0.041155772462446116,0.8530150983484067,0.14698490165159325,0.5400307693076747,0.1261731578370801,0.1261731578370801,0.8493617472774829,0.23008482157114996,7
LldR,Eki2vivo,0.75,0.22754683562947756,0.5224531643705225,0.3033957808393034,0.6966042191606966,0.11,0.0743893651395069,0.035610634860493096,0.6762669558136991,0.3237330441863009,0.19,0.02074150324416656,0.16925849675583343,0.10916580654824505,0.8908341934517549,0.04,0.0,0.04,0.0,1.0,0.02,0.0,0.02,0.0,1.0,0.01,0.0,0.01,0.0,1.0,0.33,0.2881864312498287,0.04181356875017134,0.8732922159085718,0.1267077840914283,0.2803029655871171,0.11987655210528862,0.11987655210528862,0.719697034412883,0.20932621142663885,7
LrhA,Eki2vivo,0.77,0.2488662814310579,0.5211337185689421,0.3232029628974778,0.6767970371025221,0.06,0.0,0.06,0.0,1.0,0.22,0.00774485556727279,0.21225514443272722,0.03520388894214904,0.964796111057851,0.03,0.0,0.03,0.0,1.0,0.04,0.0,0.04,0.0,1.0,0.01,0.0,0.01,0.0,1.0,0.26,0.3333333333333333,0.0733333333333333,1.282051282051282,0.28205128205128194,0.23435116198441555,0.1352460280478575,0.1352460280478575,0.846234918601665,0.21653451613523056,7
MarA,Eki2vivo,0.79,0.23317244578506424,0.5568275542149358,0.2951549946646383,0.7048450053353618,0.05,0.0,0.05,0.0,1.0,0.19,0.15209913217827145,0.03790086782172855,0.8005217483066919,0.19947825169330816,0.03,0.008031218588524713,0.021968781411475284,0.26770728628415713,0.7322927137158428,0.06,0.0,0.06,0.0,1.0,0.02,0.0,0.02,0.0,1.0,0.28,0.3333333333333333,0.05333333333333329,1.1904761904761902,0.1904761904761903,0.3648371742473825,0.11429007668306755,0.11429007668306755,0.6895845944601006,0.2142496783514095,7
MarR,Eki2vivo,0.83,0.2351551714324896,0.5948448285675103,0.28331948365360193,0.716680516346398,0.04,0.0,0.04,0.0,1.0,0.2,0.13492007156551908,0.06507992843448093,0.6746003578275953,0.32539964217240464,0.03,0.0,0.03,0.0,1.0,0.05,0.0,0.05,0.0,1.0,0.01,0.0,0.01,0.0,1.0,0.29,0.31871583311515556,0.028715833115155576,1.0990201141901916,0.09902011419019165,0.29384856509591273,0.11694865573102099,0.11694865573102099,0.7344428961012849,0.22803519973586953,7
Mlc,Eki2vivo,0.78,0.2486689734166562,0.5313310265833439,0.31880637617520025,0.6811936238247998,0.05,0.0,0.05,0.0,1.0,0.19,0.01844772615681427,0.17155227384318572,0.09709329556218037,0.9029067044378196,0.03,0.0,0.03,0.0,1.0,0.04,0.0,0.04,0.0,1.0,0.01,0.0,0.01,0.0,1.0,0.31,0.2500669120071116,0.05993308799288838,0.8066674580874569,0.19333254191254315,0.17465244711783393,0.12754519834563113,0.12754519834563113,0.825347552882166,0.21395420655138891,7
ModE,Eki2vivo,0.8,0.2462208686603406,0.5537791313396594,0.3077760858254257,0.6922239141745742,0.05,0.0,0.05,0.0,1.0,0.18,0.03832669672190651,0.1416733032780935,0.2129260928994806,0.7870739071005194,0.04,0.0,0.04,0.0,1.0,0.02,0.0,0.02,0.0,1.0,0.01,0.0,0.01,0.0,1.0,0.32,0.2971866946251336,0.02281330537486642,0.9287084207035424,0.07129157929645756,0.20705865706120696,0.11975224857037421,0.11975224857037421,0.7929413429387929,0.21773611094663625,7
NagC,Eki2vivo,0.8,0.2306449827386012,0.5693550172613988,0.2883062284232515,0.7116937715767485,0.03,1.4321308775119954e-16,0.029999999999999857,4.773769591706651e-15,0.9999999999999952,0.2,0.1763216296388659,0.0236783703611341,0.8816081481943295,0.1183918518056705,0.04,0.0,0.04,0.0,1.0,0.0,0.0,0.0,,,0.0,0.0,0.0,,,0.26,0.20436189347977976,0.05563810652022025,0.7860072826145376,0.2139927173854625,0.3911843318464247,0.10266735630610757,0.10266735630610757,0.6088156681535754,0.21722976637680277,7
NarP,Eki2vivo,0.79,0.231587900821526,0.558412099178474,0.29314924154623545,0.7068507584537645,0.09,0.060981126734314696,0.0290188732656853,0.6775680748257189,0.32243192517428115,0.2,0.019914813999227902,0.1800851860007721,0.0995740699961395,0.9004259300038605,0.03,0.0,0.03,0.0,1.0,0.04,0.0,0.04,0.0,1.0,0.01,0.0,0.01,0.0,1.0,0.3,0.28727458111745047,0.012725418882549522,0.9575819370581683,0.042418062941831744,0.2896961890608946,0.12289165390392587,0.12289165390392587,0.7103038109391054,0.22292176014313336,7
NsrR,Eki2vivo,0.79,0.21479190272491425,0.5752080972750858,0.27188848446191677,0.7281115155380833,0.03,0.0690947135789635,0.039094713578963505,2.3031571192987834,1.3031571192987836,0.21,0.089488837801121,0.12051116219887899,0.426137322862481,0.573862677137519,0.02,0.0,0.02,0.0,1.0,0.05,0.0,0.05,0.0,1.0,0.02,0.0,0.02,0.0,1.0,0.3,0.3333333333333333,0.033333333333333326,1.1111111111111112,0.11111111111111109,0.5874705768191847,0.12259247234089454,0.12259247234089454,0.8166060604407852,0.22403022854908328,7
NtrC,Eki2vivo,0.78,0.2339074156489646,0.5460925843510354,0.29988130211405717,0.7001186978859427,0.05,0.0,0.05,0.0,1.0,0.22,0.14717722569187144,0.07282277430812856,0.6689873895085066,0.33101261049149344,0.03,0.0,0.03,0.0,1.0,0.06,0.0,0.06,0.0,1.0,0.02,0.0,0.02,0.0,1.0,0.34,0.3272651840181254,0.012734815981874648,0.9625446588768393,0.03745534112316073,0.2759161929284861,0.11309288209157695,0.11309288209157695,0.7240838070715138,0.21080879714607248,7
OgrK,Eki2vivo,0.74,0.20938182565323227,0.5306181743467677,0.2829484130449085,0.7170515869550915,0.11,0.08465755803453977,0.025342441965460233,0.7696141639503615,0.23038583604963847,0.2,0.07391136218097692,0.12608863781902307,0.36955681090488457,0.6304431890951153,0.02,0.0,0.02,0.0,1.0,0.06,0.0,0.06,0.0,1.0,0.03,0.0,0.03,0.0,1.0,0.29,0.3333333333333333,0.043333333333333335,1.1494252873563218,0.14942528735632185,0.3673635250366395,0.11934036963779779,0.11934036963779779,0.6753294142080238,0.20869458500631424,7
OmpR,Eki2vivo,0.8,0.24886086485671827,0.5511391351432817,0.3110760810708978,0.6889239189291021,0.06,0.0,0.06,0.0,1.0,0.2,0.007802630039277603,0.1921973699607224,0.03901315019638801,0.9609868498036119,0.02,0.0,0.02,0.0,1.0,0.05,0.0,0.05,0.0,1.0,0.02,0.0,0.02,0.0,1.0,0.33,0.2887864620402721,0.04121353795972793,0.8751104910311275,0.1248895089688725,0.17502853175691618,0.1335071490091046,0.1335071490091046,0.8249714682430839,0.22338075470801652,7
OxyR,Eki2vivo,0.74,0.23378474146964973,0.5062152585303503,0.3159253263103375,0.6840746736896626,0.05,0.0,0.05,0.0,1.0,0.24,0.14726929024025215,0.09273070975974784,0.6136220426677174,0.3863779573322827,0.04,0.0,0.04,0.0,1.0,0.01,0.0,0.01,0.0,1.0,0.01,0.0,0.01,0.0,1.0,0.3,0.2558484660173412,0.04415153398265881,0.852828220057804,0.14717177994219605,0.25462508414797985,0.10758535746753672,0.10758535746753672,0.7453749158520202,0.19679657025703248,7
PdhR,Eki2vivo,0.74,0.23553080164231782,0.5044691983576821,0.3182848670842133,0.6817151329157867,0.09,0.0,0.09,0.0,1.0,0.23,0.13099006130868662,0.09900993869131339,0.5695220056899418,0.4304779943100582,0.01,0.0,0.01,0.0,1.0,0.03,0.0,0.03,0.0,1.0,0.01,0.0,0.01,0.0,1.0,0.43,0.3192050221646019,0.1107949778353981,0.7423372608479114,0.2576627391520886,0.2328777333745809,0.12203915926919907,0.12203915926919907,0.7671222666254192,0.2020493812218214,7
PerR,Eki2vivo,0.76,0.20460482888126016,0.5553951711187398,0.26921688010692124,0.7307831198930786,0.08,0.1257036938503218,0.04570369385032179,1.5712961731290223,0.5712961731290224,0.21,0.006340213093733734,0.20365978690626627,0.030191490922541593,0.9698085090774584,0.03,0.0,0.03,0.0,1.0,0.03,0.0,0.03,0.0,1.0,0.01,0.0,0.01,0.0,1.0,0.31,0.2653440666645214,0.04465593333547857,0.8559486021436176,0.1440513978563825,0.3895218780431575,0.13134494074440092,0.13134494074440092,0.773705599993706,0.22549123673765706,7
Pgi,Eki2vivo,0.03,0.2311458939268362,0.2011458939268362,7.704863130894541,6.704863130894541,0.11,0.0,0.11,0.0,1.0,0.82,0.17367806511420786,0.646321934885792,0.21180251843196082,0.7881974815680391,0.12,0.0,0.12,0.0,1.0,0.0,0.0,0.0,,,0.0,0.0,0.0,,,0.33,0.30290682836403604,0.027093171635963975,0.9178994798910183,0.08210052010898174,1.766913025843504,0.15779442863551316,0.15779442863551316,1.9150322265143125,0.2633373051830338,7
PhoB,Eki2vivo,0.76,0.23221735803237809,0.5277826419676219,0.30554915530576066,0.6944508446942393,0.07,0.0,0.07,0.0,1.0,0.21,0.163655172326416,0.046344827673584,0.7793103444115047,0.22068965558849524,0.03,0.0,0.03,0.0,1.0,0.01,0.0,0.01,0.0,1.0,0.01,0.0,0.01,0.0,1.0,0.29,0.19319765692703086,0.09680234307296912,0.6661988169897617,0.33380118301023837,0.25015118810100384,0.11298997324488216,0.11298997324488216,0.7498488118989961,0.20566027946204113,7
PrpR,Eki2vivo,0.78,0.23560195388665084,0.5443980461133492,0.30205378703416774,0.6979462129658323,0.05,0.04415296956354618,0.005847030436453821,0.8830593912709236,0.11694060872907641,0.2,0.01705345028682131,0.1829465497131787,0.08526725143410654,0.9147327485658935,0.02,0.0,0.02,0.0,1.0,0.08,0.0,0.08,0.0,1.0,0.03,0.0,0.03,0.0,1.0,0.3,0.29087439428374046,0.009125605716259533,0.9695813142791349,0.03041868572086511,0.3199945348597618,0.1246167474256059,0.1246167474256059,0.6800054651402381,0.2196283019456159,7
PspC,Eki2vivo,0.76,0.23869928944836782,0.5213007105516322,0.3140780124320629,0.6859219875679371,0.09,0.03640232324573175,0.05359767675426825,0.4044702582859083,0.5955297417140917,0.18,0.018228559055709498,0.1617714409442905,0.10126977253171944,0.8987302274682806,0.03,0.0,0.03,0.0,1.0,0.05,0.0,0.05,0.0,1.0,0.01,0.0,0.01,0.0,1.0,0.3,0.28477056901128156,0.015229430988718429,0.9492352300376052,0.05076476996239476,0.2527218961838994,0.12027132274841565,0.12027132274841565,0.7472781038161005,0.208576493829867,7
PurR,Eki2vivo,0.78,0.2488276145187577,0.5311723854812423,0.3190097622035355,0.6809902377964645,0.06,0.0,0.06,0.0,1.0,0.21,0.008053730966189571,0.2019462690338104,0.03835109983899796,0.961648900161002,0.05,0.0,0.05,0.0,1.0,0.02,0.0,0.02,0.0,1.0,0.01,0.0,0.01,0.0,1.0,0.25,0.3333333333333333,0.08333333333333331,1.3333333333333333,0.33333333333333326,0.2415277421965524,0.13663599826405518,0.13663599826405518,0.8537103530415429,0.21924247604583313,7
QseB,Eki2vivo,0.76,0.23408451908806382,0.5259154809119362,0.308005946168505,0.6919940538314949,0.06,0.0,0.06,0.0,1.0,0.19,0.14431611514759513,0.04568388485240488,0.7595585007768164,0.24044149922318356,0.03,0.0,0.03,0.0,1.0,0.01,0.0,0.01,0.0,1.0,0.0,0.0,0.0,,,0.25,0.2770294138826843,0.027029413882684317,1.1081176555307373,0.10811765553073727,0.36261368374600983,0.09980411137814649,0.09980411137814649,0.673425534764236,0.20142517207314847,7
RcsA,Eki2vivo,0.75,0.2084781917505473,0.5415218082494527,0.27797092233406306,0.7220290776659369,0.08,0.08644769942959639,0.006447699429596387,1.080596242869955,0.08059624286995484,0.21,0.07441239535298325,0.13558760464701675,0.3543447397761107,0.6456552602238893,0.0,0.0,0.0,,,0.06,0.0,0.06,0.0,1.0,0.02,0.0,0.02,0.0,1.0,0.35,0.33333333333333337,0.016666666666666607,0.9523809523809526,0.04761904761904745,0.4442154762268469,0.11146053985610467,0.11146053985610467,0.5826499380631381,0.21245141224335942,7
RcsB,Eki2vivo,0.77,0.24250832678554032,0.5274916732144597,0.31494587894226017,0.6850541210577398,0.06,0.0,0.06,0.0,1.0,0.21,0.06402848165945332,0.14597151834054667,0.3048975317116825,0.6951024682883175,0.03,0.0,0.03,0.0,1.0,0.04,0.0,0.04,0.0,1.0,0.01,0.0,0.01,0.0,1.0,0.31,0.3333333333333333,0.023333333333333317,1.075268817204301,0.07526881720430102,0.24215888969403482,0.11954236069833425,0.11954236069833425,0.7793464866500512,0.20918194196907675,7
RpoD,Eki2vivo,0.77,0.23336154861798905,0.5366384513820109,0.30306694625712866,0.6969330537428713,0.04,0.0,0.04,0.0,1.0,0.22,0.14898710731947618,0.07101289268052383,0.6772141241794372,0.32278587582056284,0.03,0.0,0.03,0.0,1.0,0.02,0.0,0.02,0.0,1.0,0.01,0.0,0.01,0.0,1.0,0.29,0.1712792797113386,0.11872072028866137,0.5906182059011676,0.40938179409883235,0.2244141823339619,0.11805315205017089,0.11805315205017089,0.7755858176660382,0.21048185122115706,7
RpoS,Eki2vivo,0.77,0.24285354208398693,0.5271464579160131,0.3153942104986843,0.6846057895013157,0.08,0.0,0.08,0.0,1.0,0.19,0.06117111617632697,0.12882888382367302,0.32195324303329986,0.6780467569667001,0.02,0.0,0.02,0.0,1.0,0.03,0.0,0.03,0.0,1.0,0.01,0.0,0.01,0.0,1.0,0.3,0.3333333333333333,0.033333333333333326,1.1111111111111112,0.11111111111111109,0.24977979494901362,0.11847266786757422,0.11847266786757422,0.7819662367970182,0.20818651682420453,7
Rsd,Eki2vivo,0.74,0.24885313437632783,0.49114686562367216,0.33628801942747005,0.66371198057253,0.09,0.0,0.09,0.0,1.0,0.2,0.007843435870409353,0.19215656412959065,0.039217179352046765,0.9607828206479532,0.03,0.0,0.03,0.0,1.0,0.04,0.0,0.04,0.0,1.0,0.01,0.0,0.01,0.0,1.0,0.33,0.3333333333333333,0.0033333333333332993,1.01010101010101,0.010101010101009998,0.19794374412578955,0.12237668044094231,0.12237668044094231,0.8049422587602134,0.20313981809200074,7
RutR,Eki2vivo,0.8,0.13575764357889405,0.664242356421106,0.16969705447361755,0.8303029455263824,0.03,0.19366633541410916,0.16366633541410916,6.4555445138036385,5.4555445138036385,0.18,0.011588645946876567,0.16841135405312344,0.06438136637153648,0.9356186336284635,0.02,0.030286660663533246,0.010286660663533245,1.5143330331766622,0.5143330331766622,0.04,0.0,0.04,0.0,1.0,0.01,0.0,0.01,0.0,1.0,0.33,0.3333333333333333,0.0033333333333332993,1.01010101010101,0.010101010101009998,1.3162938539894953,0.15142000569788644,0.15142000569788644,1.3922714480337366,0.2667754240352927,7
SdhC,Eki2vivo,0.77,0.20880578342036563,0.5611942165796344,0.2711763421043709,0.7288236578956291,0.05,0.10434008686699241,0.054340086866992404,2.086801737339848,1.086801737339848,0.24,0.06824998757542787,0.1717500124245721,0.28437494823094944,0.7156250517690504,0.03,0.0,0.03,0.0,1.0,0.03,0.0,0.03,0.0,1.0,0.0,0.0,0.0,,,0.03,0.2536900330142514,0.22369003301425142,8.456334433808381,7.456334433808381,1.8497812435805916,0.15299633555506434,0.15299633555506434,1.997930813468818,0.23881465957662634,7
SdiA,Eki2vivo,0.76,0.23847210729471252,0.5215278927052875,0.3137790885456744,0.6862209114543257,0.05,0.0,0.05,0.0,1.0,0.22,0.10703225433264625,0.11296774566735375,0.48651024696657386,0.5134897530334261,0.04,0.0,0.04,0.0,1.0,0.02,0.0,0.02,0.0,1.0,0.01,0.0,0.01,0.0,1.0,0.29,0.23930761339956616,0.05069238660043382,0.8251986668950558,0.17480133310494422,0.23221257177247198,0.11502686071043933,0.11502686071043933,0.767787428227528,0.20421374393723205,7
SoxR,Eki2vivo,0.78,0.21903347345813667,0.5609665265418633,0.28081214545914956,0.7191878545408503,0.07,0.09040483952665984,0.020404839526659835,1.291497707523712,0.2914977075237119,0.21,0.02175636226816806,0.18824363773183195,0.10360172508651457,0.8963982749134854,0.03,0.0,0.03,0.0,1.0,0.02,0.0,0.02,0.0,1.0,0.01,0.0,0.01,0.0,1.0,0.27,0.2576487488273664,0.012351251172633637,0.954254625286542,0.04574537471345791,0.3757380290508454,0.12028089356756981,0.12028089356756981,0.7075470302416437,0.22427280006042208,7
SoxS,Eki2vivo,0.74,0.2158835263071365,0.5241164736928635,0.29173449500964393,0.7082655049903561,0.08,0.0,0.08,0.0,1.0,0.23,0.18345237553980623,0.04654762446019378,0.797619024086114,0.20238097591388599,0.02,0.0,0.02,0.0,1.0,0.04,0.0,0.04,0.0,1.0,0.01,0.0,0.01,0.0,1.0,0.26,0.2545468935220382,0.005453106477961822,0.9790265135463007,0.020973486453699314,0.2954828618060084,0.10373102923300273,0.10373102923300273,0.7045171381939916,0.20191741441539526,7
SspA,Eki2vivo,0.78,0.2043823328413043,0.5756176671586957,0.26202863184782604,0.7379713681521739,0.06,0.09761474765410678,0.03761474765410679,1.6269124609017798,0.6269124609017798,0.18,0.06083058002709825,0.11916941997290174,0.3379476668172125,0.6620523331827874,0.02,0.0,0.02,0.0,1.0,0.05,0.0,0.05,0.0,1.0,0.02,0.0,0.02,0.0,1.0,0.3,0.3333333333333333,0.033333333333333326,1.1111111111111112,0.11111111111111109,0.47685712438256134,0.12224788115986251,0.12224788115986251,0.7340067533354074,0.22404177855100726,7
TdcA,Eki2vivo,0.76,0.20799085207877963,0.5520091479212204,0.2736721737878679,0.726327826212132,0.08,0.1078929811823246,0.027892981182324597,1.3486622647790574,0.34866226477905743,0.19,0.045654205970252874,0.14434579402974712,0.24028529458027828,0.7597147054197216,0.02,0.0,0.02,0.0,1.0,0.04,0.0,0.04,0.0,1.0,0.02,0.0,0.02,0.0,1.0,0.31,0.2611983486541456,0.0488016513458544,0.8425753182391793,0.15742468176082064,0.3864564359123404,0.12186422492559237,0.12186422492559237,0.7131613540245331,0.21748872785769505,7
TdcR,Eki2vivo,0.75,0.24888564115847098,0.501114358841529,0.331847521544628,0.668152478455372,0.08,0.0,0.08,0.0,1.0,0.22,0.007600091472825033,0.21239990852717497,0.034545870331022875,0.9654541296689771,0.04,0.0,0.04,0.0,1.0,0.02,0.0,0.02,0.0,1.0,0.01,0.0,0.01,0.0,1.0,0.29,0.33333333333333337,0.04333333333333339,1.149425287356322,0.14942528735632205,0.21654552560456755,0.1295496572431482,0.1295496572431482,0.8261474136400959,0.20928691842174355,7
TorR,Eki2vivo,0.77,0.24874517357256565,0.5212548264274344,0.32304567996437095,0.676954320035629,0.09,0.0,0.09,0.0,1.0,0.17,0.017345900805352737,0.15265409919464729,0.10203471061972197,0.8979652893802781,0.03,0.0,0.03,0.0,1.0,0.04,0.0,0.04,0.0,1.0,0.01,0.0,0.01,0.0,1.0,0.33,0.3328810385257212,0.0028810385257211912,1.0087304197749127,0.0087304197749127,0.20483011576557225,0.12096999487825756,0.12096999487825756,0.7976642898844029,0.20898331049488506,7
UspA,Eki2vivo,0.76,0.24972671021969345,0.5102732897803066,0.32858777660485977,0.6714122233951403,0.08,0.0,0.08,0.0,1.0,0.19,0.00927523265062679,0.1807247673493732,0.048817013950667315,0.9511829860493326,0.01,0.0,0.01,0.0,1.0,0.07,0.0,0.07,0.0,1.0,0.02,0.0,0.02,0.0,1.0,0.29,0.30406900001665177,0.01406900001665179,1.0485137931608683,0.04851379316086824,0.20370265481662791,0.12643815102090453,0.12643815102090453,0.8101584289436202,0.20875077709288054,7
UvrY,Eki2vivo,0.77,0.2488123279288285,0.5211876720711716,0.323132893414063,0.6768671065859371,0.03,0.0,0.03,0.0,1.0,0.22,0.01634096067952861,0.20365903932047139,0.07427709399785731,0.9257229060021427,0.05,0.0,0.05,0.0,1.0,0.05,0.0,0.05,0.0,1.0,0.01,0.0,0.01,0.0,1.0,0.26,0.3333333333333333,0.0733333333333333,1.282051282051282,0.28205128205128194,0.2399230384947432,0.13402572067499663,0.13402572067499663,0.8406630420913374,0.21530422714770112,7
UxuR,Eki2vivo,0.75,0.23284043886592135,0.5171595611340787,0.3104539184878951,0.689546081512105,0.09,0.0,0.09,0.0,1.0,0.19,0.15635181768991005,0.03364818231008995,0.8229043036311056,0.1770956963688945,0.03,0.0,0.03,0.0,1.0,0.02,0.0,0.02,0.0,1.0,0.01,0.0,0.01,0.0,1.0,0.32,0.24751160871988512,0.07248839128011489,0.773473777249641,0.22652622275035902,0.27240457133837737,0.11047087638918336,0.11047087638918336,0.7275954286616227,0.2011895974006129,7
YbhD,Eki2vivo,0.78,0.22977525925504214,0.5502247407449579,0.29458366571159245,0.7054163342884074,0.06,0.0,0.06,0.0,1.0,0.19,0.18094531810086198,0.009054681899138023,0.9523437794782209,0.04765622052177907,0.03,0.0,0.03,0.0,1.0,0.02,0.0,0.02,0.0,1.0,0.01,0.0,0.01,0.0,1.0,0.29,0.1694091468994692,0.12059085310053078,0.5841694720671352,0.4158305279328648,0.26158527389384983,0.1142671822492324,0.1142671822492324,0.7384147261061502,0.2145997624960956,7
YdeO,Eki2vivo,0.81,0.23613080270579762,0.5738691972942025,0.2915195095133304,0.7084804904866697,0.02,0.042564716700723496,0.022564716700723495,2.1282358350361745,1.1282358350361748,0.22,0.016619501088958457,0.20338049891104154,0.07554318676799299,0.924456813232007,0.03,0.0,0.03,0.0,1.0,0.03,0.0,0.03,0.0,1.0,0.01,0.0,0.01,0.0,1.0,0.29,0.2760526690553255,0.013947330944674485,0.9519057553631914,0.04809424463680857,0.49245775524009844,0.12625167769294884,0.12625167769294884,0.8298953404845228,0.23092768732739716,7
YdjF,Eki2vivo,0.76,0.23258949121156705,0.527410508788433,0.30603880422574614,0.693961195774254,0.08,0.0,0.08,0.0,1.0,0.21,0.15872867632651916,0.051271323673480834,0.7558508396500913,0.24414916034990874,0.03,0.0,0.03,0.0,1.0,0.01,0.0,0.01,0.0,1.0,0.0,0.0,0.0,,,0.28,0.24508447012021925,0.03491552987978078,0.8753016790007829,0.12469832099921704,0.3228652204794367,0.10479962319167066,0.10479962319167066,0.6771347795205633,0.20333283328378848,7
YfhA,Eki2vivo,0.77,0.25076818004357987,0.5192318199564201,0.32567296109555827,0.6743270389044417,0.06,0.0,0.06,0.0,1.0,0.19,0.0,0.19,0.0,1.0,0.03,0.0,0.03,0.0,1.0,0.05,0.0,0.05,0.0,1.0,0.01,0.0,0.01,0.0,1.0,0.28,0.32606890261898436,0.04606890261898433,1.1645317950678011,0.16453179506780116,0.21288639373762278,0.1293286746536292,0.1293286746536292,0.8341226905674634,0.21210645125360109,7
Zwf,Eki2vivo,0.93,0.2488376825254251,0.6811623174745749,0.2675674005649732,0.7324325994350267,0.05,0.0,0.05,0.0,1.0,0.13,0.007995590839018808,0.1220044091609812,0.06150454491552929,0.9384954550844707,0.04,0.0,0.04,0.0,1.0,0.01,0.0,0.01,0.0,1.0,0.01,0.0,0.01,0.0,1.0,0.33,0.3226478832102809,0.007352116789719143,0.9777208582129723,0.022279141787027706,0.18668468624192497,0.13150269191789649,0.13150269191789649,0.813315313758075,0.2627386621784749,7
