metname,inchikey,Canonical_SMILES
doxrbcn,AOJJSUZBOXZQNB-TZSSRYMLSA-O,CC1C(C(CC(O1)OC2CC(CC3=C2C(=C4C(=C3O)C(=O)C5=C(C4=O)C(=CC=C5)OC)O)(C(=O)CO)O)[NH3+])O
flxso,,noinchikey
no3,NHNBFGGVMKEFGY-UHFFFAOYSA-N,[N+](=O)([O-])[O-]
tartr__D,FEWJPZIEWOKRBE-LWMBPPNESA-L,C(C(C(=O)[O-])O)(C(=O)[O-])O
hisp,CWNDERHTHMWBSI-YFKPBYRVSA-M,C1=C(NC=N1)CC(COP(=O)([O-])[O-])[NH3+]
trnalys,,noinchikey
cddec5eACP,,noinchikey
2dhphaccoa,,noinchikey
gam6p,XHMJOUIAFHJHBW-IVMDWMLBSA-M,C(C1C(C(C(C(O1)O)[NH3+])O)O)OP(=O)([O-])[O-]
dad_5,XGYIMTFOTBMPFP-KQYNXXCUSA-N,CC1C(C(C(O1)N2C=NC3=C(N=CN=C32)N)O)O
pgp141,,noinchikey
feroxBfe,,noinchikey
3hphaccoa,WOPRCGRQVLJGCX-CECATXLMSA-J,CC(C)(COP(=O)([O-])OP(=O)([O-])OCC1C(C(C(O1)N2C=NC3=C(N=CN=C32)N)O)OP(=O)([O-])[O-])C(C(=O)NCCC(=O)NCCSC(=O)CC4=CC(=CC=C4)O)O
acgal6p,BRGMHAYQAZFZDJ-KEWYIRBNSA-L,CC(=O)NC1C(C(C(OC1O)COP(=O)([O-])[O-])O)O
2ohph,YGTMSXVYLRCOLD-MGDAWYEDSA-N,noinchikey_inpubchem
dann,KCEGBPIYGIWCDH-UHFFFAOYSA-O,CC(C(CCCCCC(=O)[O-])[NH3+])[NH3+]
opmeACP,,noinchikey
lac__D,JVTAAEKCZFNVCJ-UWTATZPHSA-M,CC(C(=O)[O-])O
23dappa,PECYZEOJVXMISF-REOHCLBHSA-N,C(C(C(=O)O)N)N
2hdec9eg3p,,noinchikey
butso3,,noinchikey
3hdecACP,,noinchikey
b2coa,KFWWCMJSYSSPSK-PAXLJYGASA-J,CC=CC(=O)SCCNC(=O)CCNC(=O)C(C(C)(C)COP(=O)([O-])OP(=O)([O-])OCC1C(C(C(O1)N2C=NC3=C(N=CN=C32)N)O)OP(=O)([O-])[O-])O
2ombzl,CZFRMASEEPTBAQ-MYCGWMCTSA-N,CC(=CCCC(=CCCC(=CCCC(=CCCC(=CCCC(=CCCC(=CCCC(=CCC1=C(C(=CC(=C1)O)OC)O)C)C)C)C)C)C)C)C
ncam,DFPAKSUCGFBDDF-UHFFFAOYSA-N,C1=CC(=CN=C1)C(=O)N
k,NPYPAHLBTDXSSS-UHFFFAOYSA-N,[K+]
mpt,HPEUEJRPDGMIMY-IFQPEPLCSA-K,C(C1C(=C(C2C(O1)NC3=C(N2)C(=O)N=C(N3)N)[S-])S)OP(=O)([O-])[O-]
dtbt,AUTOLBMXDDTRRT-UHFFFAOYSA-M,CC1C(NC(=O)N1)CCCCCC(=O)[O-]
aacald,LYIIBVSRGJSHAV-UHFFFAOYSA-O,C(C=O)[NH3+]
xu5p__L,FNZLKVNUWIIPSJ-WHFBIAKZSA-L,C(C(C(C(=O)CO)O)O)OP(=O)([O-])[O-]
1agpe161,,noinchikey
cdpdhdec9eg,LBKBJHVQQNUXGQ-BQUKFSKHSA-L,noinchikey_inpubchem
pant__R,OTOIIPJYVQJATP-BYPYZUCNSA-M,CC(C)(CO)C(C(=O)[O-])O
man6pglyc,BOLXAGHGKNGVBE-MTXRGOKVSA-K,C(C1C(C(C(C(O1)OC(CO)C(=O)[O-])O)O)O)OP(=O)([O-])[O-]
2dhguln,,noinchikey
ocdcap,,noinchikey
2aobut,SAUCHDKDCUROAO-VKHMYHEASA-N,CC(=O)C(C(=O)O)N
urea,XSQUKJJJFZCRTK-UHFFFAOYSA-N,C(=O)(N)N
3ocddec5eACP,,noinchikey
athr__L,AYFVYJQAPQTCCC-HRFVKAFMSA-N,CC(C(C(=O)O)N)O
gln__L,ZDXPYRJPNDTMRX-VKHMYHEASA-N,C(CC(=O)N)C(C(=O)O)N
cysi__L,LEVWYRKDKASIDU-IMJSIDKUSA-N,C(C(C(=O)O)N)SSCC(C(=O)O)N
glyb,KWIUHFFTVRNATP-UHFFFAOYSA-N,C[N+](C)(C)CC(=O)[O-]
stcoa,SIARJEKBADXQJG-LFZQUHGESA-J,CCCCCCCCCCCCCCCCCC(=O)SCCNC(=O)CCNC(=O)C(C(C)(C)COP(=O)([O-])OP(=O)([O-])OCC1C(C(C(O1)N2C=NC3=C(N=CN=C32)N)O)OP(=O)([O-])[O-])O
2odec11eg3p,,noinchikey
cbasp,HLKXYZVTANABHZ-REOHCLBHSA-L,C(C(C(=O)[O-])NC(=O)N)C(=O)[O-]
ddcacoa,YMCXGHLSVALICC-GMHMEAMDSA-J,CCCCCCCCCCCC(=O)SCCNC(=O)CCNC(=O)C(C(C)(C)COP(=O)([O-])OP(=O)([O-])OCC1C(C(C(O1)N2C=NC3=C(N=CN=C32)N)O)OP(=O)([O-])[O-])O
aicar,NOTGFIUVDGNKRI-UUOKFMHZSA-L,C1=NC(=C(N1C2C(C(C(O2)COP(=O)([O-])[O-])O)O)N)C(=O)N
13dpg,LJQLQCAXBUHEAZ-UWTATZPHSA-J,C(C(C(=O)OP(=O)([O-])[O-])O)OP(=O)([O-])[O-]
fru,RFSUNEUAIZKAJO-VRPWFDPXSA-N,C(C1C(C(C(O1)(CO)O)O)O)O
4h3npacald,OXYOFULKSNCNRY-UHFFFAOYSA-M,C1=CC(=C(C=C1CC=O)[N+](=O)[O-])[O-]
acmalt,IJVLHLCOMOKFHH-DURRTVQMSA-N,CC(=O)OCC1C(C(C(C(O1)OC2C(OC(C(C2O)O)O)CO)O)O)O
acolipa,IOAOXSQGQQYOQU-WSFSDJJVSA-E,CCCCCCCCCCCCCC(=O)OC(CCCCCCCCCCC)CC(=O)OC1C(C(OC(C1OP(=O)(O)OC2C(C(C(CO2)N)O)O)COC3(CC(C(C(O3)C(CO)O)OC4C(C(C(C(O4)C(CO)O)OP(=O)([O-])[O-])OC5C(C(C(C(O5)C(COC6C(C(C(C(O6)C(CO)O)O)O)O)O)OP(=O)([O-])[O-])OC7C(C(C(C(O7)COC8C(C(C(C(O8)CO)O)O)O)O)OC9C(C(C(C(O9)CO)O)O)OC1C(C(C(C(O1)COC1C(C(C(C(O1)C(CO)O)O)O)O)O)O)O)O)O)O)OC1(CC(C(C(O1)C(CO)O)OC1C(C(C(C(O1)C)O)O)O)OC1(CC(C(C(O1)C(CO)O)O)O)C(=O)[O-])C(=O)[O-])C(=O)[O-])OCC1C(C(C(C(O1)OP(=O)(O)O)N=C(CC(CCCCCCCCCCC)O)[O-])OC(=O)CC(CCCCCCCCCCC)O)O)N=C(CC(CCCCCCCCCCC)OC(=O)CCCCCCCCCCC)[O-]
orot,PXQPEWDEAKTCGB-UHFFFAOYSA-M,C1=C(NC(=O)NC1=O)C(=O)[O-]
malcoa,LTYOQGRJFJAKNA-DVVLENMVSA-I,CC(C)(COP(=O)([O-])OP(=O)([O-])OCC1C(C(C(O1)N2C=NC3=C(N=CN=C32)N)O)OP(=O)([O-])[O-])C(C(=O)NCCC(=O)NCCSC(=O)CC(=O)[O-])O
eca4colipa,DZEXDGYTOKBZIY-GVBMLQGBSA-C,noinchikey_inpubchem
1agpg120,IACXMECMZISNLR-UHFFFAOYSA-M,CCCCCCCCCCCC(=O)OCC(COP(=O)([O-])OCC(CO)O)O
hdcea,,noinchikey
15dap,VHRGRCVQAFMJIZ-UHFFFAOYSA-P,C(CC[NH3+])CC[NH3+]
csn,OPTASPLRGRRNAP-UHFFFAOYSA-N,C1=C(NC(=O)N=C1)N
3hddecACP,,noinchikey
ppcoa,QAQREVBBADEHPA-IEXPHMLFSA-J,CCC(=O)SCCNC(=O)CCNC(=O)C(C(C)(C)COP(=O)([O-])OP(=O)([O-])OCC1C(C(C(O1)N2C=NC3=C(N=CN=C32)N)O)OP(=O)([O-])[O-])O
valtrna,,noinchikey
gmhep17bp,LMTGTTLGDUACSJ-NNPWBXLPSA-J,C(C(C1C(C(C(C(O1)OP(=O)([O-])[O-])O)O)O)O)OP(=O)([O-])[O-]
enlipa,GSHAAWZSAOJXLM-RQBQWGHISA-H,CCCCCCCCCCCCCC(=O)OC(CCCCCCCCCCC)CC(=O)OC1C(C(OC(C1OP(=O)([O-])[O-])COC2(CC(C(C(O2)C(CO)O)O)OC3(CC(C(C(O3)C(CO)OP(=O)(O)OCCN)O)O)C(=O)[O-])C(=O)[O-])OCC4C(C(C(C(O4)OP(=O)([O-])[O-])NC(=O)CC(CCCCCCCCCCC)O)OC(=O)CC(CCCCCCCCCCC)O)O)NC(=O)CC(CCCCCCCCCCC)OC(=O)CCCCCCCCCCC
cdpdtdecg,ICFWXMWHAMIZGF-WNAWUNHNSA-L,CCCCCCCCCCCCCC(=O)OCC(COP(=O)([O-])OP(=O)([O-])OCC1C(C(C(O1)N2C=CC(=NC2=O)N)O)O)OC(=O)CCCCCCCCCCCCC
dgsn,YKBGVTZYEHREMT-KVQBGUIXSA-N,C1C(C(OC1N2C=NC3=C2NC(=NC3=O)N)CO)O
tyrp,DCWXELXMIBXGTH-QMMMGPOBSA-L,C1=CC(=CC=C1CC(C(=O)[O-])[NH3+])OP(=O)([O-])[O-]
thm,MYVIATVLJGTBFV-UHFFFAOYSA-M,CC1=C(SC=[N+]1CC2=CN=C(N=C2N)C)CCO.[Cl-]
1odec11eg3p,,noinchikey
acmum,MNLRQHMNZILYPY-MKFCKLDKSA-M,CC(C(=O)[O-])OC1C(C(OC(C1O)CO)O)NC(=O)C
colipa,SFVRSCGTAWOHDB-JMYCZVSXSA-C,CCCCCCCCCCCCCC(=O)OC(CCCCCCCCCCC)CC(=O)OC1C(C(OC(C1OP(=O)([O-])[O-])COC2(CC(C(C(O2)C(CO)O)OC3C(C(C(C(O3)C(CO)O)OP(=O)([O-])[O-])OC4C(C(C(C(O4)C(COC5C(C(C(C(O5)C(CO)O)O)O)O)O)OP(=O)([O-])[O-])OC6C(C(C(C(O6)COC7C(C(C(C(O7)CO)O)O)O)O)OC8C(C(C(C(O8)CO)O)O)OC9C(C(C(C(O9)COC1C(C(C(C(O1)C(CO)O)O)O)O)O)O)O)O)O)O)OC1(CC(C(C(O1)C(CO)O)OC1C(C(C(C(O1)C)O)O)O)OC1(CC(C(C(O1)C(CO)O)O)O)C(=O)[O-])C(=O)[O-])C(=O)[O-])OCC1C(C(C(C(O1)OP(=O)(O)O)N=C(CC(CCCCCCCCCCC)O)[O-])OC(=O)CC(CCCCCCCCCCC)O)O)N=C(CC(CCCCCCCCCCC)OC(=O)CCCCCCCCCCC)[O-]
tcynt,ZMZDMBWJUHKJPS-UHFFFAOYSA-M,C(#N)[S-]
trdox,,noinchikey
maltttr,LUEWUZLMQUOBSB-ZLBHSGTGSA-N,C(C1C(C(C(C(O1)OC2C(OC(C(C2O)O)OC3C(OC(C(C3O)O)OC4C(OC(C(C4O)O)O)CO)CO)CO)O)O)O)O
galam6p,XHMJOUIAFHJHBW-GASJEMHNSA-M,C(C1C(C(C(C(O1)O)[NH3+])O)O)OP(=O)([O-])[O-]
5prdmbz,ZMRGXEJKZPRBPJ-SYQHCUMBSA-L,CC1=CC2=C(C=C1C)N(C=N2)C3C(C(C(O3)COP(=O)([O-])[O-])O)O
arbt6p,FBHYCDOVYMVLEN-RMPHRYRLSA-L,C1=CC(=CC=C1O)OC2C(C(C(C(O2)COP(=O)([O-])[O-])O)O)O
2dhp,PKVVTUWHANFMQC-UHFFFAOYSA-M,CC(C)(CO)C(=O)C(=O)[O-]
nadh,BOPGDPNILDQYTO-NNYOXOHSSA-L,C1C=CN(C=C1C(=O)N)C2C(C(C(O2)COP(=O)([O-])OP(=O)([O-])OCC3C(C(C(O3)N4C=NC5=C(N=CN=C54)N)O)O)O)O
t3c5ddeceACP,,noinchikey
3ohodcoa,LGOGWHDPDVAUNY-LFZQUHGESA-J,CCCCCCCCCCCCCCCC(=O)CC(=O)SCCNC(=O)CCNC(=O)C(C(C)(C)COP(=O)([O-])OP(=O)([O-])OCC1C(C(C(O1)N2C=NC3=C(N=CN=C32)N)O)OP(=O)([O-])[O-])O
camp,IVOMOUWHDPKRLL-KQYNXXCUSA-M,C1C2C(C(C(O2)N3C=NC4=C(N=CN=C43)N)O)OP(=O)(O1)[O-]
h2mb4p,MDSIZRKJVDMQOQ-GORDUTHDSA-K,CC(=CCOP(=O)([O-])OP(=O)([O-])[O-])CO
dmpp,CBIDRCWHNCKSTO-UHFFFAOYSA-K,CC(=CCOP(=O)([O-])OP(=O)([O-])[O-])C
pydam,NHZMQXZHNVQTQA-UHFFFAOYSA-O,CC1=NC=C(C(=C1O)C[NH3+])CO
sertrna_sec,,noinchikey
idp,JPXZQMKKFWMMGK-KQYNXXCUSA-K,C1=NC(=O)C2=C(N1)N(C=N2)C3C(C(C(O3)COP(=O)([O-])OP(=O)([O-])[O-])O)O
unagamu,IGGGNUSEBUZFTR-YETNCWQZSA-K,CC(=CCCC(=CCCC(=CCCC(=CCCC(=CCCC(=CCCC(=CCCC(=CCCC(=CCCC(=CCCC(=CCOP(=O)([O-])OP(=O)([O-])OC1C(C(C(C(O1)CO)OC2C(C(C(C(O2)C(=O)[O-])O)O)NC(=O)C)O)NC(=O)C)C)C)C)C)C)C)C)C)C)C)C
pmeACP,,noinchikey
anhgm4p,ZTOWCORYLXDAAW-JOUWMGDHSA-L,noinchikey_inpubchem
glyc3p,AWUCVROLDVIAJX-GSVOUGTGSA-L,C(C(COP(=O)([O-])[O-])O)O
q8,ICFIZJQGJAJRSU-SGHXUWJISA-N,CC1=C(C(=O)C(=C(C1=O)OC)OC)CC=C(C)CCC=C(C)CCC=C(C)CCC=C(C)CCC=C(C)CCC=C(C)CCC=C(C)CCC=C(C)C
eca2und,QGEVVARZDHTYSR-JPDQSREWSA-J,CC=C(C)CCC=C(C)CCC=C(C)CCC=C(C)CCC=C(C)CCC=C(C)CCC=C(C)CCC=C(C)CCC=C(C)CCC=C(C)CCC=C(C)COP(=O)(O)OP(=O)(O)OC1C(C(C(C(O1)CO)OC2C(C(C(C(O2)C(=O)O)OC3C(C(C(C(O3)C)N=C(C)[O-])OC4C(C(C(C(O4)CO)OC5C(C(C(C(O5)C(=O)O)OC6C(C(C(C(O6)C)N=C(C)[O-])O)O)O)N=C(C)[O-])O)N=C(C)[O-])O)O)NC(=O)C)O)NC(=O)C
gmhep7p,SDADNVAZGVDAIM-ZUHYCWGWSA-L,C(C(C1C(C(C(C(O1)O)O)O)O)O)OP(=O)([O-])[O-]
agm,QYPPJABKJHAVHS-UHFFFAOYSA-P,C(CC[NH+]=C(N)N)C[NH3+]
Sfglutth,FHXAGOICBFGEBF-BQBZGAKWSA-M,C(CC(=O)NC(CSC=O)C(=O)NCC(=O)[O-])C(C(=O)[O-])[NH3+]
dcacoa,,noinchikey
dhap,GNGACRATGGDKBX-UHFFFAOYSA-L,C(C(=O)COP(=O)([O-])[O-])O
anhm3p,KGVLFEPQSVUIRC-FYQNUYSYSA-L,CC(C(=O)NC(CCC(=O)[O-])C(=O)NC(CCCC(C(=O)[O-])[NH3+])C(=O)[O-])NC(=O)C(C)OC1C(COC(C1O)CO)NC(=O)C
udpLa4n,GWBAKYBSWHQNMQ-IAZOVDBXSA-M,C1C(C(C(C(O1)OP(=O)([O-])OP(=O)([O-])OCC2C(C(C(O2)N3C=CC(=O)NC3=O)O)O)O)O)[NH3+]
all__D,WQZGKKKJIJFFOK-IVMDWMLBSA-N,C(C1C(C(C(C(O1)O)O)O)O)O
argtrna,,noinchikey
uagmda,PNWZQTONLRRPST-KLDRQJOASA-J,CC(C(=O)NC(CCC(=O)NC(CCCC(C(=O)[O-])[NH3+])C(=O)NC(C)C(=O)NC(C)C(=O)[O-])C(=O)[O-])NC(=O)C(C)OC1C(C(OC(C1O)CO)OP(=O)([O-])OP(=O)([O-])OCC=C(C)CCC=C(C)CCC=C(C)CCC=C(C)CCC=C(C)CCC=C(C)CCC=C(C)CCC=C(C)CCC=C(C)CCC=C(C)CCC=C(C)C)NC(=O)C
pprdn,DWKUKQRKVCMOLP-UHFFFAOYSA-O,C1CC[NH+]=CC1
no,MWUXSHHQAYIFBG-UHFFFAOYSA-N,[N]=O
dsbgrd,,noinchikey
gthox,YPZRWBKMTBYPTK-BJDJZHNGSA-L,C(CC(=O)NC(CSSCC(C(=O)NCC(=O)[O-])NC(=O)CCC(C(=O)[O-])[NH3+])C(=O)NCC(=O)[O-])C(C(=O)[O-])[NH3+]
4ampm,SSWDVESQMBHOQT-UHFFFAOYSA-N,noinchikey_inpubchem
ragund,ORYXFVQODWYDMG-JXWMOMLFSA-L,CC1C(C(C(C(O1)OC2C(C(OC(C2O)CO)OP(=O)(O)OP(=O)([O-])OCC=C(C)CCC=C(C)CCC=C(C)CCC=C(C)CCC=C(C)CCC=C(C)CCC=C(C)CCC=C(C)CCC=C(C)CCC=C(C)CCC=C(C)C)N=C(C)[O-])O)O)O
salchs4,,noinchikey
2mecdp,SFRQRNJMIIUYDI-UHNVWZDZSA-L,CC1(C(COP(=O)(OP(=O)(O1)[O-])[O-])O)CO
epmeACP,,noinchikey
cyst__L,ILRYLPWNYFXEMH-WHFBIAKZSA-N,C(CSCC(C(=O)O)N)C(C(=O)O)N
gam1p,YMJBYRVFGYXULK-QZABAPFNSA-M,C(C1C(C(C(C(O1)OP(=O)([O-])[O-])[NH3+])O)O)O
mocogdp,VQAGYJCYOLHZDH-ILXWUORBSA-K,C1=NC2=C(N1C3C(C(C(O3)COP(=O)([O-])OP(=O)([O-])OCC4C(=C(C5C(O4)NC6=C(N5)C(=O)N=C(N6)N)S)[S-])O)O)NC(=NC2=O)N
oxam,SOWBFZRMHSNYGE-UHFFFAOYSA-M,C(=O)(C(=O)[O-])N
leu__L,ROHFNLRQFUQHCH-YFKPBYRVSA-N,CC(C)CC(C(=O)O)N
sulfac,AGGIJOLULBJGTQ-UHFFFAOYSA-L,C(C(=O)[O-])S(=O)(=O)[O-]
cu,VMQMZMRVKUZKQL-UHFFFAOYSA-N,[Cu+]
pnto__R,GHOKWGTUZJEAQD-ZETCQYMHSA-M,CC(C)(CO)C(C(=O)NCCC(=O)[O-])O
all6p,VFRROHXSMXFLSN-BGPJRJDNSA-L,C(C(C(C(C(C=O)O)O)O)O)OP(=O)([O-])[O-]
dcdp,FTDHDKPUHBLBTL-SHYZEUOFSA-K,C1C(C(OC1N2C=CC(=NC2=O)N)COP(=O)([O-])OP(=O)([O-])[O-])O
mn2,WAEMQWOKJMHJLA-UHFFFAOYSA-N,[Mn+2]
pe180,LVNGJLRDBYCPGB-LDLOPFEMSA-N,CCCCCCCCCCCCCCCCCC(=O)OCC(COP(=O)(O)OCCN)OC(=O)CCCCCCCCCCCCCCCCC
hqn,QIGBRXMKCJKVMJ-UHFFFAOYSA-N,C1=CC(=CC=C1O)O
23dhmb,JTEYKUFKXGDTEU-VKHMYHEASA-M,CC(C)(C(C(=O)[O-])O)O
no2,IOVCWXUNBOPUCH-UHFFFAOYSA-M,N(=O)[O-]
2dh3dgal,WPAMZTWLKIDIOP-NQXXGFSBSA-M,C(C(C(CO)O)O)C(=O)C(=O)[O-]
fuc__L,PNNNRSAQSRJVSB-KCDKBNATSA-N,CC(C(C(C(C=O)O)O)O)O
mnl,FBPFZTCFMRRESA-KVTDHHQDSA-N,C(C(C(C(C(CO)O)O)O)O)O
4hba,BVJSUAQZOZWCKN-UHFFFAOYSA-N,C1=CC(=CC=C1CO)O
ps140,,noinchikey
o6a4colipa,,noinchikey
octapb,,noinchikey
cgly,ZUKPVRWZDMRIEO-VKHMYHEASA-N,C(C(C(=O)NCC(=O)O)N)S
thex2eACP,,noinchikey
guln__L,RGHNJXZEOKUKBD-QTBDOELSSA-M,C(C(C(C(C(C(=O)[O-])O)O)O)O)O
minohp,IMQLKJBTEOYOSI-GPIVLXJGSA-B,noinchikey_inpubchem
ura,ISAKRJDGNUQOIC-UHFFFAOYSA-N,C1=CNC(=O)NC1=O
xtsn,UBORTCNDUKBEOP-UUOKFMHZSA-N,C1=NC2=C(N1C3C(C(C(O3)CO)O)O)NC(=O)NC2=O
fe3dhbzs,IHUQSEJNRLOEKL-UHFFFAOYSA-N,noinchikey_inpubchem
cbm,KXDHJXZQYSOELW-UHFFFAOYSA-M,C(=O)(N)[O-]
iscu,,noinchikey
Nmtrp,CZCIKBSVHDNIDH-NSHDSACASA-N,CNC(CC1=CNC2=CC=CC=C21)C(=O)O
xmp,DCTLYFZHFGENCW-UUOKFMHZSA-L,C1=NC2=C(N1C3C(C(C(O3)COP(=O)([O-])[O-])O)O)NC(=O)NC2=O
2tdec7eg3p,,noinchikey
pa180,YFWHNAWEOZTIPI-DIPNUNPCSA-L,CCCCCCCCCCCCCCCCCC(=O)OCC(COP(=O)([O-])[O-])OC(=O)CCCCCCCCCCCCCCCCC
dc2coa,MGNBGCRQQFMNBM-YJHHLLFWSA-J,CCCCCCCC=CC(=O)SCCNC(=O)CCNC(=O)C(C(C)(C)COP(=O)([O-])OP(=O)([O-])OCC1C(C(C(O1)N2C=NC3=C(N=CN=C32)N)O)OP(=O)([O-])[O-])O
pdx5p,WHOMFKWHIQZTHY-UHFFFAOYSA-L,CC1=NC=C(C(=C1O)CO)COP(=O)([O-])[O-]
amet,MEFKEPWMEQBLKI-AIRLBKTGSA-O,C[S+](CCC(C(=O)O)N)CC1C(C(C(O1)N2C=NC3=C(N=CN=C32)N)O)O
dtdp4d6dg,PSXWNITXWWECNY-UCBTUHGZSA-L,CC1C(=O)C(C(C(O1)OP(=O)([O-])OP(=O)([O-])OCC2C(CC(O2)N3C=C(C(=O)NC3=O)C)O)O)O
fe3dhbzs3,,noinchikey
adn,OIRDTQYFTABQOQ-KQYNXXCUSA-N,C1=NC(=C2C(=N1)N(C=N2)C3C(C(C(O3)CO)O)O)N
fldrd,,noinchikey
3ocmrs7eACP,,noinchikey
apoACP,,noinchikey
galctn__L,RGHNJXZEOKUKBD-RSJOWCBRSA-M,C(C(C(C(C(C(=O)[O-])O)O)O)O)O
ghb,SJZRECIVHVDYJC-UHFFFAOYSA-M,C(CC(=O)[O-])CO
LalaLglu,VYZAGTDAHUIRQA-WHFBIAKZSA-M,CC(C(=O)NC(CCC(=O)[O-])C(=O)[O-])[NH3+]
db4p,OKYHYXLCTGGOLM-UHFFFAOYSA-L,CC(=O)C(COP(=O)([O-])[O-])O
acACP,,noinchikey
acmana,MBLBDJOUHNCFQT-XAMCCFCMSA-N,CC(=O)NC(C=O)C(C(C(CO)O)O)O
frulys,BFSYFTQDGRDJNV-AYHFEMFVSA-O,C(CC[NH2+]CC(=O)C(C(C(CO)O)O)O)CC(C(=O)[O-])[NH3+]
4ahmmp,VUTBELPREDJDDH-UHFFFAOYSA-N,CC1=NC=C(C(=N1)N)CO
pgp120,,noinchikey
dopa,VYFYYTLLBUKUHU-UHFFFAOYSA-O,C1=CC(=C(C=C1CC[NH3+])O)O
metsox_S__L,QEFRNWWLZKMPFJ-YGVKFDHGSA-N,CS(=O)CCC(C(=O)O)N
2ahbut,VUQLHQFKACOHNZ-LURJTMIESA-M,CCC(C(=O)C)(C(=O)[O-])O
citr__L,RHGKLRLOHDJJDR-BYPYZUCNSA-N,C(CC(C(=O)O)N)CNC(=O)N
mdhdhf,CCVJVKWZZMMBHB-WVZVXSGGSA-N,CC1(C(=O)C(CO1)O)O
dhmptp,DGGUVLXVLHAAGT-NJGYIYPDSA-K,C1C(=NC2=C(N1)N=C(NC2=O)N)C(C(COP(=O)([O-])OP(=O)([O-])OP(=O)(O)[O-])O)O
glcur,AEMOLEFTQBMNLQ-AQKNRBDQSA-M,C1(C(C(OC(C1O)O)C(=O)[O-])O)O
kdo2lipid4,XAOLJGCZESYRFT-VHSKNIDJSA-H,CCCCCCCCCCCC(CC(=O)NC1C(C(C(OC1OP(=O)([O-])[O-])COC2C(C(C(C(O2)COC3(CC(C(C(O3)C(CO)O)O)OC4(CC(C(C(O4)C(CO)O)O)O)C(=O)[O-])C(=O)[O-])OP(=O)([O-])[O-])OC(=O)CC(CCCCCCCCCCC)O)NC(=O)CC(CCCCCCCCCCC)O)O)OC(=O)CC(CCCCCCCCCCC)O)O
dtdpglu,YSYKRGRSMLTJNL-URARBOGNSA-L,CC1=CN(C(=O)NC1=O)C2CC(C(O2)COP(=O)([O-])OP(=O)([O-])OC3C(C(C(C(O3)CO)O)O)O)O
halipa,FKGIQBXWASHJRH-JYIPIDLLSA-J,CCCCCCCCCCCCCCCC(=O)OC(CCCCCCCCCCC)CC(=O)NC1C(C(C(OC1OP(=O)([O-])[O-])COC2C(C(C(C(O2)CO)OP(=O)([O-])[O-])OC(=O)CC(CCCCCCCCCCC)OC(=O)CCCCCCCCCCC)NC(=O)CC(CCCCCCCCCCC)OC(=O)CCCCCCCCCCCCC)O)OC(=O)CC(CCCCCCCCCCC)O
trnatyr,,noinchikey
prfp,QOUSHGMTBIIAHR-KEOHHSTQSA-J,C1=NC(=C(N1C2C(C(C(O2)COP(=O)([O-])[O-])O)O)NC=NC3C(C(C(O3)COP(=O)([O-])[O-])O)O)C(=O)N
cbi,XQRJFEVDQXEIAX-JFYQDRLCSA-M,noinchikey_inpubchem
acmum6p,NMEMTQKUEVNSPV-MKFCKLDKSA-K,CC(C(=O)[O-])OC1C(C(OC(C1O)COP(=O)([O-])[O-])O)NC(=O)C
u3hga,ZFPNNOXCEDQJQS-SSVOXRMNSA-M,CCCCCCCCCCCC(CC(=O)OC1C(C(OC(C1O)CO)OP(=O)([O-])OP(=O)([O-])OCC2C(C(C(O2)N3C=CC(=O)NC3=O)O)O)[NH3+])O
salchsx,,noinchikey
sufbcd,,noinchikey
3hdcoa,HIVSMYZAMUNFKZ-PNPVFPMQSA-J,CCCCCCCC(CC(=O)SCCNC(=O)CCNC(=O)C(C(C)(C)COP(=O)([O-])OP(=O)([O-])OCC1C(C(C(O1)N2C=NC3=C(N=CN=C32)N)O)OP(=O)([O-])[O-])O)O
mmet,YDBYJHTYSHBBAU-YFKPBYRVSA-O,C[S+](C)CCC(C(=O)O)N
thymd,IQFYYKKMVGJFEH-XLPZGREQSA-N,CC1=CN(C(=O)NC1=O)C2CC(C(O2)CO)O
actACP,,noinchikey
26dap_LL,GMKMEZVLHJARHF-WHFBIAKZSA-N,C(CC(C(=O)O)N)CC(C(=O)O)N
pe140,,noinchikey
pg120,,noinchikey
gsn,NYHBQMYGNKIUIF-UUOKFMHZSA-N,C1=NC2=C(N1C3C(C(C(O3)CO)O)O)NC(=NC2=O)N
murein5p3p,SBOXLYQXPDGZLN-UHFFFAOYSA-G,noinchikey_inpubchem
skm5p,QYOJSKGCWNAKGW-PBXRRBTRSA-K,C1C(C(C(C=C1C(=O)[O-])OP(=O)([O-])[O-])O)O
3ophb,UTIBHEBNILDQKX-LQOKPSQISA-M,CC(=CCCC(=CCCC(=CCCC(=CCCC(=CCCC(=CCCC(=CCCC(=CCC1=C(C=CC(=C1)C(=O)[O-])O)C)C)C)C)C)C)C)C
so2,RAHZWNYVWXNFOC-UHFFFAOYSA-N,O=S=O
thrp,USRGIUJOYOXOQJ-GBXIJSLDSA-L,CC(C(C(=O)[O-])[NH3+])OP(=O)([O-])[O-]
oc2coa,CPSDNAXXKWVYIY-NTLMCJQISA-J,CCCCCC=CC(=O)SCCN=C(CCN=C(C(C(C)(C)COP(=O)(O)OP(=O)(O)OCC1C(C(C(O1)N2C=NC3=C(N=CN=C32)N)O)OP(=O)([O-])[O-])O)[O-])[O-]
cpmp,CZAKJJUNKNPTTO-AJFJRRQVSA-N,C1C2C(C(C3C(O2)NC4=C(N3)C(=O)N=C(N4)N)(O)O)OP(=O)(O1)O
26dap__M,GMKMEZVLHJARHF-SYDPRGILSA-N,C(CC(C(=O)O)N)CC(C(=O)O)N
2dr5p,ALQNUOMIEBHXQG-CRCLSJGQSA-L,C(C=O)C(C(COP(=O)([O-])[O-])O)O
rbl__L,ZAQJHHRNXZUBTE-UCORVYFPSA-N,C(C(C(C(=O)CO)O)O)O
orot5p,KYOBSHFOBAOFBF-XVFCMESISA-K,C1=C(N(C(=O)NC1=O)C2C(C(C(O2)COP(=O)([O-])[O-])O)O)C(=O)[O-]
fgam,VDXLUNDMVKSKHO-ZRTZXPPTSA-L,C(C1C(C(C(O1)NC(=O)CNC=O)O)O)OP(=O)([O-])[O-]
idon__L,RGHNJXZEOKUKBD-SKNVOMKLSA-M,C(C(C(C(C(C(=O)[O-])O)O)O)O)O
dgtp,HAAZLUGHYHWQIW-KVQBGUIXSA-J,C1C(C(OC1N2C=NC3=C2NC(=NC3=O)N)COP(=O)([O-])OP(=O)([O-])OP(=O)([O-])[O-])O
for,BDAGIHXWWSANSR-UHFFFAOYSA-M,C(=O)[O-]
35dhpha,,noinchikey
murein5px4px4p,UVVIMBIDZMDRCG-UHFFFAOYSA-D,noinchikey_inpubchem
dimp,PHNGFPPXDJJADG-RRKCRQDMSA-L,C1C(C(OC1N2C=NC3=C2NC=NC3=O)COP(=O)([O-])[O-])O
dcmp,NCMVOABPESMRCP-SHYZEUOFSA-L,C1C(C(OC1N2C=CC(=NC2=O)N)COP(=O)([O-])[O-])O
4h3npac,QBHBHOSRLDPIHG-UHFFFAOYSA-L,C1=CC(=C(C=C1CC(=O)[O-])[N+](=O)[O-])[O-]
10fthf,AUFGTPPARQZWDO-YPMHNXCESA-L,C1C(NC2=C(N1)NC(=NC2=O)N)CN(C=O)C3=CC=C(C=C3)C(=O)NC(CCC(=O)[O-])C(=O)[O-]
tyr__L,OUYCCCASQSFEME-QMMMGPOBSA-N,C1=CC(=CC=C1CC(C(=O)O)N)O
gtp,XKMLYUALXHKNFT-UUOKFMHZSA-J,C1=NC2=C(N1C3C(C(C(O3)COP(=O)([O-])OP(=O)([O-])OP(=O)([O-])[O-])O)O)NC(=NC2=O)N
2mcit,YNOXCRMFGMSKIJ-NFNCENRGSA-K,CC(C(=O)[O-])C(CC(=O)[O-])(C(=O)[O-])O
selnp,JRPHGDYSKGJTKZ-UHFFFAOYSA-K,[O-]P(=O)([O-])[Se-]
malt,GUBGYTABKSRVRQ-PICCSMPSSA-N,C(C1C(C(C(C(O1)OC2C(OC(C(C2O)O)O)CO)O)O)O)O
12ppd__R,DNIAPMSPPWPWGF-GSVOUGTGSA-N,CC(CO)O
hkndd,RFENOVFRMPRRJI-AFCKVHGPSA-L,C(CC(=O)[O-])C(=O)C=CC=C(C(=O)[O-])O
pg160,BIABMEZBCHDPBV-MPQUPPDSSA-M,CCCCCCCCCCCCCCCC(=O)OCC(COP(=O)([O-])OCC(CO)O)OC(=O)CCCCCCCCCCCCCCC
pg181,,noinchikey
sufbcd_2fe2s,,noinchikey
urcan,LOIYMIARKYCTBW-OWOJBTEDSA-M,C1=C(NC=N1)C=CC(=O)[O-]
ps161,,noinchikey
ttdcea,,noinchikey
pgp160,ONJBJMDJKLHMEK-MPQUPPDSSA-K,CCCCCCCCCCCCCCCC(=O)OCC(COP(=O)([O-])OCC(COP(=O)([O-])[O-])O)OC(=O)CCCCCCCCCCCCCCC
protrna,,noinchikey
23dhmp,PDGXJDXVGMHUIR-UJURSFKZSA-M,CCC(C)(C(C(=O)[O-])O)O
feroxE,MZFKJKOHYACYNT-UHFFFAOYSA-N,C1CCNC(=O)CCC(=O)N(CCCCCNC(=O)CCC(=O)N(CCCCCNC(=O)CCC(=O)N(CC1)[O-])[O-])[O-].[Fe+3]
chit6p,KYKNQNQCPWDNAK-CBTAGEKQSA-L,CC(=O)NC1C(C(C(OC1O)CO)OC2C(C(C(C(O2)COP(=O)([O-])[O-])O)O)NC(=O)C)O
dxyl5p,AJPADPZSRRUGHI-RFZPGFLSSA-L,CC(=O)C(C(COP(=O)([O-])[O-])O)O
grxrd,,noinchikey
5drib,WDRISBUVHBMJEF-MROZADKFSA-N,CC(C(C(C=O)O)O)O
pe161,,noinchikey
feroxG,,noinchikey
cinnm,WBYWAXJHAXSJNI-VOTSOKGWSA-M,C1=CC=C(C=C1)C=CC(=O)[O-]
fmnh2,YTNIXZGTHTVJBW-SCRDCRAPSA-L,CC1=CC2=C(C=C1C)N(C3=C(N2)C(=O)NC(=O)N3)CC(C(C(COP(=O)([O-])[O-])O)O)O
sufsesh,,noinchikey
3hhexACP,,noinchikey
hdcap,,noinchikey
23cgmp,UASRYODFRYWBRC-UUOKFMHZSA-M,C1=NC2=C(N1C3C4C(C(O3)CO)OP(=O)(O4)[O-])NC(=NC2=O)N
f6p,BGWGXPAPYGQALX-ARQDHWQXSA-L,C(C1C(C(C(O1)(CO)O)O)O)OP(=O)([O-])[O-]
iasp,NMUOATVLLQEYHI-UHFFFAOYSA-M,C(C(=N)C(=O)O)C(=O)[O-]
3otdcoa,IQNFBGHLIVBNOU-QSGBVPJFSA-J,CCCCCCCCCCCC(=O)CC(=O)SCCNC(=O)CCNC(=O)C(C(C)(C)COP(=O)([O-])OP(=O)([O-])OCC1C(C(C(O1)N2C=NC3=C(N=CN=C32)N)O)OP(=O)([O-])[O-])O
xu5p__D,FNZLKVNUWIIPSJ-RFZPGFLSSA-L,C(C(C(C(=O)CO)O)O)OP(=O)([O-])[O-]
grdp,GVVPGTZRZFNKDS-JXMROGBWSA-K,CC(=CCCC(=CCOP(=O)([O-])OP(=O)([O-])[O-])C)C
methf,MEANFMOQMXYMCT-OLZOCXBDSA-M,C1C2CN(C=[N+]2C3=C(N1)NC(=NC3=O)N)C4=CC=C(C=C4)C(=O)NC(CCC(=O)[O-])C(=O)[O-]
murein4p4p,VTZDBMVDVOTCFD-UHFFFAOYSA-G,noinchikey_inpubchem
tagdp__D,RNBGYGVWRKECFJ-OEXCPVAWSA-J,C(C1C(C(C(O1)(COP(=O)([O-])[O-])O)O)O)OP(=O)([O-])[O-]
cdpdddecg,,noinchikey
2ddglcn,WPAMZTWLKIDIOP-WVZVXSGGSA-M,C(C(C(CO)O)O)C(=O)C(=O)[O-]
pphn,FPWMCUPFBRFMLH-XGAOUMNUSA-L,noinchikey_inpubchem
2omph,MYNOBJRQIKYBRD-MGHGRUFNSA-N,noinchikey_inpubchem
glucys,RITKHVBHSGLULN-WHFBIAKZSA-M,C(CC(=O)NC(CS)C(=O)[O-])C(C(=O)[O-])[NH3+]
aconm,BRYKYSQCLNCYQW-DUXPYHPUSA-L,COC(=O)C(=CC(=O)[O-])CC(=O)[O-]
odecoa,,noinchikey
1hdecg3p,,noinchikey
suc6p,PJTTXANTBQDXME-UGDNZRGBSA-L,C(C1C(C(C(C(O1)OC2(C(C(C(O2)COP(=O)([O-])[O-])O)O)CO)O)O)O)O
dnad,SENPVEZBRZQVST-HISDBWNOSA-L,C1=CC(=C[N+](=C1)C2C(C(C(O2)COP(=O)([O-])OP(=O)([O-])OCC3C(C(C(O3)N4C=NC5=C(N=CN=C54)N)O)O)O)O)C(=O)[O-]
2hdecg3p,,noinchikey
acglu,RFMMMVDNIPUKGG-YFKPBYRVSA-L,CC(=O)NC(CCC(=O)[O-])C(=O)[O-]
dhmpt,,noinchikey
tre,HDTRYLNUVZCQOY-LIZSDCNHSA-N,C(C1C(C(C(C(O1)OC2C(C(C(C(O2)CO)O)O)O)O)O)O)O
preq1,MEYMBLGOKYDGLZ-UHFFFAOYSA-O,C1=C(C2=C(N1)NC(=NC2=O)N)C[NH3+]
g3pg,LLCSXHMJULHSJN-UHFFFAOYSA-M,C(C(COP(=O)([O-])OCC(CO)O)O)O
rdmbzi,HLRUKOJSWOKCPP-SYQHCUMBSA-N,CC1=CC2=C(C=C1C)N(C=N2)C3C(C(C(O3)CO)O)O
sertrna,,noinchikey
hco3,BVKZGUZCCUSVTD-UHFFFAOYSA-M,C(=O)(O)[O-]
23dhba,ULPVJDOMCRTJSN-RVXWVPLUSA-M,C1=CC(=C(C(=C1)O)O)C(=O)OP(=O)([O-])OCC2C(C(C(O2)N3C=NC4=C(N=CN=C43)N)O)O
glyc2p,DHCLVCXQIBBOPH-UHFFFAOYSA-L,C(C(CO)OP(=O)([O-])[O-])O
manglyc,DDXCFDOPXBPUJC-SAYMMRJXSA-M,C(C1C(C(C(C(O1)OC(CO)C(=O)[O-])O)O)O)O
4per,ZCZXOHUILRHRQJ-PWNYCUMCSA-K,C(C(C(C(=O)[O-])O)O)OP(=O)([O-])[O-]
bglycogen,,noinchikey
histd,ZQISRDCJNBUVMM-YFKPBYRVSA-O,C1=C(NC=N1)CC(CO)[NH3+]
pydx,RADKZDMFGJYCBB-UHFFFAOYSA-N,CC1=NC=C(C(=C1O)C=O)CO
4abut,BTCSSZJGUNDROE-UHFFFAOYSA-N,C(CC(=O)O)CN
crncoa,BBRISSLDTUHWKG-PVMHLSDZSA-K,CC(C)(COP(=O)([O-])OP(=O)([O-])OCC1C(C(C(O1)N2C=NC3=C(N=CN=C32)N)O)OP(=O)([O-])[O-])C(C(=O)NCCC(=O)NCCSC(=O)CC(C[N+](C)(C)C)O)O
tagur,IZSRJDGCGRAUAR-WDCZJNDASA-M,C(C(=O)C(C(C(C(=O)[O-])O)O)O)O
crn__D,PHIQHXFUZVPYII-LURJTMIESA-N,C[N+](C)(C)CC(CC(=O)[O-])O
gslnt,,noinchikey
cbl1,OMAOKVYASDIYQG-DSRCUDDDSA-L,noinchikey_inpubchem
xylu__L,ZAQJHHRNXZUBTE-WVZVXSGGSA-N,C(C(C(C(=O)CO)O)O)O
trp__L,QIVBCDIJIAJPQS-VIFPVBQESA-N,C1=CC=C2C(=C1)C(=CN2)CC(C(=O)O)N
ser__L,MTCFGRXMJLQNBG-REOHCLBHSA-N,C(C(C(=O)O)N)O
rfamp,JQXXHWHPUNPDRT-WLSIYKJHSA-N,CC1C=CC=C(C(=O)NC2=C(C(=C3C(=C2O)C(=C(C4=C3C(=O)C(O4)(OC=CC(C(C(C(C(C(C1O)C)O)C)OC(=O)C)C)OC)C)C)O)O)C=NN5CCN(CC5)C)C
1agpg160,BVJSKAUUFXBDOB-LEWJYISDSA-M,CCCCCCCCCCCCCCCC(=O)OCC(COP(=O)([O-])OCC(CO)O)O
2agpg160,ODJYINYQGFIIRK-UHFFFAOYSA-M,CCCCCCCCCCCCCCCC(=O)OC(CO)COP(=O)([O-])OCC(CO)O
udpLa4fn,QGYFHZBDXXNYAX-RTXATJJPSA-L,C1C(C(C(C(O1)OP(=O)([O-])OP(=O)([O-])OCC2C(C(C(O2)N3C=CC(=O)NC3=O)O)O)O)O)NC=O
2agpe181,,noinchikey
iscssh,,noinchikey
clpn180,,noinchikey
inost,CDAISMWEOUEBRE-GPIVLXJGSA-N,noinchikey_inpubchem
imp,GRSZFWQUAKGDAV-KQYNXXCUSA-L,C1=NC(=O)C2=C(N1)N(C=N2)C3C(C(C(O3)COP(=O)([O-])[O-])O)O
o16aund,NYDKXESIKHJNQU-FIYHCCFRSA-L,CC1C(C(C(C(O1)OC2C(C(OC(C2O)COC3C(C(C(C(O3)CO)O)O)O)OP(=O)(O)OP(=O)([O-])OCC=C(C)CCC=C(C)CCC=C(C)CCC=C(C)CCC=C(C)CCC=C(C)CCC=C(C)CCC=C(C)CCC=C(C)CCC=C(C)CCC=C(C)C)N=C(C)[O-])OC(=O)C)OC4C(C(C(C(O4)COC5C(C(C(O5)C(CO)O)O)O)O)O)O)O
3oxdhscoa,IFFFDKYRRUVOFP-HURBHMQQSA-I,CC(C)(COP(=O)([O-])OP(=O)([O-])OCC1C(C(C(O1)N2C=NC3=C(N=CN=C32)N)O)OP(=O)([O-])[O-])C(C(=O)NCCC(=O)NCCSC(=O)CC(=O)CC=CCC(=O)[O-])O
dtdp4addg,UIVJXHWSIFBBCY-WDQPOOCWSA-M,CC1C(C(C(C(O1)OP(=O)([O-])OP(=O)([O-])OCC2C(CC(O2)N3C=C(C(=O)NC3=O)C)O)O)O)[NH3+]
abt__D,HEBKCHPVOIAQTA-QWWZWVQMSA-N,C(C(C(C(CO)O)O)O)O
met__D,FFEARJCKVFRZRR-SCSAIBSYSA-N,CSCCC(C(=O)O)N
3hddcoa,IJFLXRCJWPKGKJ-LXIXEQKWSA-J,CCCCCCCCCC(CC(=O)SCCN=C(CCN=C(C(C(C)(C)COP(=O)(O)OP(=O)(O)OCC1C(C(C(O1)N2C=NC3=C(N=CN=C32)N)O)OP(=O)([O-])[O-])O)[O-])[O-])O
clpn120,,noinchikey
thf,MSTNYGQPCMXVAQ-RYUDHWBXSA-L,C1C(NC2=C(N1)NC(=NC2=O)N)CNC3=CC=C(C=C3)C(=O)NC(CCC(=O)[O-])C(=O)[O-]
leutrna,,noinchikey
cmp,IERHLVCPSMICTF-XVFCMESISA-L,C1=CN(C(=O)N=C1N)C2C(C(C(O2)COP(=O)([O-])[O-])O)O
trdrd,,noinchikey
6apa,NGHVIOIJCVXTGV-ALEPSDHESA-N,CC1(C(N2C(S1)C(C2=O)N)C(=O)O)C
cys__D,XUJNEKJLAYXESH-UWTATZPHSA-N,C(C(C(=O)O)N)S
dsbdox,,noinchikey
tym,DZGWFCGJZKJUFP-UHFFFAOYSA-O,C1=CC(=CC=C1CC[NH3+])O
mobd,MEFBJEMVZONFCJ-UHFFFAOYSA-N,[O-][Mo](=O)(=O)[O-]
dtmp,GYOZYWVXFNDGLU-XLPZGREQSA-L,CC1=CN(C(=O)NC1=O)C2CC(C(O2)COP(=O)([O-])[O-])O
1agpe181,,noinchikey
cynt,XLJMAIOERFSOGZ-UHFFFAOYSA-M,noinchikey_inpubchem
glu__D,WHUUTDBJXJRKMK-GSVOUGTGSA-M,C(CC(=O)O)C(C(=O)[O-])N
cobalt2,XLJKHNWPARRRJB-UHFFFAOYSA-N,[Co+2]
4adcho,OIUJHGOLFKDBSU-HTQZYQBOSA-M,C=C(C(=O)[O-])OC1C=C(C=CC1[NH3+])C(=O)[O-]
clpn181,HSSSADMXQPKIEB-GXYAQEMJSA-L,noinchikey_inpubchem
1agpg140,LUTDZDAPSDZVAL-RBUKOAKNSA-M,CCCCCCCCCCCCCC(=O)OCC(COP(=O)([O-])OCC(CO)O)O
td2coa,MBCVYCOKMMMWLX-YYMFEJJQSA-J,CCCCCCCCCCCC=CC(=O)SCCN=C(CCN=C(C(C(C)(C)COP(=O)(O)OP(=O)(O)OCC1C(C(C(O1)N2C=NC3=C(N=CN=C32)N)O)OP(=O)([O-])[O-])O)[O-])[O-]
pppn,XMIIGOLPHOKFCH-UHFFFAOYSA-M,C1=CC=C(C=C1)CCC(=O)[O-]
3htdcoa,OXBHKMHNDGRDCZ-STLSENOWSA-J,CCCCCCCCCCCC(CC(=O)SCCN=C(CCN=C(C(C(C)(C)COP(=O)(O)OP(=O)(O)OCC1C(C(C(O1)N2C=NC3=C(N=CN=C32)N)O)OP(=O)([O-])[O-])O)[O-])[O-])O
prlp,BLKFNHOCHNCLII-GHVQHMAVSA-J,C1=NC(=C(N1C2C(C(C(O2)COP(=O)([O-])[O-])O)O)NC=NCC(=O)C(C(COP(=O)([O-])[O-])O)O)C(=O)N
34hpp,KKADPXVIOXHVKN-UHFFFAOYSA-M,C1=CC(=CC=C1CC(=O)C(=O)[O-])O
acgam6p,BRGMHAYQAZFZDJ-RTRLPJTCSA-L,CC(=O)NC1C(C(C(OC1O)COP(=O)([O-])[O-])O)O
crnDcoa,BBRISSLDTUHWKG-ZORKKWTOSA-K,CC(C)(COP(=O)([O-])OP(=O)([O-])OCC1C(C(C(O1)N2C=NC3=C(N=CN=C32)N)O)OP(=O)([O-])[O-])C(C(=O)NCCC(=O)NCCSC(=O)CC(C[N+](C)(C)C)O)O
fruur,PTCIWUZVDIQTOW-XDJBDKDSSA-M,C(C1(C(C(C(O1)C(=O)[O-])O)O)O)O
dsbaox,,noinchikey
uacgam,LFTYTUAZOPRMMI-CFRASDGPSA-L,CC(=O)NC1C(C(C(OC1OP(=O)([O-])OP(=O)([O-])OCC2C(C(C(O2)N3C=CC(=O)NC3=O)O)O)CO)O)O
asn__L,DCXYFEDJOCDNAF-REOHCLBHSA-N,C(C(C(=O)O)N)C(=O)N
ctbtcoa,WAUPBDVHJXXZGW-HXPULJKESA-K,CC(C)(COP(=O)([O-])OP(=O)([O-])OCC1C(C(C(O1)N2C=NC3=C(N=CN=C32)N)O)OP(=O)([O-])[O-])C(C(=O)NCCC(=O)NCCSC(=O)C=CC[N+](C)(C)C)O
g3pi,BMVUIWJCUQSHLZ-UJGXJMNGSA-M,noinchikey_inpubchem
ttdcap,,noinchikey
4fe4s,LJBDFODJNLIPKO-UHFFFAOYSA-N,noinchikey_inpubchem
cdpdhdecg,,noinchikey
ptrc,KIDHWZJUCRJVML-UHFFFAOYSA-P,C(CC[NH3+])C[NH3+]
colipa20Oag,,noinchikey
cellb,GUBGYTABKSRVRQ-QRZGKKJRSA-N,C(C1C(C(C(C(O1)OC2C(OC(C(C2O)O)O)CO)O)O)O)O
hdd2coa,JUPAQFRKPHPXLD-MSHHSVQMSA-J,CCCCCCCCCCCCCC=CC(=O)SCCN=C(CCN=C(C(C(C)(C)COP(=O)(O)OP(=O)(O)OCC1C(C(C(O1)N2C=NC3=C(N=CN=C32)N)O)OP(=O)([O-])[O-])O)[O-])[O-]
LalaDglu,VYZAGTDAHUIRQA-CRCLSJGQSA-M,CC(C(=O)NC(CCC(=O)O)C(=O)[O-])N
t3c9palmeACP,,noinchikey
25aics,NAQGHJTUZRHGAC-ZZZDFHIKSA-J,C1=NC(=C(N1C2C(C(C(O2)COP(=O)([O-])[O-])O)O)N)C(=O)NC(CC(=O)[O-])C(=O)[O-]
dca,,noinchikey
glu__L,WHUUTDBJXJRKMK-VKHMYHEASA-M,C(CC(=O)[O-])C(C(=O)[O-])[NH3+]
4abutn,DZQLQEYLEYWJIB-UHFFFAOYSA-O,C(CC=O)C[NH3+]
tungs,PBYZMCDFOULPGH-UHFFFAOYSA-N,[O-][W](=O)(=O)[O-]
acg5sa,BCPSFKBPHHBDAI-LURJTMIESA-M,CC(=O)NC(CCC=O)C(=O)[O-]
hdceap,,noinchikey
5aptn,JJMDCOVWQOJGCB-UHFFFAOYSA-N,C(CCN)CC(=O)O
dump,JSRLJPSBLDHEIO-SHYZEUOFSA-L,C1C(C(OC1N2C=CC(=O)NC2=O)COP(=O)([O-])[O-])O
iletrna,,noinchikey
indpyr,RSTKLPZEZYGQPY-UHFFFAOYSA-M,C1=CC=C2C(=C1)C(=CN2)CC(=O)C(=O)[O-]
hlipa,HPDZKCJEWNZSML-YOZKHJKSSA-H,CCCCCCCCCCCCCC(=O)OC(CCCCCCCCCCC)CC(=O)OC1C(C(OC(C1OP(=O)([O-])[O-])COC2(CC(C(C(O2)C(CO)O)OC3C(C(C(C(O3)C(CO)O)O)O)O)OC4(CC(C(C(O4)C(CO)O)O)O)C(=O)[O-])C(=O)[O-])OCC5C(C(C(C(O5)OP(=O)([O-])[O-])NC(=O)CC(CCCCCCCCCCC)O)OC(=O)CC(CCCCCCCCCCC)O)O)NC(=O)CC(CCCCCCCCCCC)OC(=O)CCCCCCCCCCC
sufse,,noinchikey
6hmhpt,CQQNNQTXUGLUEV-UHFFFAOYSA-N,C1C(=NC2=C(N1)NC(=NC2=O)N)CO
12dgr181,,noinchikey
ppi,XPPKVPWEQAFLFU-UHFFFAOYSA-K,OP(=O)([O-])OP(=O)([O-])[O-]
3cmp,UOOOPKANIPLQPU-XVFCMESISA-L,C1=CN(C(=O)N=C1N)C2C(C(C(O2)CO)OP(=O)([O-])[O-])O
ump,DJJCXFVJDGTHFX-XVFCMESISA-L,C1=CN(C(=O)NC1=O)C2C(C(C(O2)COP(=O)([O-])[O-])O)O
dhf,OZRNSSUDZOLUSN-LBPRGKRZSA-L,C1C(=NC2=C(N1)NC(=NC2=O)N)CNC3=CC=C(C=C3)C(=O)NC(CCC(=O)[O-])C(=O)[O-]
rbt,HEBKCHPVOIAQTA-ZXFHETKHSA-N,noinchikey_inpubchem
etoh,LFQSCWFLJHTTHZ-UHFFFAOYSA-N,CCO
pmtcoa,MNBKLUUYKPBKDU-BBECNAHFSA-J,CCCCCCCCCCCCCCCC(=O)SCCNC(=O)CCNC(=O)C(C(C)(C)COP(=O)([O-])OP(=O)([O-])OCC1C(C(C(O1)N2C=NC3=C(N=CN=C32)N)O)OP(=O)([O-])[O-])O
msa,OAKURXIZZOAYBC-UHFFFAOYSA-M,C(C=O)C(=O)[O-]
1pyr5c,DWAKNKKXGALPNW-UHFFFAOYSA-M,C1CC(N=C1)C(=O)[O-]
appl,HXKKHQJGJAFBHI-GSVOUGTGSA-O,CC(C[NH3+])O
pro__L,ONIBWKKTOPOVIA-BYPYZUCNSA-N,C1CC(NC1)C(=O)O
octa,WWZKQHOCKIZLMA-UHFFFAOYSA-M,CCCCCCCC(=O)[O-]
pa160,PORPENFLTBBHSG-MGBGTMOVSA-L,CCCCCCCCCCCCCCCC(=O)OCC(COP(=O)([O-])[O-])OC(=O)CCCCCCCCCCCCCCC
ocdceap,,noinchikey
uracp,AJFKXWQDHFYKFK-UPHRSURJSA-N,C(=CNC(=O)N)C(=O)OO
5mthf,ZNOVTXRBGFNYRX-STQMWFEESA-L,CN1C(CNC2=C1C(=O)N=C(N2)N)CNC3=CC=C(C=C3)C(=O)NC(CCC(=O)[O-])C(=O)[O-]
lyx__L,SRBFZHDQGSBBOR-AEQNFAKKSA-N,C1C(C(C(C(O1)O)O)O)O
4abz,ALYNCZNDIQEVRV-UHFFFAOYSA-M,C1=CC(=CC=C1C(=O)[O-])N
lipoate,AGBQKNBQESQNJD-SSDOTTSWSA-M,C1CSSC1CCCCC(=O)[O-]
flxr,,noinchikey
murein5p5p,WSONNHVKPYOZEY-UHFFFAOYSA-E,noinchikey_inpubchem
btd_RR,,noinchikey
co2,CURLTUGMZLYLDI-UHFFFAOYSA-N,C(=O)=O
2omhmbl,QURLIMHPCRKMJP-WDXILIIOSA-N,CC1=C(C(=C(C(=C1O)O)OC)O)CC=C(C)CCC=C(C)CCC=C(C)CCC=C(C)CCC=C(C)CCC=C(C)CCC=C(C)CCC=C(C)C
trnatrp,,noinchikey
ribflv,AUNGANRZJHBGPY-SCRDCRAPSA-M,CC1=CC2=C(C=C1C)N(C3=NC(=NC(=O)C3=N2)[O-])CC(C(C(CO)O)O)O
acgam1p,FZLJPEPAYPUMMR-RTRLPJTCSA-L,noinchikey_inpubchem
2agpg120,,noinchikey
cdpdtdec7eg,VDJIEKQUDMPHPA-WNAWUNHNSA-L,noinchikey_inpubchem
tet,HPQYKCJIWQFJMS-UHFFFAOYSA-L,[O-]S(=O)(=O)SSS(=O)(=O)[O-]
pran,PMFMJXPRNJUYMB-GWOFURMSSA-K,C1=CC=C(C(=C1)C(=O)[O-])NC2C(C(C(O2)COP(=O)([O-])[O-])O)O
3ohexACP,,noinchikey
hmgth,PIUSLWSYOYFRFR-BQBZGAKWSA-M,C(CC(=O)NC(CSCO)C(=O)NCC(=O)[O-])C(C(=O)[O-])[NH3+]
lipidA,KVJWZTLXIROHIL-QDORLFPLSA-J,CCCCCCCCCCCC(CC(=O)NC1C(C(C(OC1OP(=O)([O-])[O-])COC2C(C(C(C(O2)CO)OP(=O)([O-])[O-])OC(=O)CC(CCCCCCCCCCC)O)NC(=O)CC(CCCCCCCCCCC)O)O)OC(=O)CC(CCCCCCCCCCC)O)O
mso3,AFVFQIVMOAPDHO-UHFFFAOYSA-M,CS(=O)(=O)[O-]
anhm,,noinchikey
dad_2,OLXZPDWKRNYJJZ-RRKCRQDMSA-N,C1C(C(OC1N2C=NC3=C(N=CN=C32)N)CO)O
gicolipa,JIYBFSMTJJSDHN-XHEUBBKESA-C,CCCCCCCCCCCCCC(=O)OC(CCCCCCCCCCC)CC(=O)OC1C(C(OC(C1OP(=O)([O-])[O-])COC2(CC(C(C(O2)C(CO)O)OC3C(C(C(C(O3)C(CO)O)OP(=O)([O-])[O-])OC4C(C(C(C(O4)C(COC5C(C(C(C(O5)C(CO)O)O)O)O)O)OP(=O)([O-])[O-])OC6C(C(C(C(O6)CO)O)O)O)O)O)OC7(CC(C(C(O7)C(CO)O)OC8C(C(C(C(O8)C)O)O)O)OC9(CC(C(C(O9)C(CO)O)O)O)C(=O)[O-])C(=O)[O-])C(=O)[O-])OCC1C(C(C(C(O1)OP(=O)(O)O)N=C(CC(CCCCCCCCCCC)O)[O-])OC(=O)CC(CCCCCCCCCCC)O)O)N=C(CC(CCCCCCCCCCC)OC(=O)CCCCCCCCCCC)[O-]
pydxn,LXNHXLLTXMVWPM-UHFFFAOYSA-N,CC1=NC=C(C(=C1O)CO)CO
LalaDgluMdapDala,BAPAFFOXTCMVCC-UHFFFAOYSA-M,noinchikey_inpubchem
trptrna,,noinchikey
pg141,,noinchikey
5aizc,XFVULMDJZXYMSG-ZIYNGMLESA-L,C1=NC(=C(N1C2C(C(C(O2)COP(=O)([O-])[O-])O)O)N)C(=O)O
seramp,UVSYURUCZPPUQD-MACXSXHHSA-M,C1=NC(=C2C(=N1)N(C=N2)C3C(C(C(O3)COP(=O)([O-])OC(=O)C(CO)N)O)O)N
gggagicolipa,DJHBKVISRABJNG-HEIPHTFDSA-C,CCCCCCCCCCCCCC(=O)OC(CCCCCCCCCCC)CC(=O)OC1C(C(OC(C1OP(=O)([O-])[O-])COC2(CC(C(C(O2)C(CO)O)OC3C(C(C(C(O3)C(CO)O)OP(=O)([O-])[O-])OC4C(C(C(C(O4)C(COC5C(C(C(C(O5)C(CO)O)O)O)O)O)OP(=O)([O-])[O-])OC6C(C(C(C(O6)COC7C(C(C(C(O7)CO)O)O)O)O)OC8C(C(C(C(O8)CO)O)O)OC9C(C(C(C(O9)CO)O)O)O)O)O)O)OC1(CC(C(C(O1)C(CO)O)OC1C(C(C(C(O1)C)O)O)O)OC1(CC(C(C(O1)C(CO)O)O)O)C(=O)[O-])C(=O)[O-])C(=O)[O-])OCC1C(C(C(C(O1)OP(=O)(O)O)N=C(CC(CCCCCCCCCCC)O)[O-])OC(=O)CC(CCCCCCCCCCC)O)O)N=C(CC(CCCCCCCCCCC)OC(=O)CCCCCCCCCCC)[O-]
3hoxpac,FVMDYYGIDFPZAX-UHFFFAOYSA-M,C1=CC(=CC(=C1)O)CC(=O)[O-]
cpe160,DTFRUHREBAYLCS-UHFFFAOYSA-M,CCCCCCC1CC1CCCCCCCC(=O)N(CCOP(=O)([O-])OCC(CO)O)C(=O)CCCCCCCC2CC2CCCCCC
fe3,VTLYFUHAOXGGBS-UHFFFAOYSA-N,[Fe+3]
chol,OEYIOHPDSNJKLS-UHFFFAOYSA-N,C[N+](C)(C)CCO
murein4px4p,,noinchikey
pac,WLJVXDMOQOGPHL-UHFFFAOYSA-M,C1=CC=C(C=C1)CC(=O)[O-]
2me4p,XMWHRVNVKDKBRG-UHNVWZDZSA-L,CC(CO)(C(COP(=O)([O-])[O-])O)O
dhptdn,KVDQMARGGBLIJM-UHFFFAOYSA-N,C1CN=C2C(=N1)C=NC=N2
bbtcoa,QAMRRBGWSPTAEJ-SVHODSNWSA-K,CC(C)(COP(=O)([O-])OP(=O)([O-])OCC1C(C(C(O1)N2C=NC3=C(N=CN=C32)N)O)OP(=O)([O-])[O-])C(C(=O)NCCC(=O)NCCSC(=O)CCC[N+](C)(C)C)O
thmpp,AYEKOFBPNLCAJY-UHFFFAOYSA-L,CC1=C(SC=[N+]1CC2=CN=C(N=C2N)C)CCOP(=O)([O-])OP(=O)([O-])[O-]
fum,VZCYOOQTPOCHFL-OWOJBTEDSA-L,C(=CC(=O)[O-])C(=O)[O-]
glcr,DSLZVSRJTYRBFB-LLEIAEIESA-L,C(C(C(C(=O)[O-])O)O)(C(C(=O)[O-])O)O
unagamuf,PSONHUYFSWYIME-RZVIFHIQSA-K,CC1C(C(C(C(O1)OC2C(C(C(OC2C(=O)[O-])OC3C(OC(C(C3O)NC(=O)C)OP(=O)([O-])OP(=O)([O-])OCC=C(C)CCC=C(C)CCC=C(C)CCC=C(C)CCC=C(C)CCC=C(C)CCC=C(C)CCC=C(C)CCC=C(C)CCC=C(C)CCC=C(C)C)CO)NC(=O)C)O)O)O)NC(=O)C
dhna,VOJUXHHACRXLTD-UHFFFAOYSA-M,C1=CC=C2C(=C1)C(=CC(=C2O)C(=O)[O-])O
25dkglcn,RXMWXENJQAINCC-DMTCNVIQSA-M,C(C(=O)C(C(C(=O)C(=O)[O-])O)O)O
12dgr161,,noinchikey
iscu_4fe4s,,noinchikey
btcoa,CRFNGMNYKDXRTN-CITAKDKDSA-J,CCCC(=O)SCCNC(=O)CCNC(=O)C(C(C)(C)COP(=O)([O-])OP(=O)([O-])OCC1C(C(C(O1)N2C=NC3=C(N=CN=C32)N)O)OP(=O)([O-])[O-])O
1agpe180,BBYWOYAFBUOUFP-JOCHJYFZSA-N,CCCCCCCCCCCCCCCCCC(=O)OCC(COP(=O)(O)OCCN)O
mal__L,BJEPYKJPYRNKOW-REOHCLBHSA-L,C(C(C(=O)[O-])O)C(=O)[O-]
gmp,RQFCJASXJCIDSX-UUOKFMHZSA-L,C1=NC2=C(N1C3C(C(C(O3)COP(=O)([O-])[O-])O)O)NC(=NC2=O)N
ipdp,NUHSROFQTUXZQQ-UHFFFAOYSA-K,CC(=C)CCOP(=O)([O-])OP(=O)([O-])[O-]
udcpp,UFPHFKCTOZIAFY-RDQGWRCRSA-L,CC(=CCCC(=CCCC(=CCCC(=CCCC(=CCCC(=CCCC(=CCCC(=CCCC(=CCCC(=CCCC(=CCOP(=O)([O-])[O-])C)C)C)C)C)C)C)C)C)C)C
trnaglu,,noinchikey
aragund,WYHMIVUCEAXZMZ-LRILUZMESA-L,CC1C(C(C(C(O1)OC2C(C(OC(C2O)CO)OP(=O)(O)OP(=O)([O-])OCC=C(C)CCC=C(C)CCC=C(C)CCC=C(C)CCC=C(C)CCC=C(C)CCC=C(C)CCC=C(C)CCC=C(C)CCC=C(C)CCC=C(C)C)N=C(C)[O-])OC(=O)C)O)O
cpg160,OBXHKDVMOWISFV-UHFFFAOYSA-M,CCCCCCC1CC1CCCCCCCC(=O)OCC(COP(=O)([O-])OCC(CO)O)OC(=O)CCCCCCCC2CC2CCCCCC
phthr,FKHAKIJOKDGEII-GBXIJSLDSA-L,C(C(C(C(=O)[O-])[NH3+])O)OP(=O)([O-])[O-]
3hcmrs7eACP,,noinchikey
didp,BKUSIKGSPSFQAC-RRKCRQDMSA-K,C1C(C(OC1N2C=NC3=C2N=CN=C3[O-])COP(=O)(O)OP(=O)([O-])[O-])O
2agpg180,ZYKIFISVQNGKFE-UHFFFAOYSA-M,CCCCCCCCCCCCCCCCCC(=O)OC(CO)COP(=O)([O-])OCC(CO)O
but,,noinchikey
acg5p,FCVIHFVSXHOPSW-YFKPBYRVSA-K,CC(=O)NC(CCC(=O)OP(=O)([O-])[O-])C(=O)[O-]
fe3dcit,,noinchikey
asptrna,,noinchikey
toct2eACP,,noinchikey
mercppyr,OJOLFAIGOXZBCI-UHFFFAOYSA-M,C(C(=O)C(=O)[O-])S
g3p,LXJXRIRHZLFYRP-VKHMYHEASA-L,C(C(C=O)O)OP(=O)([O-])[O-]
dcyt,CKTSBUTUHBMZGZ-SHYZEUOFSA-N,C1C(C(OC1N2C=CC(=NC2=O)N)CO)O
5dh4dglc,QUURPCHWPQNNGL-ZAFYKAAXSA-L,C(C(C(C(=O)[O-])O)O)C(=O)C(=O)[O-]
cdp,ZWIADYZPOWUWEW-XVFCMESISA-K,C1=CN(C(=O)N=C1N)C2C(C(C(O2)COP(=O)([O-])OP(=O)([O-])[O-])O)O
tyrtrna,,noinchikey
galam,,noinchikey
novbcn,YJQPYGGHQPGBLI-KGSXXDOSSA-M,CC1=C(C=CC2=C1OC(=O)C(=C2[O-])NC(=O)C3=CC(=C(C=C3)O)CC=C(C)C)OC4C(C(C(C(O4)(C)C)OC)OC(=O)N)O
s7p,JDTUMPKOJBQPKX-GBNDHIKLSA-L,C(C(C(C(C(C(=O)CO)O)O)O)O)OP(=O)([O-])[O-]
3haACP,,noinchikey
3oocoa,WPIVBCGRGVNDDT-CECATXLMSA-J,CCCCCC(=O)CC(=O)SCCN=C(CCN=C(C(C(C)(C)COP(=O)(O)OP(=O)(O)OCC1C(C(C(O1)N2C=NC3=C(N=CN=C32)N)O)OP(=O)([O-])[O-])O)[O-])[O-]
pydx5p,NGVDGCNFYWLIFO-UHFFFAOYSA-L,CC1=NC=C(C(=C1O)C=O)COP(=O)([O-])[O-]
cdg,XIUIRSLBMMTDSK-UHFFFAOYSA-M,C1=C(C2=C(N1)NC(=NC2=O)N)C(=O)[O-]
thptdn,IDAICLIJTRXNER-UHFFFAOYSA-N,C1CNC2=NC=NC=C2N1
dtdp4d6dm,PSXWNITXWWECNY-LPVGZGSHSA-L,CC1C(=O)C(C(C(O1)OP(=O)([O-])OP(=O)([O-])OCC2C(CC(O2)N3C=C(C(=O)NC3=O)C)O)O)O
pimACP,,noinchikey
rbl__D,ZAQJHHRNXZUBTE-NQXXGFSBSA-N,C(C(C(C(=O)CO)O)O)O
dttp,NHVNXKFIZYSCEB-XLPZGREQSA-J,CC1=CN(C(=O)NC1=O)C2CC(C(O2)COP(=O)([O-])OP(=O)([O-])OP(=O)([O-])[O-])O
gal1p,HXXFSFRBOHSIMQ-FPRJBGLDSA-L,C(C1C(C(C(C(O1)OP(=O)([O-])[O-])O)O)O)O
2ameph,QQVDJLLNRSOCEL-UHFFFAOYSA-N,C(CP(=O)(O)O)N
scys__L,NOKPBJYHPHHWAN-REOHCLBHSA-M,C(C(C(=O)O)N)SS(=O)(=O)[O-]
feroxB,,noinchikey
6hmhptpp,FCQGJGLSOWZZON-UHFFFAOYSA-K,C1C(=NC2=C(N1)NC(=NC2=O)N)COP(=O)([O-])OP(=O)([O-])[O-]
dhor__S,UFIVEPVSAGBUSI-REOHCLBHSA-M,C1C(NC(=O)NC1=O)C(=O)[O-]
hemeO,FISPASSVCDRERW-ARQJTVBPSA-J,noinchikey_inpubchem
3ump,FOGRQMPFHUHIGU-XVFCMESISA-L,C1=CN(C(=O)NC1=O)C2C(C(C(O2)CO)OP(=O)([O-])[O-])O
r5p,KTVPXOYAKDPRHY-AIHAYLRMSA-L,C(C1C(C(C(O1)O)O)O)OP(=O)([O-])[O-]
butACP,,noinchikey
2agpe120,NPAZKTOOMVQLIH-UHFFFAOYSA-N,CCCCCCCCCCCC(=O)OC(CO)COP(=O)(O)OCCN
acanth,QSACCXVHEVWNMX-UHFFFAOYSA-M,CC(=O)NC1=CC=CC=C1C(=O)[O-]
1ddecg3p,STTKJLVEXMKLNA-CQSZACIVSA-L,CCCCCCCCCCCC(=O)OCC(COP(=O)([O-])[O-])O
wco,,noinchikey
1agpg161,,noinchikey
gtspmd,NEDQLXHBVHSKNV-STQMWFEESA-P,C(CC[NH2+]CCCNC(=O)CNC(=O)C(CS)NC(=O)CCC(C(=O)[O-])[NH3+])C[NH3+]
gdp,QGWNDRXFNXRZMB-UUOKFMHZSA-K,C1=NC2=C(N1C3C(C(C(O3)COP(=O)([O-])OP(=O)([O-])[O-])O)O)NC(=NC2=O)N
galur,AEMOLEFTQBMNLQ-YMDCURPLSA-M,C1(C(C(OC(C1O)O)C(=O)[O-])O)O
ocdca,QIQXTHQIDYTFRH-UHFFFAOYSA-M,CCCCCCCCCCCCCCCCCC(=O)[O-]
man1p,HXXFSFRBOHSIMQ-RWOPYEJCSA-L,C(C1C(C(C(C(O1)OP(=O)([O-])[O-])O)O)O)O
1agpg181,FQQQKGAFQIIGLQ-SNZQZGEVSA-M,CCCCCCCCC=CCCCCCCCC(=O)OCC(COP(=O)([O-])OCC(CO)O)O
udcpdp,NTXGVHCCXVHYCL-RDQGWRCRSA-K,CC(=CCCC(=CCCC(=CCCC(=CCCC(=CCCC(=CCCC(=CCCC(=CCCC(=CCCC(=CCCC(=CCOP(=O)([O-])OP(=O)([O-])[O-])C)C)C)C)C)C)C)C)C)C)C
sbt6p,GACTWZZMVMUKNG-SLPGGIOYSA-L,C(C(C(C(C(COP(=O)([O-])[O-])O)O)O)O)O
pram,SKCBPEVYGOQGJN-TXICZTDVSA-M,C(C1C(C(C(O1)[NH3+])O)O)OP(=O)([O-])[O-]
malt6p,ITPHOIFCAFNCLL-ASMJPISFSA-L,C(C1C(C(C(C(O1)O)O)O)OC2C(C(C(C(O2)COP(=O)([O-])[O-])O)O)O)O
galt,FBPFZTCFMRRESA-GUCUJZIJSA-N,C(C(C(C(C(CO)O)O)O)O)O
23dhb,GLDQAMYCGOIJDV-UHFFFAOYSA-M,C1=CC(=C(C(=C1)O)O)C(=O)[O-]
3hcddec5eACP,,noinchikey
mi1p__D,INAPMGSXUVUWAF-UOTPTPDRSA-L,noinchikey_inpubchem
3ocvac11eACP,,noinchikey
murein3px4p,LOVDDQLBOGPFKC-UHFFFAOYSA-H,noinchikey_inpubchem
2fe1s,,noinchikey
enlipidA_LptA,,noinchikey
apg140,HLSZVIULNVUBQI-YWPUXERESA-M,CCCCCCCCCCCCCC(=O)OCC(COP(=O)([O-])OCC(COC(=O)CCCCCCCCCCCCC)OC(=O)CCCCCCCCCCCCC)O
dutp,AHCYMLUZIRLXAA-SHYZEUOFSA-J,C1C(C(OC1N2C=CC(=O)NC2=O)COP(=O)([O-])OP(=O)([O-])OP(=O)([O-])[O-])O
gp4g,OLGWXCQXRSSQPO-MHARETSRSA-J,C1=NC2=C(N1C3C(C(C(O3)COP(=O)([O-])OP(=O)([O-])OP(=O)([O-])OP(=O)([O-])OCC4C(C(C(O4)N5C=NC6=C5NC(=NC6=O)N)O)O)O)O)NC(=NC2=O)N
kdo2lipid4L,JVUUYJGQIVCMIU-ZODGSCPMSA-H,CCCCCCCCCCCC(CC(=O)NC1C(C(C(OC1OP(=O)([O-])[O-])COC2C(C(C(C(O2)COC3(CC(C(C(O3)C(CO)O)O)OC4(CC(C(C(O4)C(CO)O)O)O)C(=O)[O-])C(=O)[O-])OP(=O)([O-])[O-])OC(=O)CC(CCCCCCCCCCC)O)NC(=O)CC(CCCCCCCCCCC)OC(=O)CCCCCCCCCCC)O)OC(=O)CC(CCCCCCCCCCC)O)O
uacmam,LFTYTUAZOPRMMI-ZYQOOJPVSA-L,CC(=O)NC1C(C(C(OC1OP(=O)([O-])OP(=O)([O-])OCC2C(C(C(O2)N3C=CC(=O)NC3=O)O)O)CO)O)O
trnaser,,noinchikey
urate,LEHOTFFKMJEONL-UHFFFAOYSA-N,C12=C(NC(=O)N1)NC(=O)NC2=O
2agpe140,DDUZNLUWXLYPCP-UHFFFAOYSA-N,CCCCCCCCCCCCCC(=O)OC(CO)COP(=O)(O)OCCN
bmoco1gdp,,noinchikey
metsox_R__L,QEFRNWWLZKMPFJ-ZXPFJRLXSA-N,CS(=O)CCC(C(=O)O)N
glytrna,,noinchikey
ps180,TZCPCKNHXULUIY-RGULYWFUSA-M,CCCCCCCCCCCCCCCCCC(=O)OCC(COP(=O)([O-])OCC(C(=O)[O-])[NH3+])OC(=O)CCCCCCCCCCCCCCCCC
hxcoa,,noinchikey
3hodcoa,WZMAIEGYXCOYSH-SFKGBVSGSA-J,CCCCCCCCCCCCCCCC(CC(=O)SCCNC(=O)CCNC(=O)C(C(C)(C)COP(=O)([O-])OP(=O)([O-])OCC1C(C(C(O1)N2C=NC3=C(N=CN=C32)N)O)OP(=O)([O-])[O-])O)O
nad,BAWFJGJZGIEFAR-NNYOXOHSSA-M,C1=CC(=C[N+](=C1)C2C(C(C(O2)COP(=O)([O-])OP(=O)([O-])OCC3C(C(C(O3)N4C=NC5=C(N=CN=C54)N)O)O)O)O)C(=O)N
tcb,KQTIIICEAUMSDG-UHFFFAOYSA-K,C(C(CC(=O)[O-])C(=O)[O-])C(=O)[O-]
preq0,FMKSMYDYKXQYRV-UHFFFAOYSA-N,C1=C(C2=C(N1)NC(=NC2=O)N)C#N
dgdp,CIKGWCTVFSRMJU-KVQBGUIXSA-K,C1C(C(OC1N2C=NC3=C2NC(=NC3=O)N)COP(=O)([O-])OP(=O)([O-])[O-])O
alltn,POJWUDADGALRAB-UHFFFAOYSA-N,C1(C(=O)NC(=O)N1)NC(=O)N
sl2a6o,SDVXSCSNVVZWDD-LURJTMIESA-K,C(CC(C(=O)[O-])NC(=O)CCC(=O)[O-])CC(=O)C(=O)[O-]
4hoxpac,XQXPVVBIMDBYFF-UHFFFAOYSA-M,C1=CC(=CC=C1CC(=O)[O-])O
dmbzid,LJUQGASMPRMWIW-UHFFFAOYSA-N,CC1=CC2=C(C=C1C)N=CN2
g3pc,SUHOQUVVVLNYQR-MRVPVSSYSA-N,C[N+](C)(C)CCOP(=O)([O-])OCC(CO)O
ppa,,noinchikey
dsbcox,,noinchikey
rhcys,IQFWYNFDWRYSRA-BLELIYKESA-N,C(CSCC1C(C(C(O1)O)O)O)C(C(=O)O)N
glu5p,PJRXVIJAERNUIP-VKHMYHEASA-L,C(CC(=O)OP(=O)([O-])[O-])C(C(=O)[O-])[NH3+]
udp,XCCTYIAWTASOJW-XVFCMESISA-K,C1=CN(C(=O)NC1=O)C2C(C(C(O2)COP(=O)([O-])OP(=O)([O-])[O-])O)O
malthp,ZHZITDGOAFCURV-VVTKTIMZSA-N,C(C1C(C(C(C(O1)OC2C(OC(C(C2O)O)OC3C(OC(C(C3O)O)OC4C(OC(C(C4O)O)OC5C(OC(C(C5O)O)OC6C(OC(C(C6O)O)OC(C(CO)O)C(C(C=O)O)O)CO)CO)CO)CO)CO)O)O)O)O
udpgalfur,ZQLQOXLUCGXKHS-SIAUPFDVSA-L,C1=CN(C(=O)NC1=O)C2C(C(C(O2)COP(=O)([O-])OP(=O)([O-])OC3C(C(C(O3)C(CO)O)O)O)O)O
2agpe161,,noinchikey
ohpb,MZJFVXDTNBHTKZ-UWTATZPHSA-K,C(C(C(=O)C(=O)[O-])O)OP(=O)([O-])[O-]
malACP,,noinchikey
2ddecg3p,,noinchikey
ru5p__D,FNZLKVNUWIIPSJ-UHNVWZDZSA-L,C(C(C(C(=O)CO)O)O)OP(=O)([O-])[O-]
23camp,KMYWVDDIPVNLME-KQYNXXCUSA-M,C1=NC(=C2C(=N1)N(C=N2)C3C4C(C(O3)CO)OP(=O)(O4)[O-])N
dhpppn,QZDSXQJWBGMRLU-UHFFFAOYSA-M,C1=CC(=C(C(=C1)O)O)CCC(=O)[O-]
2mahmp,AGQJQCFEPUVXNK-UHFFFAOYSA-K,CC1=NC=C(C(=N1)N)COP(=O)([O-])OP(=O)([O-])[O-]
hcys__L,FFFHZYDWPBMWHY-UHFFFAOYSA-N,C(CS)C(C(=O)O)N
cu2,JPVYNHNXODAKFH-UHFFFAOYSA-N,[Cu+2]
hom__L,UKAUYVFTDYCKQA-VKHMYHEASA-N,C(CO)C(C(=O)O)N
mptamp,XJXFAXLUOKQPAQ-YPRLVJTJSA-K,C1=NC(=C2C(=N1)N(C=N2)C3C(C(C(O3)COP(=O)([O-])OP(=O)([O-])OCC4C(=C(C5C(O4)NC6=C(N5)C(=O)N=C(N6)N)[S-])S)O)O)N
mg2,JLVVSXFLKOJNIY-UHFFFAOYSA-N,[Mg+2]
uri,DRTQHJPVMGBUCF-XVFCMESISA-N,C1=CN(C(=O)NC1=O)C2C(C(C(O2)CO)O)O
aps,IRLPACMLTUPBCL-KQYNXXCUSA-L,C1=NC(=C2C(=N1)N(C=N2)C3C(C(C(O3)COP(=O)([O-])OS(=O)(=O)[O-])O)O)N
mal__D,BJEPYKJPYRNKOW-UWTATZPHSA-L,C(C(C(=O)[O-])O)C(=O)[O-]
23cump,HWDMHJDYMFRXOX-XVFCMESISA-M,C1=CN(C(=O)NC1=O)C2C3C(C(O2)CO)OP(=O)(O3)[O-]
ala__L,QNAYBMKLOCPYGJ-REOHCLBHSA-N,CC(C(=O)O)N
bwco,,noinchikey
prpp,PQGCEDQWHSBAJP-TXICZTDVSA-I,C(C1C(C(C(O1)OP(=O)([O-])OP(=O)([O-])[O-])O)O)OP(=O)([O-])[O-]
nh4,QGZKDVFQNNGYKY-UHFFFAOYSA-O,[NH4+]
3amac,YTLYLLTVENPWFT-UPHRSURJSA-M,C(=CN)C(=O)[O-]
ichor,NTGWPRCCOQCMGE-YUMQZZPRSA-L,C=C(C(=O)[O-])OC1C=CC=C(C1O)C(=O)[O-]
trnaleu,,noinchikey
4hphac,HBMCQTHGYMTCOF-UHFFFAOYSA-N,CC(=O)OC1=CC=C(C=C1)O
ddcap,,noinchikey
egmeACP,,noinchikey
amob,UOKVQQMBGVMXPU-CJPDYEHRSA-N,C[S+](CCC(=O)C(=O)[O-])CC1C(C(C(O1)N2C=NC3=C(N=CN=C32)N)O)O
ala__D,QNAYBMKLOCPYGJ-UWTATZPHSA-N,CC(C(=O)O)N
eca4und,CVYQIROAIKSYLV-HBQGRVRBSA-H,CC=C(C)CCC=C(C)CCC=C(C)CCC=C(C)CCC=C(C)CCC=C(C)CCC=C(C)CCC=C(C)CCC=C(C)CCC=C(C)CCC=C(C)COP(=O)(O)OP(=O)(O)OC1C(C(C(C(O1)CO)OC2C(C(C(C(O2)C(=O)O)OC3C(C(C(C(O3)C)N=C(C)[O-])OC4C(C(C(C(O4)CO)OC5C(C(C(C(O5)C(=O)O)OC6C(C(C(C(O6)C)N=C(C)[O-])OC7C(C(C(C(O7)CO)OC8C(C(C(C(O8)C(=O)O)OC9C(C(C(C(O9)C)N=C(C)[O-])OC1C(C(C(C(O1)CO)OC1C(C(C(C(O1)C(=O)O)OC1C(C(C(C(O1)C)N=C(C)[O-])O)O)O)NC(=O)C)O)N=C(C)[O-])O)O)NC(=O)C)O)N=C(C)[O-])O)O)NC(=O)C)O)NC(=O)C)O)O)NC(=O)C)O)NC(=O)C
murein5p4p,YJNGRCZHKAYCMA-VZNOAHCOSA-E,noinchikey_inpubchem
trnasecys,,noinchikey
3hbcoa,QHHKKMYHDBRONY-VKBDFPRVSA-J,CC(CC(=O)SCCNC(=O)CCNC(=O)C(C(C)(C)COP(=O)([O-])OP(=O)([O-])OCC1C(C(C(O1)N2C=NC3=C(N=CN=C32)N)O)OP(=O)([O-])[O-])O)O
acser,VZXPDPZARILFQX-BYPYZUCNSA-N,CC(=O)OCC(C(=O)O)N
fprica,ABCOOORLYAOBOZ-KQYNXXCUSA-L,C1=NC(=C(N1C2C(C(C(O2)COP(=O)([O-])[O-])O)O)NC=O)C(=O)N
bwco1gdp,,noinchikey
dha,RXKJFZQQPQGTFL-UHFFFAOYSA-N,C(C(=O)CO)O
pe160,SLKDGVPOSSLUAI-PGUFJCEWSA-N,CCCCCCCCCCCCCCCC(=O)OCC(COP(=O)(O)OCCN)OC(=O)CCCCCCCCCCCCCCC
rmn,PNNNRSAQSRJVSB-BXKVDMCESA-N,CC(C(C(C(C=O)O)O)O)O
dsbgox,,noinchikey
dmso,IAZDPXIOMUYVGZ-UHFFFAOYSA-N,CS(=O)C
gagicolipa,XCYFJKYUDKZCQY-RQZVRRRJSA-C,CCCCCCCCCCCCCC(=O)OC(CCCCCCCCCCC)CC(=O)OC1C(C(OC(C1OP(=O)([O-])[O-])COC2(CC(C(C(O2)C(CO)O)OC3C(C(C(C(O3)C(CO)O)OP(=O)([O-])[O-])OC4C(C(C(C(O4)C(COC5C(C(C(C(O5)C(CO)O)O)O)O)O)OP(=O)([O-])[O-])OC6C(C(C(C(O6)COC7C(C(C(C(O7)CO)O)O)O)O)O)O)O)O)OC8(CC(C(C(O8)C(CO)O)OC9C(C(C(C(O9)C)O)O)O)OC1(CC(C(C(O1)C(CO)O)O)O)C(=O)[O-])C(=O)[O-])C(=O)[O-])OCC1C(C(C(C(O1)OP(=O)(O)O)N=C(CC(CCCCCCCCCCC)O)[O-])OC(=O)CC(CCCCCCCCCCC)O)O)N=C(CC(CCCCCCCCCCC)OC(=O)CCCCCCCCCCC)[O-]
amp,UDMBCSSLTHHNCD-KQYNXXCUSA-L,C1=NC(=C2C(=N1)N(C=N2)C3C(C(C(O3)COP(=O)([O-])[O-])O)O)N
chtbs,,noinchikey
gam,MSWZFWKMSRAUBD-IVMDWMLBSA-O,C(C1C(C(C(C(O1)O)[NH3+])O)O)O
3ooctdACP,,noinchikey
uppg3,HUHWZXWWOFSFKF-UHFFFAOYSA-F,C1C2=C(C(=C(N2)CC3=C(C(=C(N3)CC4=C(C(=C(N4)CC5=C(C(=C1N5)CCC(=O)[O-])CC(=O)[O-])CC(=O)[O-])CCC(=O)[O-])CC(=O)[O-])CCC(=O)[O-])CC(=O)[O-])CCC(=O)[O-]
paps,GACDQMDRPRGCTN-KQYNXXCUSA-J,C1=NC(=C2C(=N1)N(C=N2)C3C(C(C(O3)COP(=O)([O-])OS(=O)(=O)[O-])OP(=O)([O-])[O-])O)N
trnagly,,noinchikey
tsul,DHCDFWKWKRSZHF-UHFFFAOYSA-M,OS(=O)(=S)[O-]
crn,PHIQHXFUZVPYII-ZCFIWIBFSA-N,C[N+](C)(C)CC(CC(=O)[O-])O
alaala,DEFJQIDDEAULHB-QWWZWVQMSA-N,CC(C(=O)NC(C)C(=O)O)N
gbbtn,JHPNVNIEXXLNTR-UHFFFAOYSA-N,C[N+](C)(C)CCCC(=O)[O-]
ocdcaACP,,noinchikey
acetol,XLSMFKSTNGKWQX-UHFFFAOYSA-N,CC(=O)CO
altrn,RGHNJXZEOKUKBD-AIHAYLRMSA-M,C(C(C(C(C(C(=O)[O-])O)O)O)O)O
moadcoo,,noinchikey
iscs,,noinchikey
fe,,noinchikey
rib__D,HMFHBZSHGGEWLO-SOOFDHNKSA-N,C(C1C(C(C(O1)O)O)O)O
2obut,TYEYBOSBBBHJIV-UHFFFAOYSA-M,CCC(=O)C(=O)[O-]
3gmp,ZDPUTNZENXVHJC-UUOKFMHZSA-L,C1=NC2=C(N1C3C(C(C(O3)CO)OP(=O)([O-])[O-])O)NC(=NC2=O)N
gal,WQZGKKKJIJFFOK-PHYPRBDBSA-N,C(C1C(C(C(C(O1)O)O)O)O)O
gg4abut,MKYPKZSGLSOGLL-LURJTMIESA-M,C(CC(=O)[O-])CNC(=O)CCC(C(=O)[O-])[NH3+]
thmnp,XHIXPVCTDRNTTC-YQVKZWHSSA-N,C1C(NC2=C(N1)NC(=NC2=O)N)C(C(CO)O)O
murein3px3p,IYFHCENFVZTZLO-UHFFFAOYSA-G,noinchikey_inpubchem
na15dap,QZBYOYPROVGOGE-UHFFFAOYSA-Q,C(CC[NH3+])CC[NH2+]CCC[NH3+]
malcoame,CHQAJZULNPRMEN-FZEDXVDRSA-J,CC(C)(COP(=O)([O-])OP(=O)([O-])OCC1C(C(C(O1)N2C=NC3=C(N=CN=C32)N)O)OP(=O)([O-])[O-])C(C(=O)NCCC(=O)NCCSC(=O)CC(=O)OC)O
1agpg141,,noinchikey
acgal,OVRNDRQMDRJTHS-KEWYIRBNSA-N,CC(=O)NC1C(C(C(OC1O)CO)O)O
pg140,BPHQZTVXXXJVHI-AJQTZOPKSA-M,CCCCCCCCCCCCCC(=O)OCC(COP(=O)([O-])OCC(CO)O)OC(=O)CCCCCCCCCCCCC
argsuc,KDZOASGQNOPSCU-ZBHICJROSA-M,C(CC(C(=O)[O-])[NH3+])C[NH+]=C(N)NC(CC(=O)[O-])C(=O)[O-]
12dgr180,,noinchikey
dctp,RGWHQCVHVJXOKC-SHYZEUOFSA-J,C1C(C(OC1N2C=CC(=NC2=O)N)COP(=O)([O-])OP(=O)([O-])OP(=O)([O-])[O-])O
clpn140,SDCJNZZAOLRVCP-GTOSQJSUSA-L,CCCCCCCCCCCCCC(=O)OCC(COP(=O)([O-])OCC(COP(=O)([O-])OCC(COC(=O)CCCCCCCCCCCCC)OC(=O)CCCCCCCCCCCCC)O)OC(=O)CCCCCCCCCCCCC
ap5a,OIMACDRJUANHTJ-XPWFQUROSA-I,C1=NC(=C2C(=N1)N(C=N2)C3C(C(C(O3)COP(=O)([O-])OP(=O)([O-])OP(=O)([O-])OP(=O)([O-])OP(=O)([O-])OCC4C(C(C(O4)N5C=NC6=C(N=CN=C65)N)O)O)O)O)N
clpn161,UYSHBKYVDAZLKJ-GMUISZSCSA-L,noinchikey_inpubchem
betald,SXKNCCSPZDCRFD-UHFFFAOYSA-N,C[N+](C)(C)CC=O
pg161,GHQNERCMPIDAAU-ANXSUKRNSA-M,noinchikey_inpubchem
gdpmann,MVMSCBBUIHUTGJ-GDJBGNAASA-L,C1=NC2=C(N1C3C(C(C(O3)COP(=O)([O-])OP(=O)([O-])OC4C(C(C(C(O4)CO)O)O)O)O)O)NC(=NC2=O)N
oxadpcoa,VKKKAAPGXHWXOO-BIEWRJSYSA-I,CC(C)(COP(=O)([O-])OP(=O)([O-])OCC1C(C(C(O1)N2C=NC3=C(N=CN=C32)N)O)OP(=O)([O-])[O-])C(C(=O)NCCC(=O)NCCSC(=O)CC(=O)CCC(=O)[O-])O
ttdceap,,noinchikey
mqn8,LXKDFTDVRVLXFY-WQWYCSGDSA-N,CC1=C(C(=O)C2=CC=CC=C2C1=O)CC=C(C)CCC=C(C)CCC=C(C)CCC=C(C)CCC=C(C)CCC=C(C)CCC=C(C)CCC=C(C)C
feroxEfe,,noinchikey
acon_T,GTZCVFVGUGFEME-HNQUOIGGSA-K,C(C(=CC(=O)[O-])C(=O)[O-])C(=O)[O-]
ggptrc,WKGTVHGVLRCTCF-UHFFFAOYSA-O,C(CCNC(=O)CCC(C(=O)[O-])[NH3+])C[NH3+]
pa120,,noinchikey
um4p,,noinchikey
diact,QSJXEFYPDANLFS-UHFFFAOYSA-N,CC(=O)C(=O)C
cm,WIIZWVCIJKGZOK-RKDXNWHRSA-N,C1=CC(=CC=C1C(C(CO)NC(=O)C(Cl)Cl)O)[N+](=O)[O-]
35cgmp,ZOOGRGPOEVQQDX-UUOKFMHZSA-M,C1C2C(C(C(O2)N3C=NC4=C3NC(=NC4=O)N)O)OP(=O)(O1)[O-]
35dhphaccoa,,noinchikey
oaa,KHPXUQMNIQBQEV-UHFFFAOYSA-L,C(C(=O)C(=O)[O-])C(=O)[O-]
aacoa,OJFDKHTZOUZBOS-CITAKDKDSA-J,CC(=O)CC(=O)SCCNC(=O)CCNC(=O)C(C(C)(C)COP(=O)([O-])OP(=O)([O-])OCC1C(C(C(O1)N2C=NC3=C(N=CN=C32)N)O)OP(=O)([O-])[O-])O
nadph,ACFIXJIJDZMPPO-NNYOXOHSSA-J,C1C=CN(C=C1C(=O)N)C2C(C(C(O2)COP(=O)([O-])OP(=O)([O-])OCC3C(C(C(O3)N4C=NC5=C(N=CN=C54)N)OP(=O)([O-])[O-])O)O)O
3ohcoa,NFOYYXQAVVYWKV-HDRQGHTBSA-J,CCCC(=O)CC(=O)SCCNC(=O)CCNC(=O)C(C(C)(C)COP(=O)([O-])OP(=O)([O-])OCC1C(C(C(O1)N2C=NC3=C(N=CN=C32)N)O)OP(=O)([O-])[O-])O
skm,JXOHGGNKMLTUBP-HSUXUTPPSA-M,C1C(C(C(C=C1C(=O)[O-])O)O)O
2dmmq8,GDUBPWSFXUAETN-AENDIINCSA-N,CC(=CCCC(=CCCC(=CCCC(=CCCC(=CCCC(=CCCC(=CCCC(=CCC1=CC(=O)C2=CC=CC=C2C1=O)C)C)C)C)C)C)C)C
5aop,ZGXJTSGNIOSYLO-UHFFFAOYSA-N,C(CC(=O)O)C(=O)CN
dtdprmn,ZOSQFDVXNQFKBY-CGAXJHMRSA-L,CC1C(C(C(C(O1)OP(=O)([O-])OP(=O)([O-])OCC2C(CC(O2)N3C=C(C(=O)NC3=O)C)O)O)O)O
feoxam,SRMBQCVUAVULDJ-UHFFFAOYSA-O,noinchikey_inpubchem
gal_bD,WQZGKKKJIJFFOK-FPRJBGLDSA-N,C(C1C(C(C(C(O1)O)O)O)O)O
fecrm_un,ZZDYFKJSJLUQON-UFYCRDLUSA-N,CC(=O)N(CCCC1C(=O)NCC(=O)NCC(=O)NCC(=O)NC(C(=O)NC(C(=O)N1)CCCN(C(=O)C)O)CCCN(C=O)O)O
hxan,FDGQSTZJBFJUBT-UHFFFAOYSA-N,C1=NC2=C(N1)C(=O)N=CN2
14glucan,,noinchikey
3hoctACP,,noinchikey
hdeACP,,noinchikey
dscl,OQIIYZQTTMKFAU-ZNLOQLQNSA-G,CC1(C(C2=CC3=C(C(=C(N3)CC4=C(C(=C(N4)C=C5C(C(C(=N5)C=C1[NH2+]2)CCC(=O)[O-])(C)CC(=O)[O-])CC(=O)[O-])CCC(=O)[O-])CCC(=O)[O-])CC(=O)[O-])CCC(=O)[O-])CC(=O)[O-]
13ppd,YPFDHNVEDLHUCE-UHFFFAOYSA-N,C(CO)CO
tag6p__D,BGWGXPAPYGQALX-OEXCPVAWSA-L,C(C1C(C(C(O1)(CO)O)O)O)OP(=O)([O-])[O-]
lald__L,BSABBBMNWQWLLU-VKHMYHEASA-N,CC(C=O)O
3php,LFLUCDOSQPJJBE-UHFFFAOYSA-K,C(C(=O)C(=O)[O-])OP(=O)([O-])[O-]
maltpt,FTNIPWXXIGNQQF-DWTFCAFKSA-N,C(C1C(C(C(C(O1)OC2C(OC(C(C2O)O)OC3C(OC(C(C3O)O)OC4C(OC(C(C4O)O)OC5C(OC(C(C5O)O)O)CO)CO)CO)CO)O)O)O)O
sel,QYHFIVBSNOWOCQ-UHFFFAOYSA-L,[O-][Se](=O)(=O)[O-]
chtbs6p,KYKNQNQCPWDNAK-CBTAGEKQSA-L,CC(=O)NC1C(C(C(OC1O)CO)OC2C(C(C(C(O2)COP(=O)([O-])[O-])O)O)NC(=O)C)O
oxalcoa,QVXMZFTWJVBUHP-IBOSZNHHSA-I,CC(C)(COP(=O)([O-])OP(=O)([O-])OCC1C(C(C(O1)N2C=NC3=C(N=CN=C32)N)O)OP(=O)([O-])[O-])C(C(=O)NCCC(=O)NCCSC(=O)C(=O)[O-])O
glu1sa,MPUUQNGXJSEWTF-BYPYZUCNSA-N,C(CC(=O)O)C(C=O)N
feenter,NGILTSZTOFYVBF-UVJOBNTFSA-H,C1C(C(=O)OCC(C(=O)OCC(C(=O)O1)NC(=O)C2=C(C(=CC=C2)[O-])[O-])NC(=O)C3=C(C(=CC=C3)[O-])[O-])NC(=O)C4=C(C(=CC=C4)[O-])[O-].[Fe+3]
fe2,CWYNVVGOOAEACU-UHFFFAOYSA-N,[Fe+2]
poaac,WQKGFGLGYOHJOG-UPHRSURJSA-N,C(=CN)C(=O)OO
oxptn,VBKPPDYGFUZOAJ-UHFFFAOYSA-M,C(CC=O)CC(=O)[O-]
56dura,OIVLITBTBDPEFK-UHFFFAOYSA-N,C1CNC(=O)NC1=O
op4en,NOXRYJAWRSNUJD-UHFFFAOYSA-M,C=CCC(=O)C(=O)[O-]
1agpe160,YVYMBNSKXOXSKW-HXUWFJFHSA-N,CCCCCCCCCCCCCCCC(=O)OCC(COP(=O)(O)OCCN)O
rbflvrd,SGSVWAYHEWEQET-SCRDCRAPSA-N,CC1=CC2=C(C=C1C)N(C3=C(N2)C(=O)NC(=O)N3)CC(C(C(CO)O)O)O
rnam,JLEBZPBDRKPWTD-TURQNECASA-O,C1=CC(=C[N+](=C1)C2C(C(C(O2)CO)O)O)C(=O)N
glx,HHLFWLYXYJOTON-UHFFFAOYSA-M,C(=O)C(=O)[O-]
alpp,,noinchikey
asntrna,,noinchikey
3c3hmp,BITYXLXUCSKTJS-ZETCQYMHSA-L,CC(C)C(CC(=O)[O-])(C(=O)[O-])O
mana,RGHNJXZEOKUKBD-MBMOQRBOSA-M,C(C(C(C(C(C(=O)[O-])O)O)O)O)O
mmcoa__R,MZFOKIKEPGUZEN-AGCMQPJKSA-I,CC(C(=O)[O-])C(=O)SCCNC(=O)CCNC(=O)C(C(C)(C)COP(=O)([O-])OP(=O)([O-])OCC1C(C(C(O1)N2C=NC3=C(N=CN=C32)N)O)OP(=O)([O-])[O-])O
dxyl,IGUZJYCAXLYZEE-RFZPGFLSSA-N,CC(=O)C(C(CO)O)O
23ddhb,INCSWYKICIYAHB-WDSKDSINSA-M,C1=CC(C(C(=C1)C(=O)[O-])O)O
itp,HAEJPQIATWHALX-KQYNXXCUSA-J,C1=NC(=O)C2=C(N1)N(C=N2)C3C(C(C(O3)COP(=O)([O-])OP(=O)([O-])OP(=O)([O-])[O-])O)O
bwcogdp,,noinchikey
dcamp,OFBHPPMPBOJXRT-DPXQIYNJSA-J,C1=NC(=C2C(=N1)N(C=N2)C3C(C(C(O3)COP(=O)([O-])[O-])O)O)NC(CC(=O)[O-])C(=O)[O-]
lystrna,,noinchikey
prbatp,RKNHJBVBFHDXGR-KEOHHSTQSA-H,C1=NC2=C(N1C3C(C(C(O3)COP(=O)([O-])OP(=O)([O-])OP(=O)([O-])[O-])O)O)N=CN(C2=N)C4C(C(C(O4)COP(=O)([O-])[O-])O)O
u3aga,TZSJGZGYQDNRRX-MPLCHSTDSA-L,CCCCCCCCCCCC(CC(=O)OC1C(C(OC(C1O)CO)OP(=O)([O-])OP(=O)([O-])OCC2C(C(C(O2)N3C=CC(=O)NC3=O)O)O)NC(=O)C)O
3mob,QHKABHOOEWYVLI-UHFFFAOYSA-M,CC(C)C(=O)C(=O)[O-]
micit,HHKPKXCSHMJWCF-WVBDSBKLSA-K,CC(C(CC(=O)[O-])C(=O)[O-])(C(=O)[O-])O
12dgr120,,noinchikey
adocbl,ZIHHMGTYZOSFRC-QRVZQHAISA-N,noinchikey_inpubchem
dcaACP,,noinchikey
glu5sa,KABXUUFDPUOJMW-BYPYZUCNSA-N,C(CC(C(=O)O)N)C=O
prbamp,RTQMRTSPTLIIHM-KEOHHSTQSA-J,C1=NC2=C(N1C3C(C(C(O3)COP(=O)([O-])[O-])O)O)N=CN(C2=N)C4C(C(C(O4)COP(=O)([O-])[O-])O)O
r15bp,AAAFZMYJJHWUPN-TXICZTDVSA-J,C(C1C(C(C(O1)OP(=O)([O-])[O-])O)O)OP(=O)([O-])[O-]
oxa,MUBZPKHOEPUJKR-UHFFFAOYSA-L,C(=O)(C(=O)[O-])[O-]
isetac,SUMDYPCJJOFFON-UHFFFAOYSA-M,C(CS(=O)(=O)[O-])O
glutrna,,noinchikey
meoh,OKKJLVBELUTLKV-UHFFFAOYSA-N,CO
iscu_2fe2s2,,noinchikey
2shchc,QJYRAJSESKVEAE-PSASIEDQSA-L,C1=CC(C(C(=C1)C(=O)CCC(=O)[O-])C(=O)[O-])O
octeACP,,noinchikey
cytd,UHDGCWIWMRVCDJ-XVFCMESISA-N,C1=CN(C(=O)N=C1N)C2C(C(C(O2)CO)O)O
man6p,NBSCHQHZLSJFNQ-QTVWNMPRSA-L,C(C1C(C(C(C(O1)O)O)O)O)OP(=O)([O-])[O-]
3dhguln,WTAHRPBPWHCMHW-LWKDLAHASA-M,C(C(C(C(=O)C(C(=O)[O-])O)O)O)O
mql8,OIEZRVBFVPGODT-WQWYCSGDSA-N,CC1=C(C2=CC=CC=C2C(=C1CC=C(C)CCC=C(C)CCC=C(C)CCC=C(C)CCC=C(C)CCC=C(C)CCC=C(C)CCC=C(C)C)O)O
rephaccoa,,noinchikey
trnaphe,,noinchikey
ahcys,ZJUKTBDSGOFHSH-WFMPWKQPSA-N,C1=NC(=C2C(=N1)N(C=N2)C3C(C(C(O3)CSCCC(C(=O)O)N)O)O)N
thym,RWQNBRDOKXIBIV-UHFFFAOYSA-N,CC1=CNC(=O)NC1=O
glyc__R,RBNPOMFGQQGHHO-UWTATZPHSA-M,C(C(C(=O)[O-])O)O
anth,RWZYAGGXGHYGMB-UHFFFAOYSA-M,C1=CC=C(C(=C1)C(=O)[O-])N
2p4c2me,HTJXTKBIUVFUAR-XHIBXCGHSA-J,CC(CO)(C(COP(=O)([O-])OP(=O)([O-])OCC1C(C(C(O1)N2C=CC(=NC2=O)N)O)O)O)OP(=O)([O-])[O-]
h2o2,MHAJPDPJQMAIIY-UHFFFAOYSA-N,OO
his__L,HNDVDQJCIGZPNO-YFKPBYRVSA-N,C1=C(NC=N1)CC(C(=O)O)N
duri,MXHRCPNRJAMMIM-SHYZEUOFSA-N,C1C(C(OC1N2C=CC(=O)NC2=O)CO)O
3ooctACP,,noinchikey
ametam,ZUNBITIXDCPNSD-LSRJEVITSA-O,C[S+](CCC[NH3+])CC1C(C(C(O1)N2C=NC3=C(N=CN=C32)N)O)O
acnam,SQVRNKJHWKZAKO-LUWBGTNYSA-M,CC(=O)NC1C(CC(OC1C(C(CO)O)O)(C(=O)[O-])O)O
glcn,RGHNJXZEOKUKBD-SQOUGZDYSA-M,C(C(C(C(C(C(=O)[O-])O)O)O)O)O
4c2me,YFAUKWZNPVBCFF-XHIBXCGHSA-L,CC(CO)(C(COP(=O)([O-])OP(=O)([O-])OCC1C(C(C(O1)N2C=CC(=NC2=O)N)O)O)O)O
3dhq,WVMWZWGZRAXUBK-SYTVJDICSA-M,C1C(C(C(=O)CC1(C(=O)[O-])O)O)O
gdpddman,PNHLMHWWFOPQLK-BKUUWRAGSA-L,CC1C(=O)C(C(C(O1)OP(=O)([O-])OP(=O)([O-])OCC2C(C(C(O2)N3C=NC4=C3NC(=NC4=O)N)O)O)O)O
g6p,NBSCHQHZLSJFNQ-GASJEMHNSA-L,C(C1C(C(C(C(O1)O)O)O)O)OP(=O)([O-])[O-]
trnaval,,noinchikey
xylu__D,ZAQJHHRNXZUBTE-WUJLRWPWSA-N,C(C(C(C(=O)CO)O)O)O
fe3hox,,noinchikey
12dgr141,,noinchikey
adphep_LD,KMSFWBYFWSKGGR-DTBZDYEHSA-L,C1=NC(=C2C(=N1)N(C=N2)C3C(C(C(O3)COP(=O)([O-])OP(=O)([O-])OC4C(C(C(C(O4)C(CO)O)O)O)O)O)O)N
4hthr,JBNUARFQOCGDRK-GBXIJSLDSA-N,C(C(C(C(=O)O)N)O)O
sucsal,UIUJIQZEACWQSV-UHFFFAOYSA-M,C(CC(=O)[O-])C=O
fadh2,YPZRHBJKEMOYQH-UYBVJOGSSA-L,CC1=CC2=C(C=C1C)N(C3=C(N2)C(=O)NC(=O)N3)CC(C(C(COP(=O)([O-])OP(=O)([O-])OCC4C(C(C(O4)N5C=NC6=C(N=CN=C65)N)O)O)O)O)O
ocACP,,noinchikey
pacald,DTUQWGWMVIHBKE-UHFFFAOYSA-N,C1=CC=C(C=C1)CC=O
5caiz,JHLXDWGVSYMXPL-XVFCMESISA-K,C1=C(N(C=N1)C2C(C(C(O2)COP(=O)([O-])[O-])O)O)NC(=O)[O-]
ppbng,QSHWIQZFGQKFMA-UHFFFAOYSA-M,C1=C(C(=C(N1)C[NH3+])CC(=O)[O-])CCC(=O)[O-]
cys__L,XUJNEKJLAYXESH-REOHCLBHSA-N,C(C(C(=O)O)N)S
g3ps,ZWZWYGMENQVNFU-UHNVWZDZSA-M,C(C(COP(=O)([O-])OCC(C(=O)[O-])[NH3+])O)O
acmanap,QDSLHWJDSQGPEE-WCTZXXKLSA-L,CC(=O)NC(C=O)C(C(C(COP(=O)([O-])[O-])O)O)O
23dhacoa,ZFXICKRXPZTFPB-FZHFFJAKSA-I,CC(C)(COP(=O)([O-])OP(=O)([O-])OCC1C(C(C(O1)N2C=NC3=C(N=CN=C32)N)O)OP(=O)([O-])[O-])C(C(=O)NCCC(=O)NCCSC(=O)C=CCCC(=O)[O-])O
lcts,GUBGYTABKSRVRQ-QKKXKWKRSA-N,C(C1C(C(C(C(O1)OC2C(OC(C(C2O)O)O)CO)O)O)O)O
trnaasn,,noinchikey
ppt,ABLZXFCXXLZCGV-UHFFFAOYSA-L,[O-]P(=O)[O-]
2oph,VUNQJPPPTJIREN-CMAXTTDKSA-N,CC(=CCCC(=CCCC(=CCCC(=CCCC(=CCCC(=CCCC(=CCCC(=CCC1=CC=CC=C1O)C)C)C)C)C)C)C)C
glutar,JFCQEDHGNNZCLN-UHFFFAOYSA-L,C(CC(=O)[O-])CC(=O)[O-]
fpram,PMCOGCVKOAOZQM-ZRTZXPPTSA-M,C(C1C(C(C(O1)[NH+]=C(CNC=O)N)O)O)OP(=O)([O-])[O-]
din,VGONTNSXDCQUGY-RRKCRQDMSA-N,C1C(C(OC1N2C=NC3=C2NC=NC3=O)CO)O
glcur1p,AIQDYKMWENWVQJ-QIUUJYRFSA-K,C1(C(C(OC(C1O)OP(=O)([O-])[O-])C(=O)[O-])O)O
tddec2eACP,,noinchikey
1agpg180,HFJVKBVEKQHVTO-XZOQPEGZSA-M,CCCCCCCCCCCCCCCCCC(=O)OCC(COP(=O)([O-])OCC(CO)O)O
sarcs,FSYKKLYZXJSNPZ-UHFFFAOYSA-N,CNCC(=O)O
lgt__S,VDYDCVUWILIYQF-CSMHCCOUSA-M,CC(C(=O)SCC(C(=O)NCC(=O)[O-])NC(=O)CCC(C(=O)[O-])[NH3+])O
pi,NBIIXXVUZAFLBC-UHFFFAOYSA-L,OP(=O)([O-])[O-]
3sala,ADVPTQAUNPRNPO-REOHCLBHSA-M,C(C(C(=O)[O-])[NH3+])S(=O)[O-]
2dmmql8,FGYPGICSXJEKCG-AENDIINCSA-N,CC(=CCCC(=CCCC(=CCCC(=CCCC(=CCCC(=CCCC(=CCCC(=CCC1=C(C2=CC=CC=C2C(=C1)O)O)C)C)C)C)C)C)C)C
o16a4colipa,KAVZMDKPFMCUGM-QWDGEOHMSA-C,noinchikey_inpubchem
tag1p__D,,noinchikey
ppal,NBBJYMSMWIIQGU-UHFFFAOYSA-N,CCC=O
galct__D,DSLZVSRJTYRBFB-DUHBMQHGSA-L,C(C(C(C(=O)[O-])O)O)(C(C(=O)[O-])O)O
mettrna,,noinchikey
3opalmACP,,noinchikey
5apru,LZEXYCAGPMYXLX-UMMCILCDSA-L,C(C1C(C(C(O1)NC2=C(C(=O)NC(=O)N2)N)O)O)OP(=O)([O-])[O-]
4mop,BKAJNAXTPSGJCU-UHFFFAOYSA-M,CC(C)CC(=O)C(=O)[O-]
tmrs2eACP,,noinchikey
akg,KPGXRSRHYNQIFN-UHFFFAOYSA-L,C(CC(=O)[O-])C(=O)C(=O)[O-]
lac__L,JVTAAEKCZFNVCJ-REOHCLBHSA-M,CC(C(=O)[O-])O
galt1p,GACTWZZMVMUKNG-DPYQTVNSSA-L,C(C(C(C(C(COP(=O)([O-])[O-])O)O)O)O)O
murein4px4p4p,NPJMJVATSCHTAI-UHFFFAOYSA-F,noinchikey_inpubchem
2sephchc,XYCATPIYKOARSZ-OAIFWDMCSA-K,C=C(C(=O)[O-])OC1C=CC(C(C1O)C(=O)[O-])C(=O)CCC(=O)[O-]
tdecoa,,noinchikey
frdp,VWFJDQUYCIWHTN-YFVJMOTDSA-K,CC(=CCCC(=CCCC(=CCOP(=O)([O-])OP(=O)([O-])[O-])C)C)C
rml,QZNPNKJXABGCRC-FUTKDDECSA-N,CC(C(C(C(=O)CO)O)O)O
airs,,noinchikey
acac,WDJHALXBUFZDSR-UHFFFAOYSA-M,CC(=O)CC(=O)[O-]
palmACP,,noinchikey
athtp,FGOYXNBJKMNPDH-SAJUPQAESA-L,CC1=C(SC=[N+]1CC2=CN=C(N=C2N)C)CCOP(=O)([O-])OP(=O)([O-])OP(=O)([O-])OCC3C(C(C(O3)N4C=NC5=C(N=CN=C54)N)O)O
enlipidA,,noinchikey
1hdec9eg3p,,noinchikey
ps141,,noinchikey
na1,FKNQFGJONOIPTF-UHFFFAOYSA-N,[Na+]
4mpetz,OCYMERZCMYJQQO-UHFFFAOYSA-L,CC1=C(SC=N1)CCOP(=O)([O-])[O-]
alatrna,,noinchikey
2kmb,SXFSQZDSUWACKX-UHFFFAOYSA-M,CSCCC(=O)C(=O)[O-]
ttdca,,noinchikey
man,WQZGKKKJIJFFOK-QTVWNMPRSA-N,C(C1C(C(C(C(O1)O)O)O)O)O
3odecACP,,noinchikey
orn,AHLPHDHHMVZTML-BYPYZUCNSA-O,C(CC(C(=O)[O-])[NH3+])C[NH3+]
taur,XOAAWQZATWQOTB-UHFFFAOYSA-N,C(CS(=O)(=O)O)N
ocdcea,ZQPPMHVWECSIRJ-KTKRTIGZSA-M,CCCCCCCCC=CCCCCCCCC(=O)[O-]
fc1p,KNYGWWDTPGSEPD-LFRDXLMFSA-L,CC(C(C(C(=O)COP(=O)([O-])[O-])O)O)O
forcoa,SXMOKYXNAPLNCW-GORZOVPNSA-J,CC(C)(COP(=O)([O-])OP(=O)([O-])OCC1C(C(C(O1)N2C=NC3=C(N=CN=C32)N)O)OP(=O)([O-])[O-])C(C(=O)NCCC(=O)NCCSC=O)O
fald,WSFSSNUMVMOOMR-UHFFFAOYSA-N,C=O
gmeACP,,noinchikey
occoa,KQMZYOXOBSXMII-CECATXLMSA-J,CCCCCCCC(=O)SCCNC(=O)CCNC(=O)C(C(C)(C)COP(=O)([O-])OP(=O)([O-])OCC1C(C(C(O1)N2C=NC3=C(N=CN=C32)N)O)OP(=O)([O-])[O-])O
6pgl,IJOJIVNDFQSGAB-SQOUGZDYSA-L,C(C1C(C(C(C(=O)O1)O)O)O)OP(=O)([O-])[O-]
drib,PDWIQYODPROSQH-PYHARJCCSA-N,C1C(C(OC1O)CO)O
fcl__L,QZNPNKJXABGCRC-LFRDXLMFSA-N,CC(C(C(C(=O)CO)O)O)O
psclys,BFSYFTQDGRDJNV-CDEVMZEPSA-O,C(CC[NH2+]CC(=O)C(C(C(CO)O)O)O)CC(C(=O)[O-])[NH3+]
mococdp,WKSPNQYEWZEMMI-FEFZDOOUSA-K,C1=CN(C(=O)N=C1N)C2C(C(C(O2)COP(=O)([O-])OP(=O)([O-])OCC3C(=C(C4C(O3)NC5=C(N4)C(=O)N=C(N5)N)[S-])S)O)O
anhgm3p,ZWZMFRJKRXDGBE-UHFFFAOYSA-L,noinchikey_inpubchem
23ccmp,NMPZCCZXCOMSDQ-XVFCMESISA-M,C1=CN(C(=O)N=C1N)C2C3C(C(O2)CO)OP(=O)(O3)[O-]
cpgn,FQIVLXIUJLOKPL-DWZMLRRXSA-N,CC(=CC(=O)N(CCCC1C(=O)NC(C(=O)N1)CCCN(C(=O)C=C(C)CCOC(=O)C(CCCN(C(=O)C=C(C)CCO)[O-])NC(=O)C)[O-])[O-])CCO.[Fe+3]
g1p,HXXFSFRBOHSIMQ-GASJEMHNSA-L,C(C1C(C(C(C(O1)OP(=O)([O-])[O-])O)O)O)O
murein4px4px4p,,noinchikey
lipa,DIXUKJUHGLIZGU-OIPVZEHTSA-H,CCCCCCCCCCCCCC(=O)OC(CCCCCCCCCCC)CC(=O)OC1C(C(OC(C1OP(=O)([O-])[O-])COC2(CC(C(C(O2)C(CO)O)O)OC3(CC(C(C(O3)C(CO)O)O)O)C(=O)[O-])C(=O)[O-])OCC4C(C(C(C(O4)OP(=O)([O-])[O-])NC(=O)CC(CCCCCCCCCCC)O)OC(=O)CC(CCCCCCCCCCC)O)O)NC(=O)CC(CCCCCCCCCCC)OC(=O)CCCCCCCCCCC
udpgal,HSCJRCZFDFQWRP-ABVWGUQPSA-L,C1=CN(C(=O)NC1=O)C2C(C(C(O2)COP(=O)([O-])OP(=O)([O-])OC3C(C(C(C(O3)CO)O)O)O)O)O
ara5p,PPQRONHOSHZGFQ-WDCZJNDASA-L,C(C(C(C(C=O)O)O)O)OP(=O)([O-])[O-]
2h3oppan,QWBAFPFNGRFSFB-UHFFFAOYSA-M,C(=O)C(C(=O)[O-])O
kdo,NNLZBVFSCVTSLA-HXUQBWEZSA-M,C1C(C(C(OC1(C(=O)[O-])O)C(CO)O)O)O
phhlipa,XNYUHCDJIRFEJF-LIOVHSHWSA-G,noinchikey_inpubchem
2ommbl,HDSGDGSLNMIMKU-KFSSTAEESA-N,CC1=C(C(=C(C=C1O)OC)O)CC=C(C)CCC=C(C)CCC=C(C)CCC=C(C)CCC=C(C)CCC=C(C)CCC=C(C)CCC=C(C)C
h2s,RWSOTUBLDIXVET-UHFFFAOYSA-M,[SH-]
colipaOA,,noinchikey
udpglcur,HDYANYHVCAPMJV-LXQIFKJMSA-K,C1=CN(C(=O)NC1=O)C2C(C(C(O2)COP(=O)([O-])OP(=O)([O-])OC3C(C(C(C(O3)C(=O)[O-])O)O)O)O)O
tdeACP,,noinchikey
pa181,,noinchikey
34dhpha,CFFZDZCDUFSOFZ-UHFFFAOYSA-M,C1=CC(=C(C=C1CC(=O)[O-])O)O
2tpr3dpcoa,NFWZJXFBUKDGOX-HWCXJHOSSA-H,CC(C)(COP(=O)([O-])OP(=O)([O-])OCC1C(C(C(O1)N2C=NC3=C(N=CN=C32)N)OC4C(C(C(O4)COP(=O)([O-])OP(=O)([O-])OP(=O)([O-])[O-])O)O)O)C(C(=O)NCCC(=O)NCCS)O
3hocoa,ATVGTMKWKDUCMS-OTOYJEMWSA-J,CCCCCC(CC(=O)SCCNC(=O)CCNC(=O)C(C(C)(C)COP(=O)([O-])OP(=O)([O-])OCC1C(C(C(O1)N2C=NC3=C(N=CN=C32)N)O)OP(=O)([O-])[O-])O)O
udpacgal,LFTYTUAZOPRMMI-LDDHHVEYSA-L,CC(=O)NC1C(C(C(OC1OP(=O)([O-])OP(=O)([O-])OCC2C(C(C(O2)N3C=CC(=O)NC3=O)O)O)CO)O)O
nicrnt,JOUIQRNQJGXQDC-ZYUZMQFOSA-L,C1=CC(=C[N+](=C1)C2C(C(C(O2)COP(=O)([O-])[O-])O)O)C(=O)[O-]
cpg180,ACOSNNHXZDLJJE-UHFFFAOYSA-M,CCCCCCC1CC1CCCCCCCCCC(=O)OCC(COP(=O)([O-])OCC(CO)O)OC(=O)CCCCCCCCCC2CC2CCCCCC
uacmamu,DZOGQXKQLXAPND-XHUKORKBSA-K,CC(=O)NC1C(C(C(OC1OP(=O)([O-])OP(=O)([O-])OCC2C(C(C(O2)N3C=CC(=O)NC3=O)O)O)C(=O)[O-])O)O
lald__D,BSABBBMNWQWLLU-GSVOUGTGSA-N,CC(C=O)O
1agpe120,IZDRGPDUDLWAGR-UHFFFAOYSA-N,CCCCCCCCCCCC(=O)OCC(COP(=O)(O)OCCN)O
glycogen,,noinchikey
hpmeACP,,noinchikey
xan,LRFVTYWOQMYALW-UHFFFAOYSA-N,C1=NC2=C(N1)C(=O)NC(=O)N2
dadp,DAEAPNUQQAICNR-RRKCRQDMSA-K,C1C(C(OC1N2C=NC3=C(N=CN=C32)N)COP(=O)([O-])OP(=O)([O-])[O-])O
trnacys,,noinchikey
lys__L,KDXKERNSBIXSRK-YFKPBYRVSA-O,C(CC[NH3+])CC(C(=O)O)N
ascb6p,KIENGQUGHPTFGC-JLAZNSOCSA-K,C(C(C1C(=C(C(=O)O1)[O-])O)O)OP(=O)([O-])[O-]
tag__D,BJHIKXHVCXFQLS-PQLUHFTBSA-N,C(C(C(C(C(=O)CO)O)O)O)O
o16a3und,MAEXVFVVTLQJBE-BYBSPDODSA-K,noinchikey_inpubchem
2agpg161,,noinchikey
ugmda,IMWOXEZVYQDRDF-MCZXNMLPSA-J,CC(C(=O)NC(CCC(=O)NC(CCCC(C(=O)[O-])[NH3+])C(=O)NC(C)C(=O)NC(C)C(=O)[O-])C(=O)[O-])NC(=O)C(C)OC1C(C(OC(C1O)CO)OP(=O)([O-])OP(=O)([O-])OCC2C(C(C(O2)N3C=CC(=O)NC3=O)O)O)NC(=O)C
tton,KRURGYOKPVLRHQ-UHFFFAOYSA-L,[O-]S(=O)(=O)SS(=O)(=O)[O-]
succoa,VNOYUJKHFWYWIR-ITIYDSSPSA-I,CC(C)(COP(=O)([O-])OP(=O)([O-])OCC1C(C(C(O1)N2C=NC3=C(N=CN=C32)N)O)OP(=O)([O-])[O-])C(C(=O)NCCC(=O)NCCSC(=O)CCC(=O)[O-])O
colipap,,noinchikey
mincyc,DYKFCLLONBREIL-KVUCHLLUSA-N,noinchikey_inpubchem
cyan,LELOWRISYMNNSU-UHFFFAOYSA-N,C#N
nmn,DAYLJWODMCOQEW-TURQNECASA-M,C1=CC(=C[N+](=C1)C2C(C(C(O2)COP(=O)([O-])[O-])O)O)C(=O)N
2agpg141,,noinchikey
pe181,,noinchikey
ins,UGQMRVRMYYASKQ-KQYNXXCUSA-N,C1=NC(=O)C2=C(N1)N(C=N2)C3C(C(C(O3)CO)O)O
chor,WTFXTQVDAKGDEY-HTQZYQBOSA-L,C=C(C(=O)[O-])OC1C=C(C=CC1O)C(=O)[O-]
pg180,FVJZSBGHRPJMMA-IOLBBIBUSA-M,CCCCCCCCCCCCCCCCCC(=O)OCC(COP(=O)([O-])OCC(CO)O)OC(=O)CCCCCCCCCCCCCCCCC
1odecg3p,LAYXSTYJRSVXIH-HXUWFJFHSA-L,CCCCCCCCCCCCCCCCCC(=O)OCC(COP(=O)([O-])[O-])O
gdpofuc,PNHLMHWWFOPQLK-WAMCPPDZSA-L,CC1C(=O)C(C(C(O1)OP(=O)(O)OP(=O)([O-])OCC2C(C(C(O2)N3C=NC4=C3N=C(N=C4[O-])N)O)O)O)O
hgmeACP,,noinchikey
4r5au,XKQZIXVJVUPORE-RPDRRWSUSA-N,C(C(C(C(CO)O)O)O)NC1=C(C(=O)NC(=O)N1)N
5dglcn,IZSRJDGCGRAUAR-MROZADKFSA-M,C(C(=O)C(C(C(C(=O)[O-])O)O)O)O
2fe2s,,noinchikey
ugmd,QUHLBZKCGUXHGP-AJVQVANPSA-J,CC(C(=O)NC(CCC(=O)NC(CCCC(C(=O)[O-])[NH3+])C(=O)[O-])C(=O)[O-])NC(=O)C(C)OC1C(C(OC(C1O)CO)OP(=O)([O-])OP(=O)([O-])OCC2C(C(C(O2)N3C=CC(=O)NC3=O)O)O)NC(=O)C
apg161,,noinchikey
trnagln,,noinchikey
34dhpac,IADQVXRMSNIUEL-UHFFFAOYSA-N,C1=CC(=C(C=C1CC=O)O)O
s17bp,OKHXOUGRECCASI-SHUUEZRQSA-J,C(C(C(C(C(C(=O)COP(=O)([O-])[O-])O)O)O)O)OP(=O)([O-])[O-]
sucarg,UMOXFSXIFQOWTD-LURJTMIESA-M,C(CC(C(=O)[O-])NC(=O)CCC(=O)[O-])C[NH+]=C(N)N
acon_C,GTZCVFVGUGFEME-IWQZZHSRSA-K,C(C(=CC(=O)[O-])C(=O)[O-])C(=O)[O-]
pyam5p,ZMJGSOSNSPKHNH-UHFFFAOYSA-M,CC1=NC=C(C(=C1O)C[NH3+])COP(=O)([O-])[O-]
thmmp,HZSAJDVWZRBGIF-UHFFFAOYSA-M,CC1=C(SC=[N+]1CC2=CN=C(N=C2N)C)CCOP(=O)([O-])[O-]
ps160,KLFKZIQAIPDJCW-GPOMZPHUSA-M,CCCCCCCCCCCCCCCC(=O)OCC(COP(=O)([O-])OCC(C(=O)[O-])[NH3+])OC(=O)CCCCCCCCCCCCCCC
eig3p,HFYBTHCYPKEDQQ-RITPCOANSA-L,C1=C(NC=N1)C(C(COP(=O)([O-])[O-])O)O
arbtn,,noinchikey
ctp,PCDQPRRSZKQHHS-XVFCMESISA-J,C1=CN(C(=O)N=C1N)C2C(C(C(O2)COP(=O)([O-])OP(=O)([O-])OP(=O)([O-])[O-])O)O
pgp140,,noinchikey
3dhgulnp,BDUIIKXSXFDPEC-LWKDLAHASA-K,C(C(C(C(=O)C(C(=O)[O-])O)O)O)OP(=O)([O-])[O-]
cpe180,HCFAHMIUAQMBSN-UHFFFAOYSA-M,CCCCCCC1CC1CCCCCCCCCC(=O)N(CCOP(=O)([O-])OCC(CO)O)C(=O)CCCCCCCCCC2CC2CCCCCC
2pglyc,ASCFNMCAHFUBCO-UHFFFAOYSA-K,C(C(=O)[O-])OP(=O)([O-])[O-]
dhgly,TVMUHOAONWHJBV-UHFFFAOYSA-N,C(=N)C(=O)O
cenchddd,AEUBLTTWYCDTGM-HXOXMVQHSA-M,C1=CC(C(C(=C1)C=CC(=O)[O-])O)O
pa161,,noinchikey
3hadpcoa,OTEACGAEDCIMBS-NOTSHUFBSA-I,CC(C)(COP(=O)([O-])OP(=O)([O-])OCC1C(C(C(O1)N2C=NC3=C(N=CN=C32)N)O)OP(=O)([O-])[O-])C(C(=O)NCCC(=O)NCCSC(=O)CC(CCC(=O)[O-])O)O
h2,UFHFLCQGNIYNRP-UHFFFAOYSA-N,[HH]
hhlipa,HHPCMWTVGVTYIC-CFEULOSXSA-H,CCCCCCCCCCCCCC(=O)OC(CCCCCCCCCCC)CC(=O)OC1C(C(OC(C1OP(=O)([O-])[O-])COC2(CC(C(C(O2)C(CO)O)OC3C(C(C(C(O3)C(CO)O)O)OC4C(C(C(C(O4)C(CO)O)O)O)O)O)OC5(CC(C(C(O5)C(CO)O)O)O)C(=O)[O-])C(=O)[O-])OCC6C(C(C(C(O6)OP(=O)([O-])[O-])NC(=O)CC(CCCCCCCCCCC)O)OC(=O)CC(CCCCCCCCCCC)O)O)NC(=O)CC(CCCCCCCCCCC)OC(=O)CCCCCCCCCCC
23dhbzs3,,noinchikey
3amp,LNQVTSROQXJCDD-KQYNXXCUSA-L,C1=NC(=C2C(=N1)N(C=N2)C3C(C(C(O3)CO)OP(=O)([O-])[O-])O)N
4hoxpacd,IPRPPFIAVHPVJH-UHFFFAOYSA-N,C1=CC(=CC=C1CC=O)O
hxa,FUZZWVXGSFPDMH-UHFFFAOYSA-M,CCCCCC(=O)[O-]
LptA,,noinchikey
3ntym,IUCYCHQMRZWPGT-UHFFFAOYSA-N,C1=CC(=C(C=C1CCN)[N+](=O)[O-])O
so4,QAOWNCQODCNURD-UHFFFAOYSA-L,[O-]S(=O)(=O)[O-]
thrtrna,,noinchikey
n8aspmd,FONIWJIDLJEJTL-UHFFFAOYSA-P,CC(=O)NCCCC[NH2+]CCC[NH3+]
h,GPRLSGONYQIRFK-UHFFFAOYSA-N,[H+]
murein5px3p,,noinchikey
aso4,DJHGAFSJWGLOIV-UHFFFAOYSA-L,O[As](=O)([O-])[O-]
23dhbzs,VDTYHTVHFIIEIL-LURJTMIESA-M,C1=CC(=C(C(=C1)O)O)C(=O)NC(CO)C(=O)[O-]
kphphhlipa,HKWVBDGTKAFRJF-UHFFFAOYSA-C,CCCCCCCCCCCCCC(=O)OC(CCCCCCCCCCC)CC(=O)OC1C(C(OC(C1OP(=O)([O-])[O-])COC2(CC(C(C(O2)C(CO)O)OC3C(C(C(C(O3)C(CO)O)OP(=O)([O-])[O-])OC4C(C(C(C(O4)C(COC5C(C(C(C(O5)C(CO)O)O)O)O)O)OP(=O)([O-])[O-])O)O)O)OC6(CC(C(C(O6)C(CO)O)O)OC7(CC(C(C(O7)C(CO)O)O)O)C(=O)[O-])C(=O)[O-])C(=O)[O-])OCC8C(C(C(C(O8)OP(=O)(O)O)N=C(CC(CCCCCCCCCCC)O)[O-])OC(=O)CC(CCCCCCCCCCC)O)O)N=C(CC(CCCCCCCCCCC)OC(=O)CCCCCCCCCCC)[O-]
fad,IMGVNJNCCGXBHD-UYBVJOGSSA-K,noinchikey_inpubchem
uaagmda,OXJNZXDFVLDLEI-MBCYCBSHSA-J,CC(C(=O)NC(CCC(=O)NC(CCCC(C(=O)[O-])[NH3+])C(=O)NC(C)C(=O)NC(C)C(=O)[O-])C(=O)[O-])NC(=O)C(C)OC1C(C(OC(C1OC2C(C(C(C(O2)CO)O)O)NC(=O)C)CO)OP(=O)([O-])OP(=O)([O-])OCC=C(C)CCC=C(C)CCC=C(C)CCC=C(C)CCC=C(C)CCC=C(C)CCC=C(C)CCC=C(C)CCC=C(C)CCC=C(C)CCC=C(C)C)NC(=O)C
arab__L,PYMYPHUHKUWMLA-VAYJURFESA-N,C(C(C(C(C=O)O)O)O)O
o16a2und,JLHGQTKMJCQGJD-CEOXHMAOSA-L,CC1C(C(C(C(O1)OC2C(C(OC(C2O)COC3C(C(C(C(O3)CO)O)O)O)OC4C(C(OC4OCC5C(C(C(C(O5)OC6C(C(OC(C6OC(=O)C)OC7C(C(OC(C7O)COC8C(C(C(C(O8)CO)O)O)O)OP(=O)(O)OP(=O)(O)OCC=C(C)CCC=C(C)CCC=C(C)CCC=C(C)CCC=C(C)CCC=C(C)CCC=C(C)CCC=C(C)CCC=C(C)CCC=C(C)CCC=C(C)C)N=C(C)[O-])C)O)O)O)O)C(CO)O)O)N=C(C)[O-])OC(=O)C)OC9C(C(C(C(O9)COC1C(C(C(O1)C(CO)O)O)O)O)O)O)O
3psme,QUTYKIXIUDQOLK-PRJMDXOYSA-J,C=C(C(=O)[O-])OC1CC(=CC(C1O)OP(=O)([O-])[O-])C(=O)[O-]
2dr1p,KBDKAJNTYKVSEK-VPENINKCSA-L,C1C(C(OC1OP(=O)([O-])[O-])CO)O
2oxpaccoa,ZQZCWPBSHHYCMM-BETJHJQZSA-J,CC(C)(COP(=O)([O-])OP(=O)([O-])OCC1C(C(C(O1)N2C=NC3=C(N=CN=C32)N)O)OP(=O)([O-])[O-])C(C(=O)NCCC(=O)NCCSC(=O)C=C4CC=CC=CO4)O
fe3hox_un,,noinchikey
cdpdodecg,PDCWLWQTNQCGRI-IGIWICMZSA-L,CCCCCCCCCCCCCCCCCC(=O)OCC(COP(=O)([O-])OP(=O)([O-])OCC1C(C(C(O1)N2C=CC(=NC2=O)N)O)O)OC(=O)CCCCCCCCCCCCCCCCC
ascb__L,CIWBSHSKHKDKBQ-JLAZNSOCSA-M,C(C(C1C(=C(C(=O)O1)[O-])O)O)O
ile__L,AGPKZVBTJJNPAG-WHFBIAKZSA-N,CCC(C)C(C(=O)O)N
dtdp,UJLXYODCHAELLY-XLPZGREQSA-K,CC1=CN(C(=O)NC1=O)C2CC(C(O2)COP(=O)([O-])OP(=O)([O-])[O-])O
pa141,,noinchikey
agdpcbi,IQTYKHRKNGVJEO-RRMAJTJESA-K,noinchikey_inpubchem
4mhetz,BKAWJIRCKVUVED-UHFFFAOYSA-N,CC1=C(SC=N1)CCO
acglc__D,ILLOJQCWUBEHBA-KEWYIRBNSA-N,CC(=O)OCC1C(C(C(C(O1)O)O)O)O
kdo8p,IZZNRKJLBIYBJN-HXUQBWEZSA-K,C1C(C(C(OC1(C(=O)[O-])O)C(COP(=O)([O-])[O-])O)O)O
hphhlipa,OCKKDDJUVZAABC-XSAOWLIJSA-G,noinchikey_inpubchem
copre2,BKIWSQUNFCJSOI-HZUOBFSFSA-E,CC1(C(C2=CC3=NC(=C(C3CC(=O)[O-])CCC(=O)[O-])CC4=C(C(=C([N-]4)C=C5C(C(C(=N5)C=C1[N-]2)CCC(=O)[O-])(C)CC(=O)[O-])CC(=O)[O-])CCC(=O)[O-])CCC(=O)[O-])CC(=O)[O-].[Co+2]
ade,GFFGJBXGBJISGV-UHFFFAOYSA-N,C1=NC2=NC=NC(=C2N1)N
ethso3,CCIVGXIOQKPBKL-UHFFFAOYSA-M,CCS(=O)(=O)[O-]
urdglyc,NWZYYCVIOKVTII-SFOWXEAESA-M,C(C(=O)[O-])(NC(=O)N)O
ppap,FMNMEQSRDWIBFO-UHFFFAOYSA-L,CCC(=O)OP(=O)([O-])[O-]
thr__L,AYFVYJQAPQTCCC-GBXIJSLDSA-N,CC(C(C(=O)O)N)O
malttr,FYGDTMLNYKFZSV-PXXRMHSHSA-N,C(C1C(C(C(C(O1)OC2C(OC(C(C2O)O)OC3C(OC(C(C3O)O)O)CO)CO)O)O)O)O
phpyr,BTNMPGBKDVTSJY-UHFFFAOYSA-M,C1=CC=C(C=C1)CC(=O)C(=O)[O-]
acald,IKHGUXGNUITLKF-UHFFFAOYSA-N,CC=O
acgam,OVRNDRQMDRJTHS-RTRLPJTCSA-N,CC(=O)NC1C(C(C(OC1O)CO)O)O
5mtr,ACWASDPGAVYCNI-JKUQZMGJSA-N,CSCC(C(C(C=O)O)O)O
uaccg,BEGZZYPUNCJHKP-DBYWSUQTSA-K,CC(=O)NC1C(C(C(OC1OP(=O)([O-])OP(=O)([O-])OCC2C(C(C(O2)N3C=CC(=O)NC3=O)O)O)CO)O)OC(=C)C(=O)[O-]
12dgr160,,noinchikey
grxox,,noinchikey
2agpg140,NHYJQQUDLXESED-UHFFFAOYSA-M,CCCCCCCCCCCCCC(=O)OC(CO)COP(=O)([O-])OCC(CO)O
ggbutal,JZNLEPLZUABCSQ-ZETCQYMHSA-N,C(CC=O)CNC(=O)CCC(C(=O)O)N
hx2coa,OINXHIBNZUUIMR-IXUYQXAASA-J,CCCC=CC(=O)SCCNC(=O)CCNC(=O)C(C(C)(C)COP(=O)([O-])OP(=O)([O-])OCC1C(C(C(O1)N2C=NC3=C(N=CN=C32)N)O)OP(=O)([O-])[O-])O
mththf,BVIYGXUQVXBHQS-IUYQGCFVSA-N,CC1(C(C(CO1)O)(O)O)O
ac,QTBSBXVTEAMEQO-UHFFFAOYSA-M,CC(=O)[O-]
1tdecg3p,FAZBDRGXCKPVJU-MRXNPFEDSA-L,CCCCCCCCCCCCCC(=O)OCC(COP(=O)([O-])[O-])O
lipidX,HEHQDWUWJVPREQ-XQJZMFRCSA-L,CCCCCCCCCCCC(CC(=O)NC1C(C(C(OC1OP(=O)([O-])[O-])CO)O)OC(=O)CC(CCCCCCCCCCC)O)O
trnahis,,noinchikey
mnl1p,GACTWZZMVMUKNG-KVTDHHQDSA-L,C(C(C(C(C(COP(=O)([O-])[O-])O)O)O)O)O
hphaccoa,GPCAQTOAAYEBGJ-CECATXLMSA-J,CC(C)(COP(=O)([O-])OP(=O)([O-])OCC1C(C(C(O1)N2C=NC3=C(N=CN=C32)N)O)OP(=O)([O-])[O-])C(C(=O)NCCC(=O)NCCSC(=O)CC4=CC=C(C=C4)O)O
3fe4s,,noinchikey
apg180,WCMVNCVROQLVSH-JBQXKKLXSA-M,CCCCCCCCCCCCCCCCCC(=O)OCC(COP(=O)([O-])OCC(COC(=O)CCCCCCCCCCCCCCCCC)OC(=O)CCCCCCCCCCCCCCCCC)O
dgmp,LTFMZDNNPPEQNG-KVQBGUIXSA-L,C1C(C(OC1N2C=NC3=C2NC(=NC3=O)N)COP(=O)([O-])[O-])O
xtp,CAEFEWVYEZABLA-UUOKFMHZSA-J,C1=NC2=C(N1C3C(C(C(O3)COP(=O)([O-])OP(=O)([O-])OP(=O)([O-])[O-])O)O)NC(=O)NC2=O
arbt,BJRNKVDFDLYUGJ-RMPHRYRLSA-N,C1=CC(=CC=C1O)OC2C(C(C(C(O2)CO)O)O)O
g3pe,JZNWSCPGTDBMEW-YFKPBYRVSA-N,C(COP(=O)(O)OCC(CO)O)N
fmettrna,,noinchikey
2dh3dgal6p,OVPRPPOVAXRCED-NQXXGFSBSA-K,C(C(C(COP(=O)([O-])[O-])O)O)C(=O)C(=O)[O-]
galctn__D,RGHNJXZEOKUKBD-MGCNEYSASA-M,C(C(C(C(C(C(=O)[O-])O)O)O)O)O
datp,SUYVUBYJARFZHO-RRKCRQDMSA-J,C1C(C(OC1N2C=NC3=C(N=CN=C32)N)COP(=O)([O-])OP(=O)([O-])OP(=O)([O-])[O-])O
feoxam_un,,noinchikey
remnant1,,noinchikey
dhnpt,YQIFAMYNGGOTFB-XINAWCOVSA-N,C1C(=NC2=C(N1)NC(=NC2=O)N)C(C(CO)O)O
pser__L,BZQFBWGGLXLEPQ-REOHCLBHSA-L,C(C(C(=O)[O-])[NH3+])OP(=O)([O-])[O-]
asp__L,CKLJMWTZIZZHCS-REOHCLBHSA-M,C(C(C(=O)[O-])[NH3+])C(=O)[O-]
8aonn,GUAHPAJOXVYFON-UHFFFAOYSA-N,CC(C(=O)CCCCCC(=O)O)N
malthx,OCIBBXPLUVYKCH-QXVNYKTNSA-N,C(C1C(C(C(C(O1)OC2C(OC(C(C2O)O)OC3C(OC(C(C3O)O)OC4C(OC(C(C4O)O)OC5C(OC(C(C5O)O)OC6C(OC(C(C6O)O)O)CO)CO)CO)CO)CO)O)O)O)O
salchs2,,noinchikey
apg181,,noinchikey
pgp181,,noinchikey
2dda7p,PJWIPEXIFFQAQZ-PUFIMZNGSA-K,C(C(C(C(COP(=O)([O-])[O-])O)O)O)C(=O)C(=O)[O-]
pap,WHTCPDAXWFLDIH-KQYNXXCUSA-J,C1=NC(=C2C(=N1)N(C=N2)C3C(C(C(O3)COP(=O)([O-])[O-])OP(=O)([O-])[O-])O)N
mmcoa__S,MZFOKIKEPGUZEN-IBNUZSNCSA-I,CC(C(=O)[O-])C(=O)SCCNC(=O)CCNC(=O)C(C(C)(C)COP(=O)([O-])OP(=O)([O-])OCC1C(C(C(O1)N2C=NC3=C(N=CN=C32)N)O)OP(=O)([O-])[O-])O
sufbcd_2fe2s2,,noinchikey
dd2coa,IRFYVBULXZMEDE-DEEZISNZSA-J,CCCCCCCCCC=CC(=O)SCCNC(=O)CCNC(=O)C(C(C)(C)COP(=O)([O-])OP(=O)([O-])OCC1C(C(C(O1)N2C=NC3=C(N=CN=C32)N)O)OP(=O)([O-])[O-])O
myrsACP,,noinchikey
adocblp,,noinchikey
udcpo5,,noinchikey
btn,YBJHBAHKTGYVGT-ZKWXMUAHSA-M,C1C2C(C(S1)CCCCC(=O)[O-])NC(=O)N2
t3c11vaceACP,,noinchikey
zn2,PTFCDOFLOPIGGS-UHFFFAOYSA-N,[Zn+2]
utp,PGAVKCOVUIYSFO-XVFCMESISA-J,C1=CN(C(=O)NC1=O)C2C(C(C(O2)COP(=O)([O-])OP(=O)([O-])OP(=O)([O-])[O-])O)O
trnaarg,,noinchikey
phaccoa,ZIGIFDRJFZYEEQ-CECATXLMSA-J,CC(C)(COP(=O)([O-])OP(=O)([O-])OCC1C(C(C(O1)N2C=NC3=C(N=CN=C32)N)O)OP(=O)([O-])[O-])C(C(=O)NCCC(=O)NCCSC(=O)CC4=CC=CC=C4)O
psd5p,,noinchikey
salcn,NGFMICBWJRZIBI-UJPOAAIJSA-N,C1=CC=C(C(=C1)CO)OC2C(C(C(C(O2)CO)O)O)O
pppi,UNXRWKVEANCORM-UHFFFAOYSA-I,[O-]P(=O)([O-])OP(=O)([O-])OP(=O)([O-])[O-]
gdpfuc,LQEBEXMHBLQMDB-JGQUBWHWSA-L,CC1C(C(C(C(O1)OP(=O)([O-])OP(=O)([O-])OCC2C(C(C(O2)N3C=NC4=C3NC(=NC4=O)N)O)O)O)O)O
2amsa,XMTCKNXTTXDPJX-REOHCLBHSA-N,C(=O)C(C(=O)O)N
tpalm2eACP,,noinchikey
N1aspmd,MQTAVJHICJWXBR-UHFFFAOYSA-P,CC(=O)NCCC[NH2+]CCCC[NH3+]
u23ga,KOJCFMYSTWNMQW-RUAJDYCTSA-L,CCCCCCCCCCCC(CC(=O)NC1C(C(C(OC1OP(=O)([O-])OP(=O)([O-])OCC2C(C(C(O2)N3C=CC(=O)NC3=O)O)O)CO)O)OC(=O)CC(CCCCCCCCCCC)O)O
raffin,MUPFEKGTMRGPLJ-ZQSKZDJDSA-N,C(C1C(C(C(C(O1)OCC2C(C(C(C(O2)OC3(C(C(C(O3)CO)O)O)CO)O)O)O)O)O)O)O
3hcvac11eACP,,noinchikey
tdec2eACP,,noinchikey
trnamet,,noinchikey
hkntd,WCJYZUFKKTYNLB-PFCALIJCSA-L,C(=CC(=O)C=CC(=O)[O-])C=C(C(=O)[O-])O
trnaile,,noinchikey
murein5p5p5p,FOZGDVCGOFWZKF-SSRSPRHQSA-G,noinchikey_inpubchem
cpgn_un,,noinchikey
rml1p,KNYGWWDTPGSEPD-OTWZMJIISA-L,CC(C(C(C(=O)COP(=O)([O-])[O-])O)O)O
sucr,CZMRCDWAGMRECN-UGDNZRGBSA-N,C(C1C(C(C(C(O1)OC2(C(C(C(O2)CO)O)O)CO)O)O)O)O
ckdo,YWWJKULNWGRYAS-UOVSKDHASA-L,C1C(C(C(OC1(C(=O)[O-])OP(=O)([O-])OCC2C(C(C(O2)N3C=CC(=NC3=O)N)O)O)C(CO)O)O)O
gfgaragund,SOZYQWIVOMQYML-KIWKAZHESA-L,CC1C(C(C(C(O1)OC2C(C(OC(C2O)CO)OP(=O)(O)OP(=O)([O-])OCC=C(C)CCC=C(C)CCC=C(C)CCC=C(C)CCC=C(C)CCC=C(C)CCC=C(C)CCC=C(C)CCC=C(C)CCC=C(C)CCC=C(C)C)N=C(C)[O-])OC(=O)C)OC3C(C(C(C(O3)COC4C(C(C(O4)C(CO)O)O)O)O)O)O)O
fmn,ANKZYBDXHMZBDK-SCRDCRAPSA-K,noinchikey_inpubchem
lpp,,noinchikey
acorn,JRLGPAXAGHMNOL-LURJTMIESA-N,CC(=O)NC(CCCN)C(=O)O
hpyr,HHDDCCUIIUWNGJ-UHFFFAOYSA-M,C(C(=O)C(=O)[O-])O
slnt,MCAHWIHFGHIESP-UHFFFAOYSA-L,[O-][Se](=O)[O-]
murein5px4p,NQXCJQVWBSGGNW-UHFFFAOYSA-E,noinchikey_inpubchem
pyr,LCTONWCANYUPML-UHFFFAOYSA-M,CC(=O)C(=O)[O-]
3hcinnm,KKSDGJDHHZEWEP-SNAWJCMRSA-M,C1=CC(=CC(=C1)O)C=CC(=O)[O-]
hexACP,,noinchikey
4ppan,XHFVGHPGDLDEQO-ZETCQYMHSA-K,CC(C)(COP(=O)([O-])[O-])C(C(=O)NCCC(=O)[O-])O
4pasp,IXZNKTPIYKDIGG-REOHCLBHSA-L,C(C(C(=O)[O-])[NH3+])C(=O)OP(=O)([O-])[O-]
nac,PVNIIMVLHYAWGP-UHFFFAOYSA-M,C1=CC(=CN=C1)C(=O)[O-]
3hmrsACP,,noinchikey
cystrna,,noinchikey
but2eACP,,noinchikey
3dhphaccoa,,noinchikey
succ,KDYFGRWQOYBRFD-UHFFFAOYSA-L,C(CC(=O)[O-])C(=O)[O-]
btnso,KCSKCIQYNAOBNQ-YBSFLMRUSA-M,C1C2C(C(S1=O)CCCCC(=O)[O-])NC(=O)N2
23dhdp,UWOCFOFVIBZJGH-YFKPBYRVSA-L,C1C=CC(=NC1C(=O)[O-])C(=O)[O-]
uamag,OJZCATPXPWFLHF-HPUCEMLMSA-J,CC(C(=O)NC(CCC(=O)[O-])C(=O)[O-])NC(=O)C(C)OC1C(C(OC(C1O)CO)OP(=O)([O-])OP(=O)([O-])OCC2C(C(C(O2)N3C=CC(=O)NC3=O)O)O)NC(=O)C
2agpg181,,noinchikey
gdptp,KCPMACXZAITQAX-UUOKFMHZSA-H,C1=NC2=C(N1C3C(C(C(O3)COP(=O)([O-])OP(=O)([O-])OP(=O)([O-])[O-])OP(=O)([O-])OP(=O)(O)[O-])O)NC(=NC2=O)N
gmhep1p,KMEJCSKJXSBBAN-QTNLNCNHSA-L,C(C(C1C(C(C(C(O1)OP(=O)([O-])[O-])O)O)O)O)O
dgslnt,GJEZZQVPWMCGSB-BJDJZHNGSA-L,C(CC(=O)NC(CS[Se]SCC(C(=O)NCC(=O)[O-])NC(=O)CCC(C(=O)[O-])[NH3+])C(=O)NCC(=O)[O-])C(C(=O)[O-])[NH3+]
bmocogdp,,noinchikey
2mcacn,NUZLRKBHOBPTQV-ARJAWSKDSA-K,CC(=C(CC(=O)[O-])C(=O)[O-])C(=O)[O-]
ru5p__L,FNZLKVNUWIIPSJ-CRCLSJGQSA-L,C(C(C(C(=O)CO)O)O)OP(=O)([O-])[O-]
dmlz,SXDXRJZUAJBNFL-XKSSXDPKSA-M,CC1=C(N(C2=NC(=NC(=O)C2=N1)[O-])CC(C(C(CO)O)O)O)C
glyc,PEDCQBHIVMGVHV-UHFFFAOYSA-N,C(C(CO)O)O
ppgpp,BUFLLCUFNHESEH-UUOKFMHZSA-I,C1=NC2=C(N1C3C(C(C(O3)COP(=O)([O-])OP(=O)(O)[O-])OP(=O)([O-])OP(=O)([O-])[O-])O)NC(=NC2=O)N
frmd,ZHNUHDYFZUAESO-UHFFFAOYSA-N,C(=O)N
n2o,GQPLMRYTRLFLPF-UHFFFAOYSA-N,[N-]=[N+]=O
aspsa,HOSWPDPVFBCLSY-VKHMYHEASA-N,C(C=O)C(C(=O)O)N
2agpe180,KIHAGWUUUHJRMS-JOCHJYFZSA-N,CCCCCCCCCCCCCCCCCC(=O)OC(CO)COP(=O)(O)OCCN
5aprbu,RQRINYISXYAZKL-RPDRRWSUSA-L,C(C(C(C(COP(=O)([O-])[O-])O)O)O)NC1=C(C(=O)NC(=O)N1)N
garagund,QZKSQRMITRSRFM-QUNHHUOXSA-L,CC1C(C(C(C(O1)OC2C(C(OC(C2O)CO)OP(=O)(O)OP(=O)([O-])OCC=C(C)CCC=C(C)CCC=C(C)CCC=C(C)CCC=C(C)CCC=C(C)CCC=C(C)CCC=C(C)CCC=C(C)CCC=C(C)CCC=C(C)C)N=C(C)[O-])OC(=O)C)OC3C(C(C(C(O3)CO)O)O)O)O
3hpp,ALRHLSYJTWAHJZ-UHFFFAOYSA-M,C(CO)C(=O)[O-]
hmbil,WDFJYRZCZIUBPR-UHFFFAOYSA-F,C1=C(C(=C(N1)CC2=C(C(=C(N2)CC3=C(C(=C(N3)CC4=C(C(=C(N4)CO)CC(=O)[O-])CCC(=O)[O-])CC(=O)[O-])CCC(=O)[O-])CC(=O)[O-])CCC(=O)[O-])CC(=O)[O-])CCC(=O)[O-]
2pg,GXIURPTVHJPJLF-UWTATZPHSA-K,C(C(C(=O)[O-])OP(=O)([O-])[O-])O
hdcoa,,noinchikey
1agpe140,RPXHXZNGZBHSMJ-GOSISDBHSA-N,CCCCCCCCCCCCCC(=O)OCC(COP(=O)(O)OCCN)O
lipoamp,QWEGOCJRZOKSOE-ADUAKINBSA-M,C1CSSC1CCCCC(=O)OP(=O)([O-])OCC2C(C(C(O2)N3C=NC4=C(N=CN=C43)N)O)O
5fthf,VVIAGPKUTFNRDU-STQMWFEESA-L,C1C(N(C2=C(N1)NC(=NC2=O)N)C=O)CNC3=CC=C(C=C3)C(=O)NC(CCC(=O)[O-])C(=O)[O-]
actp,LIPOUNRJVLNBCD-UHFFFAOYSA-L,CC(=O)OP(=O)([O-])[O-]
alltt,NUCLJNSWZCHRKL-UHFFFAOYSA-M,C(C(=O)[O-])(NC(=O)N)NC(=O)N
trnaasp,,noinchikey
sbzcoa,AVOVYFCDODUXLY-HSJNEKGZSA-I,CC(C)(COP(=O)([O-])OP(=O)([O-])OCC1C(C(C(O1)N2C=NC3=C(N=CN=C32)N)O)OP(=O)([O-])[O-])C(C(=O)NCCC(=O)NCCSC(=O)C4=CC=CC=C4C(=O)CCC(=O)[O-])O
dtdp4aaddg,YHXQWYBLXUELDA-ZCVKINLTSA-L,CC1C(C(C(C(O1)OP(=O)([O-])OP(=O)([O-])OCC2C(CC(O2)N3C=C(C(=O)NC3=O)C)O)O)O)NC(=O)C
3c2hmp,RNQHMTFBUSSBJQ-CRCLSJGQSA-L,CC(C)C(C(C(=O)[O-])O)C(=O)[O-]
moadcosh,,noinchikey
dsbard,,noinchikey
sucgsa,XTOKIEIBKARFSZ-LURJTMIESA-L,C(CC(C(=O)[O-])NC(=O)CCC(=O)[O-])C=O
adphep_DD,KMSFWBYFWSKGGR-FQBROAFUSA-L,C1=NC(=C2C(=N1)N(C=N2)C3C(C(C(O3)COP(=O)([O-])OP(=O)([O-])OC4C(C(C(C(O4)C(CO)O)O)O)O)O)O)N
pe120,,noinchikey
t3c7mrseACP,,noinchikey
ACP,,noinchikey
bmoco,,noinchikey
octdp,IKKLDISSULFFQO-DJMILUHSSA-K,CC(=CCCC(=CCCC(=CCCC(=CCCC(=CCCC(=CCCC(=CCCC(=CCOP(=O)([O-])OP(=O)([O-])[O-])C)C)C)C)C)C)C)C
3hhdcoa,DEHLMTDDPWDRDR-BCIKBWLNSA-J,CCCCCCCCCCCCCC(CC(=O)SCCNC(=O)CCNC(=O)C(C(C)(C)COP(=O)([O-])OP(=O)([O-])OCC1C(C(C(O1)N2C=NC3=C(N=CN=C32)N)O)OP(=O)([O-])[O-])O)O
dpcoa,KDTSHFARGAKYJN-IBOSZNHHSA-L,CC(C)(COP(=O)([O-])OP(=O)([O-])OCC1C(C(C(O1)N2C=NC3=C(N=CN=C32)N)O)O)C(C(=O)NCCC(=O)NCCS)O
2agpe160,CKPBBEOJHAPPBT-HXUWFJFHSA-N,CCCCCCCCCCCCCCCC(=O)OC(CO)COP(=O)(O)OCCN
ppp9,KSFOVUSSGSKXFI-UJJXFSCMSA-L,noinchikey_inpubchem
2cpr5p,QKMBYNRMPRKVTO-MNOVXSKESA-K,C1=CC=C(C(=C1)C(=O)[O-])NCC(=O)C(C(COP(=O)([O-])[O-])O)O
pheme,KABFMIBPWCXCRK-RGGAHWMASA-J,noinchikey_inpubchem
3omrsACP,,noinchikey
trnathr,,noinchikey
6pgc,BIRSGZKFKXLSJQ-SQOUGZDYSA-K,C(C(C(C(C(C(=O)[O-])O)O)O)O)OP(=O)([O-])[O-]
uLa4n,,noinchikey
pgp180,UZNYMWWMHBZMLI-IOLBBIBUSA-K,CCCCCCCCCCCCCCCCCC(=O)OCC(COP(=O)([O-])OCC(COP(=O)([O-])[O-])O)OC(=O)CCCCCCCCCCCCCCCCC
arg__L,ODKSFYDXXFIFQN-BYPYZUCNSA-O,C(CC(C(=O)[O-])[NH3+])C[NH+]=C(N)N
anhgm,,noinchikey
cd2,WLZRMCYVCSSEQC-UHFFFAOYSA-N,[Cd+2]
3odcoa,AZCVXMAPLHSIKY-HSJNEKGZSA-J,CCCCCCCC(=O)CC(=O)SCCNC(=O)CCNC(=O)C(C(C)(C)COP(=O)([O-])OP(=O)([O-])OCC1C(C(C(O1)N2C=NC3=C(N=CN=C32)N)O)OP(=O)([O-])[O-])O
gly,DHMQDGOQFOQNFH-UHFFFAOYSA-N,C(C(=O)O)N
cpppg3,NIUVHXTXUXOFEB-UHFFFAOYSA-J,CC1=C2CC3=C(C(=C(N3)CC4=C(C(=C(N4)CC5=C(C(=C(N5)CC(=C1CCC(=O)[O-])N2)C)CCC(=O)[O-])C)CCC(=O)[O-])CCC(=O)[O-])C
cl,VEXZGXHMUGYJMC-UHFFFAOYSA-M,[Cl-]
aact,BCDGQXUMWHRQCB-UHFFFAOYSA-O,CC(=O)C[NH3+]
dms,QMMFVYPAHWMCMS-UHFFFAOYSA-N,CSC
ps120,,noinchikey
xyl__D,SRBFZHDQGSBBOR-IOVATXLUSA-N,C1C(C(C(C(O1)O)O)O)O
2tdecg3p,,noinchikey
e4p,NGHMDNPXVRFFGS-IUYQGCFVSA-L,C(C(C(C=O)O)O)OP(=O)([O-])[O-]
alac__S,NMDWGEGFJUBKLB-YFKPBYRVSA-M,CC(=O)C(C)(C(=O)[O-])O
eca3und,AEBNALYOCQHPHC-FKUZKRBFSA-I,CC=C(C)CCC=C(C)CCC=C(C)CCC=C(C)CCC=C(C)CCC=C(C)CCC=C(C)CCC=C(C)CCC=C(C)CCC=C(C)CCC=C(C)COP(=O)(O)OP(=O)(O)OC1C(C(C(C(O1)CO)OC2C(C(C(C(O2)C(=O)O)OC3C(C(C(C(O3)C)N=C(C)[O-])OC4C(C(C(C(O4)CO)OC5C(C(C(C(O5)C(=O)O)OC6C(C(C(C(O6)C)N=C(C)[O-])OC7C(C(C(C(O7)CO)OC8C(C(C(C(O8)C(=O)O)OC9C(C(C(C(O9)C)N=C(C)[O-])O)O)O)NC(=O)C)O)N=C(C)[O-])O)O)NC(=O)C)O)N=C(C)[O-])O)O)NC(=O)C)O)NC(=O)C
3c4mop,HIIZAGQWABAMRR-BYPYZUCNSA-L,CC(C)C(C(=O)C(=O)[O-])C(=O)[O-]
ag,FOIXSVOLVBLSDH-UHFFFAOYSA-N,[Ag+]
3hpalmACP,,noinchikey
sectrna,,noinchikey
pgp161,PTJJTQQVMKSSOK-WXUKJITCSA-K,CCCCCCC=CCCCCCCCC(=O)OCC(COP(=O)([O-])OCC(COP(=O)([O-])[O-])O)OC(=O)CCCCCCCC=CCCCCCC
2ippm,NJMGRJLQRLFQQX-HYXAFXHYSA-L,CC(C)C(=CC(=O)[O-])C(=O)[O-]
tre6p,LABSPYBHMPDTEL-LIZSDCNHSA-L,C(C1C(C(C(C(O1)OC2C(C(C(C(O2)COP(=O)([O-])[O-])O)O)O)O)O)O)O
2ddg6p,OVPRPPOVAXRCED-WVZVXSGGSA-K,C(C(C(COP(=O)([O-])[O-])O)O)C(=O)C(=O)[O-]
ttrcyc,OFVLGDICTFRJMM-WESIUVDSSA-N,noinchikey_inpubchem
atp,ZKHQWZAMYRWXGA-KQYNXXCUSA-J,C1=NC(=C2C(=N1)N(C=N2)C3C(C(C(O3)COP(=O)([O-])OP(=O)([O-])OP(=O)([O-])[O-])O)O)N
cdec3eACP,,noinchikey
coa,RGJOEKWQDUBAIZ-IBOSZNHHSA-J,CC(C)(COP(=O)([O-])OP(=O)([O-])OCC1C(C(C(O1)N2C=NC3=C(N=CN=C32)N)O)OP(=O)([O-])[O-])C(C(=O)NCCC(=O)NCCS)O
acgal1p,FZLJPEPAYPUMMR-JAJWTYFOSA-L,CC(=O)NC1C(C(C(OC1OP(=O)([O-])[O-])CO)O)O
3hpppn,QVWAEZJXDYOKEH-UHFFFAOYSA-M,C1=CC(=CC(=C1)O)CCC(=O)[O-]
progly,RNKSNIBMTUYWSH-YFKPBYRVSA-N,C1CC(NC1)C(=O)NCC(=O)O
peamn,BHHGXPLMPWCGHP-UHFFFAOYSA-O,C1=CC=C(C=C1)CC[NH3+]
btal,ZTQSAGDEMFDKMZ-UHFFFAOYSA-N,CCCC=O
12ppd__S,DNIAPMSPPWPWGF-VKHMYHEASA-N,CC(CO)O
3oddcoa,HQANBZHVWIDNQZ-GMHMEAMDSA-J,CCCCCCCCCC(=O)CC(=O)SCCN=C(CCN=C(C(C(C)(C)COP(=O)(O)OP(=O)(O)OCC1C(C(C(O1)N2C=NC3=C(N=CN=C32)N)O)OP(=O)([O-])[O-])O)[O-])[O-]
adp,XTWYTFMLZFPYCI-KQYNXXCUSA-K,C1=NC(=C2C(=N1)N(C=N2)C3C(C(C(O3)COP(=O)([O-])OP(=O)([O-])[O-])O)O)N
imacp,YCFFMSOLUMRAMD-UHFFFAOYSA-L,C1=C(NC=N1)CC(=O)COP(=O)([O-])[O-]
murein4p3p,AKLORNSFZCNZDU-UHFFFAOYSA-H,noinchikey_inpubchem
tartr__L,FEWJPZIEWOKRBE-JCYAYHJZSA-L,C(C(C(=O)[O-])O)(C(=O)[O-])O
pe141,,noinchikey
f1p,RHKKZBWRNHGJEZ-VRPWFDPXSA-L,C(C1C(C(C(O1)(COP(=O)([O-])[O-])O)O)O)O
damp,KHWCHTKSEGGWEX-RRKCRQDMSA-L,C1C(C(OC1N2C=NC3=C(N=CN=C32)N)COP(=O)([O-])[O-])O
gua,UYTPUPDQBNUYGX-UHFFFAOYSA-N,C1=NC2=C(N1)C(=O)N=C(N2)N
3hoctaACP,,noinchikey
hacolipa,,noinchikey
glyclt,AEMRFAOFKBGASW-UHFFFAOYSA-M,C(C(=O)[O-])O
phphhlipa,MVYTXVAKEAWEGM-WMKPBWIYSA-D,CCCCCCCCCCCCCC(=O)OC(CCCCCCCCCCC)CC(=O)OC1C(C(OC(C1OP(=O)([O-])[O-])COC2(CC(C(C(O2)C(CO)O)OC3C(C(C(C(O3)C(CO)O)OP(=O)([O-])[O-])OC4C(C(C(C(O4)C(COC5C(C(C(C(O5)C(CO)O)O)O)O)O)OP(=O)([O-])[O-])O)O)O)OC6(CC(C(C(O6)C(CO)O)O)O)C(=O)[O-])C(=O)[O-])OCC7C(C(C(C(O7)OP(=O)(O)O)N=C(CC(CCCCCCCCCCC)O)[O-])OC(=O)CC(CCCCCCCCCCC)O)O)N=C(CC(CCCCCCCCCCC)OC(=O)CCCCCCCCCCC)[O-]
kokdolipidA,,noinchikey
ser__D,MTCFGRXMJLQNBG-UWTATZPHSA-N,C(C(C(=O)O)N)O
glyald,MNQZXJOMYWMBOU-VKHMYHEASA-N,C(C(C=O)O)O
4crsol,IWDCLRJOBJJRNH-UHFFFAOYSA-N,CC1=CC=C(C=C1)O
o2s,OUUQCZGPVNCOIJ-UHFFFAOYSA-M,[O-][O]
pep,DTBNBXWJWCWCIK-UHFFFAOYSA-K,C=C(C(=O)[O-])OP(=O)([O-])[O-]
dhpmp,PLSQMGZYOGSOCE-XINAWCOVSA-L,C1C(=NC2=C(N1)NC(=NC2=O)N)C(C(COP(=O)([O-])[O-])O)O
fldox,,noinchikey
cdigmp,,noinchikey
air,PDACUKOKVHBVHJ-ZRTZXPPTSA-M,C1=C([N+](=CN1)C2C(C(C(O2)COP(=O)([O-])[O-])O)O)N
3ig3p,NQEQTYPJSIEPHW-MNOVXSKESA-L,C1=CC=C2C(=C1)C(=CN2)C(C(COP(=O)([O-])[O-])O)O
dsbcrd,,noinchikey
o16a4und,RNMNOQBZUYAUDM-UBJCEAIVSA-J,noinchikey_inpubchem
xdp,YMOPVQQBWLGDOD-UUOKFMHZSA-K,C1=NC2=C(N1C3C(C(C(O3)COP(=O)([O-])OP(=O)([O-])[O-])O)O)NC(=O)NC2=O
aso3,AQLMHYSWFMLWBS-UHFFFAOYSA-N,O[As](O)[O-]
glc__D,WQZGKKKJIJFFOK-GASJEMHNSA-N,C(C1C(C(C(C(O1)O)O)O)O)O
cbp,FFQKYPRQEYGKAF-UHFFFAOYSA-L,C(=O)(N)OP(=O)([O-])[O-]
ni2,VEQPNABPJHWNSG-UHFFFAOYSA-N,[Ni+2]
tmao,UYPYRKYUKCHHIB-UHFFFAOYSA-N,C[N+](C)(C)[O-]
kdo2lipid4p,LDKYKDQAKNLWER-RLUYZOBBSA-H,CCCCCCCCCCCCCCCC(=O)OC(CCCCCCCCCCC)CC(=NC1C(C(C(OC1OCC2C(C(C(C(O2)OP(=O)(O)O)N=C(CC(CCCCCCCCCCC)O)[O-])OC(=O)CC(CCCCCCCCCCC)O)O)COC3(CC(C(C(O3)C(CO)O)O)OC4(CC(C(C(O4)C(CO)O)O)O)C(=O)[O-])C(=O)[O-])OP(=O)([O-])[O-])OC(=O)CC(CCCCCCCCCCC)O)[O-]
icit,ODBLHEXUDAPZAU-UHFFFAOYSA-K,C(C(C(C(=O)[O-])O)C(=O)[O-])C(=O)[O-]
sheme,DLKSSIHHLYNIKN-QIISWYHFSA-D,CC1(C(C2=CC3=NC(=CC4=C(C(=C([N-]4)C=C5C(=C(C(=N5)C=C1[N-]2)CC(=O)[O-])CCC(=O)[O-])CCC(=O)[O-])CC(=O)[O-])C(C3(C)CC(=O)[O-])CCC(=O)[O-])CCC(=O)[O-])CC(=O)[O-].[Fe+2]
ogmeACP,,noinchikey
iscu_2fe2s,,noinchikey
peng,JGSARLDLIJGVTE-MBNYWOFBSA-M,CC1(C(N2C(S1)C(C2=O)NC(=O)CC3=CC=CC=C3)C(=O)[O-])C
q8h2,LOJUQFSPYHMHEO-SGHXUWJISA-N,CC1=C(C(=C(C(=C1O)OC)OC)O)CC=C(C)CCC=C(C)CCC=C(C)CCC=C(C)CCC=C(C)CCC=C(C)CCC=C(C)CCC=C(C)C
tma,GETQZCLCWQTVFV-UHFFFAOYSA-O,C[NH+](C)C
glntrna,,noinchikey
lipidAds,HLDJGHAAKRKPAV-QDORLFPLSA-L,CCCCCCCCCCCC(CC(=O)NC1C(C(C(OC1OCC2C(C(C(C(O2)OP(=O)([O-])[O-])NC(=O)CC(CCCCCCCCCCC)O)OC(=O)CC(CCCCCCCCCCC)O)O)CO)O)OC(=O)CC(CCCCCCCCCCC)O)O
uamr,NQBRVZNDBBMBLJ-MQTLHLSBSA-K,CC(C(=O)[O-])OC1C(C(OC(C1O)CO)OP(=O)([O-])OP(=O)([O-])OCC2C(C(C(O2)N3C=CC(=O)NC3=O)O)O)NC(=O)C
clpn141,,noinchikey
glutcoa,SYKWLIJQEHRDNH-CKRMAKSASA-I,CC(C)(COP(=O)([O-])OP(=O)([O-])OCC1C(C(C(O1)N2C=NC3=C(N=CN=C32)N)O)OP(=O)([O-])[O-])C(C(=O)NCCC(=O)NCCSC(=O)CCCC(=O)[O-])O
pan4p,JDMUPRLRUUMCTL-VIFPVBQESA-L,CC(C)(COP(=O)([O-])[O-])C(C(=O)NCCC(=O)NCCS)O
fdp,RNBGYGVWRKECFJ-VRPWFDPXSA-J,C(C1C(C(C(O1)(COP(=O)([O-])[O-])O)O)O)OP(=O)([O-])[O-]
cph4,QSIYONWVWDSRRO-UHFFFAOYSA-M,C1C(NC2=C(N1)NC(=NC2=O)N)C(=O)[O-]
ddca,,noinchikey
4izp,MYNHYKDPSRPBNZ-UHFFFAOYSA-N,noinchikey_inpubchem
cechddd,RKDFGWAXBBGKMR-APPZFPTMSA-M,C1=CC(C(C(=C1)CCC(=O)[O-])O)O
indole,SIKJAQJRHWYJAI-UHFFFAOYSA-N,C1=CC=C2C(=C1)C=CN2
adocbip,MQCMBMUJJHSGIF-QMUWONGRSA-K,noinchikey_inpubchem
phom,FXDNYOANAXWZHG-VKHMYHEASA-L,C(COP(=O)([O-])[O-])C(C(=O)[O-])[NH3+]
r1p,YXJDFQJKERBOBM-TXICZTDVSA-L,C(C1C(C(C(O1)OP(=O)([O-])[O-])O)O)O
pa140,OZSITQMWYBNPMW-GDLZYMKVSA-L,CCCCCCCCCCCCCC(=O)OCC(COP(=O)([O-])[O-])OC(=O)CCCCCCCCCCCCC
adpglc,WFPZSXYXPSUOPY-ROYWQJLOSA-L,C1=NC(=C2C(=N1)N(C=N2)C3C(C(C(O3)COP(=O)([O-])OP(=O)([O-])OC4C(C(C(C(O4)CO)O)O)O)O)O)N
sl26da,GLXUWZBUPATPBR-BQBZGAKWSA-L,C(CC(C(=O)[O-])[NH3+])CC(C(=O)[O-])NC(=O)CCC(=O)[O-]
frulysp,,noinchikey
ditp,UFJPAQSLHAGEBL-RRKCRQDMSA-J,C1C(C(OC1N2C=NC3=C2NC=NC3=O)COP(=O)([O-])OP(=O)([O-])OP(=O)([O-])[O-])O
murein3p3p,QKZNHGKXDALVQW-UHFFFAOYSA-I,noinchikey_inpubchem
melib,DLRVVLDZNNYCBX-ZZFZYMBESA-N,C(C1C(C(C(C(O1)OCC2C(C(C(C(O2)O)O)O)O)O)O)O)O
3dhsk,SLWWJZMPHJJOPH-PHDIDXHHSA-M,C1C(C(C(=O)C=C1C(=O)[O-])O)O
spmd,ATHGHQPFGPMSJY-UHFFFAOYSA-Q,C(CC[NH2+]CCC[NH3+])C[NH3+]
sbt__D,FBPFZTCFMRRESA-JGWLITMVSA-N,C(C(C(C(C(CO)O)O)O)O)O
LalaDgluMdap,,noinchikey
dhcinnm,SIUKXCMDYPYCLH-SNAWJCMRSA-M,C1=CC(=C(C(=C1)O)O)C=CC(=O)[O-]
23doguln,GJQWCDSAOUMKSE-STHAYSLISA-M,C(C(C(C(=O)C(=O)C(=O)[O-])O)O)O
sufbcd_4fe4s,,noinchikey
h2o,XLYOFNOQVPJJNP-UHFFFAOYSA-N,O
3ocpalm9eACP,,noinchikey
5mta,WUUGFSXJNOTRMR-IOSLPCCCSA-N,CSCC1C(C(C(O1)N2C=NC3=C(N=CN=C32)N)O)O
kdolipid4,GPNCBCJEDRRCDW-ACUQGRCXSA-I,CCCCCCCCCCCC(CC(=O)NC1C(C(C(OC1OP(=O)([O-])[O-])COC2C(C(C(C(O2)COC3(CC(C(C(O3)C(CO)O)O)O)C(=O)[O-])OP(=O)([O-])[O-])OC(=O)CC(CCCCCCCCCCC)O)NC(=O)CC(CCCCCCCCCCC)O)O)OC(=O)CC(CCCCCCCCCCC)O)O
cit,KRKNYBCHXYNGOX-UHFFFAOYSA-K,C(C(=O)[O-])C(CC(=O)[O-])(C(=O)[O-])O
34dhphaccoa,BWFUCVJSCADRJW-CECATXLMSA-J,CC(C)(COP(=O)([O-])OP(=O)([O-])OCC1C(C(C(O1)N2C=NC3=C(N=CN=C32)N)O)OP(=O)([O-])[O-])C(C(=O)NCCC(=O)NCCSC(=O)CC4=CC(=C(C=C4)O)O)O
ap4a,YOAHKNVSNCMZGQ-XPWFQUROSA-J,C1=NC(=C2C(=N1)N(C=N2)C3C(C(C(O3)COP(=O)([O-])OP(=O)([O-])OP(=O)([O-])OP(=O)([O-])OCC4C(C(C(O4)N5C=NC6=C(N=CN=C65)N)O)O)O)O)N
cdpdodec11eg,KISJWPWNABZPGN-IGIWICMZSA-L,noinchikey_inpubchem
o2,MYMOFIZGZYHOMD-UHFFFAOYSA-N,O=O
2agpe141,,noinchikey
unaga,NEVJGTXBHJNFAZ-JXCMATCVSA-L,CC(=CCCC(=CCCC(=CCCC(=CCCC(=CCCC(=CCCC(=CCCC(=CCCC(=CCCC(=CCCC(=CCOP(=O)([O-])OP(=O)([O-])OC1C(C(C(C(O1)CO)O)O)NC(=O)C)C)C)C)C)C)C)C)C)C)C)C
sucorn,VWXQFHJBQHTHMK-LURJTMIESA-M,C(CC(C(=O)[O-])NC(=O)CCC(=O)[O-])C[NH3+]
2odecg3p,,noinchikey
1tdec7eg3p,,noinchikey
phetrna,,noinchikey
14dhncoa,,noinchikey
ca2,BHPQYMZQTOCNFJ-UHFFFAOYSA-N,[Ca+2]
met__L,FFEARJCKVFRZRR-BYPYZUCNSA-N,CSCCC(C(=O)O)N
1agpe141,,noinchikey
apg120,AJCVDIXUOBZCPE-ZESVVUHVSA-M,CCCCCCCCCCCC(=O)OCC(COP(=O)([O-])OCC(COC(=O)CCCCCCCCCCC)OC(=O)CCCCCCCCCCC)O
od2coa,NBCCUIHOHUKBMK-ZDDAFBBHSA-J,CCCCCCCCCCCCCCCC=CC(=O)SCCNC(=O)CCNC(=O)C(C(C)(C)COP(=O)([O-])OP(=O)([O-])OCC1C(C(C(O1)N2C=NC3=C(N=CN=C32)N)O)OP(=O)([O-])[O-])O
clpn160,GRTNLBQYBYZCCM-ULKDXPJMSA-L,CCCCCCCCCCCCCCCC(=O)OCC(COP(=O)([O-])OCC(COP(=O)([O-])OCC(COC(=O)CCCCCCCCCCCCCCC)OC(=O)CCCCCCCCCCCCCCC)O)OC(=O)CCCCCCCCCCCCCCC
4ppcys,XQYALQVLCNHCFT-CBAPKCEASA-K,CC(C)(COP(=O)([O-])[O-])C(C(=O)NCCC(=O)NC(CS)C(=O)[O-])O
udcpo4,,noinchikey
2hyoxplac,CCVYRRGZDBSHFU-UHFFFAOYSA-M,C1=CC=C(C(=C1)CC(=O)[O-])O
hdca,IPCSVZSSVZVIGE-UHFFFAOYSA-M,CCCCCCCCCCCCCCCC(=O)[O-]
icolipa,YKVGZDADLKRSPK-YRCDCJNSSA-C,CCCCCCCCCCCCCC(=O)OC(CCCCCCCCCCC)CC(=O)OC1C(C(OC(C1OP(=O)([O-])[O-])COC2(CC(C(C(O2)C(CO)O)OC3C(C(C(C(O3)C(CO)O)OP(=O)([O-])[O-])OC4C(C(C(C(O4)C(COC5C(C(C(C(O5)C(CO)O)O)O)O)O)OP(=O)([O-])[O-])O)O)O)OC6(CC(C(C(O6)C(CO)O)OC7C(C(C(C(O7)C)O)O)O)OC8(CC(C(C(O8)C(CO)O)O)O)C(=O)[O-])C(=O)[O-])C(=O)[O-])OCC9C(C(C(C(O9)OP(=O)(O)O)N=C(CC(CCCCCCCCCCC)O)[O-])OC(=O)CC(CCCCCCCCCCC)O)O)N=C(CC(CCCCCCCCCCC)OC(=O)CCCCCCCCCCC)[O-]
hg2,BQPIGGFYSBELGY-UHFFFAOYSA-N,[Hg+2]
apg141,,noinchikey
scl,KWIZRXMMFRBUML-AHGFGAHVSA-F,noinchikey_inpubchem
arab__D,SRBFZHDQGSBBOR-ZRMNMSDTSA-N,C1C(C(C(C(O1)O)O)O)O
so3,LSNNMFCWUKXFEE-UHFFFAOYSA-L,[O-]S(=O)[O-]
gthrd,RWSXRVCMGQZWBV-WDSKDSINSA-M,C(CC(=O)NC(C[S-])C(=O)NCC(=O)O)C(C(=O)O)N
3mop,JVQYSWDUAOAHFM-BYPYZUCNSA-M,CCC(C)C(=O)C(=O)[O-]
quln,GJAWHXHKYYXBSV-UHFFFAOYSA-L,C1=CC(=C(N=C1)C(=O)[O-])C(=O)[O-]
3ohdcoa,NQMPLXPCRJOSHL-BBECNAHFSA-J,CCCCCCCCCCCCCC(=O)CC(=O)SCCNC(=O)CCNC(=O)C(C(C)(C)COP(=O)([O-])OP(=O)([O-])OCC1C(C(C(O1)N2C=NC3=C(N=CN=C32)N)O)OP(=O)([O-])[O-])O
udpg,HSCJRCZFDFQWRP-RDKQLNKOSA-L,C1=CN(C(=O)NC1=O)C2C(C(C(O2)COP(=O)([O-])OP(=O)([O-])OC3C(C(C(C(O3)CO)O)O)O)O)O
dudp,QHWZTVCCBMIIKE-SHYZEUOFSA-K,C1C(C(OC1N2C=CC(=O)NC2=O)COP(=O)([O-])OP(=O)([O-])[O-])O
anhm4p,OUWAMZWZTFUVMV-NPLPHQDTSA-L,noinchikey_inpubchem
3pg,OSJPPGNTCRNQQC-UWTATZPHSA-K,C(C(C(=O)[O-])O)OP(=O)([O-])[O-]
ala_B,UCMIRNVEIXFBKS-UHFFFAOYSA-N,C(CN)C(=O)O
fusa,IECPWNUMDGFDKC-MZJAQBGESA-M,CC1C2CCC3(C(C2(CCC1O)C)C(CC4C3(CC(C4=C(CCC=C(C)C)C(=O)[O-])OC(=O)C)C)O)C
quin,AAWZDTNXLSGCEK-WYWMIBKRSA-M,noinchikey_inpubchem
pppg9,UHSGPDMIQQYNAX-UHFFFAOYSA-L,CC1=C2CC3=C(C(=C(N3)CC4=C(C(=C(N4)CC5=C(C(=C(N5)CC(=C1CCC(=O)[O-])N2)CCC(=O)[O-])C)C=C)C)C=C)C
histrna,,noinchikey
apg160,BSAFHIMUDGXOPA-OKPYTHRESA-M,CCCCCCCCCCCCCCCC(=O)OCC(COP(=O)([O-])OCC(COC(=O)CCCCCCCCCCCCCCC)OC(=O)CCCCCCCCCCCCCCC)O
suchms,GNISQJGXJIDKDJ-YFKPBYRVSA-M,C(COC(=O)CCC(=O)[O-])C(C(=O)[O-])[NH3+]
2hphaccoa,,noinchikey
salchs4fe,,noinchikey
adprib,SRNWOUGRCWSEMX-TYASJMOZSA-L,C1=NC(=C2C(=N1)N(C=N2)C3C(C(C(O3)COP(=O)([O-])OP(=O)([O-])OCC4C(C(C(O4)O)O)O)O)O)N
ctbt,GUYHPGUANSLONG-SNAWJCMRSA-N,C[N+](C)(C)CC=CC(=O)[O-]
oxur,UWBHMRBRLOJJAA-UHFFFAOYSA-M,C(=O)(C(=O)[O-])NC(=O)N
udpLa4o,URJZIQLTPCJVMW-QNSCKLTRSA-L,C1C(=O)C(C(C(O1)OP(=O)([O-])OP(=O)([O-])OCC2C(C(C(O2)N3C=CC(=O)NC3=O)O)O)O)O
thdp,CXMBCXQHOXUCEO-BYPYZUCNSA-L,C1CC(N=C(C1)C(=O)[O-])C(=O)[O-]
gcald,WGCNASOHLSPBMP-UHFFFAOYSA-N,C(C=O)O
3hcpalm9eACP,,noinchikey
ggagicolipa,WLEFLXRCTUWFSD-CCRRCLIHSA-C,CCCCCCCCCCCCCC(=O)OC(CCCCCCCCCCC)CC(=O)OC1C(C(OC(C1OP(=O)([O-])[O-])COC2(CC(C(C(O2)C(CO)O)OC3C(C(C(C(O3)C(CO)O)OP(=O)([O-])[O-])OC4C(C(C(C(O4)C(COC5C(C(C(C(O5)C(CO)O)O)O)O)O)OP(=O)([O-])[O-])OC6C(C(C(C(O6)COC7C(C(C(C(O7)CO)O)O)O)O)OC8C(C(C(C(O8)CO)O)O)O)O)O)O)OC9(CC(C(C(O9)C(CO)O)OC1C(C(C(C(O1)C)O)O)O)OC1(CC(C(C(O1)C(CO)O)O)O)C(=O)[O-])C(=O)[O-])C(=O)[O-])OCC1C(C(C(C(O1)OP(=O)(O)O)N=C(CC(CCCCCCCCCCC)O)[O-])OC(=O)CC(CCCCCCCCCCC)O)O)N=C(CC(CCCCCCCCCCC)OC(=O)CCCCCCCCCCC)[O-]
arbtn_fe3,KDHHWXGBNUCREU-HOTGVXAUSA-K,CC(=O)N(CCCCC(C(=O)[O-])NC(=O)CC(CC(=O)NC(CCCCN(C(=O)C)O)C(=O)[O-])(C(=O)[O-])O)O
25drapp,OCLCLRXKNJCOJD-UMMCILCDSA-L,C(C1C(C(C(O1)NC2=C(C(=O)N=C(N2)N)N)O)O)OP(=O)([O-])[O-]
val__L,KZSNJWFQEVHDMF-BYPYZUCNSA-N,CC(C)C(C(=O)O)N
sucglu,JCNBNOQGFSXOML-YFKPBYRVSA-K,C(CC(=O)[O-])C(C(=O)[O-])NC(=O)CCC(=O)[O-]
12dgr140,,noinchikey
bz,WPYMKLBDIGXBTP-UHFFFAOYSA-M,C1=CC=C(C=C1)C(=O)[O-]
uLa4fn,YYVYMEXYAGAGTM-MOVGJWTDSA-M,CC(=CCCC(=CCCC(=CCCC(=CCCC(=CCCC(=CCCC(=CCCC(=CCCC(=CCCC(=CCCC(=CCOP(=O)([O-])OC1C(C(C(CO1)(C=O)N)O)O)C)C)C)C)C)C)C)C)C)C)C
chitob,CDOJPCSDOXYJJF-CBTAGEKQSA-N,CC(=O)NC1C(C(C(OC1O)CO)OC2C(C(C(C(O2)CO)O)O)NC(=O)C)O
4h2opntn,HFKQINMYQUXOCH-UHFFFAOYSA-M,CC(CC(=O)C(=O)[O-])O
lipopb,,noinchikey
seln,SPVXKVOXSXTJOY-UHFFFAOYSA-M,[SeH-]
ps181,,noinchikey
toctd2eACP,,noinchikey
gar,OBQMLSFOUZUIOB-HJZCUYRDSA-M,C(C1C(C(C(O1)NC(=O)C[NH3+])O)O)OP(=O)([O-])[O-]
3hhcoa,VAAHKRMGOFIORX-IKTBLOROSA-J,CCCC(CC(=O)SCCNC(=O)CCNC(=O)C(C(C)(C)COP(=O)([O-])OP(=O)([O-])OCC1C(C(C(O1)N2C=NC3=C(N=CN=C32)N)O)OP(=O)([O-])[O-])O)O
moadamp,,noinchikey
fecrm,GGUNGDGGXMHBMJ-OCIDDWSYSA-N,CC(=O)N(CCCC1C(=O)NC(C(=O)NC(C(=O)NCC(=O)NCC(=O)NCC(=O)N1)CCCN(C(=O)C)[O-])CCCN(C(=O)C)[O-])[O-].[Fe+3]
moco,,noinchikey
phe__L,COLNVLDHVKWLRT-QMMMGPOBSA-N,C1=CC=C(C=C1)CC(C(=O)O)N
tdcoa,DUAFKXOFBZQTQE-QSGBVPJFSA-J,CCCCCCCCCCCCCC(=O)SCCNC(=O)CCNC(=O)C(C(C)(C)COP(=O)([O-])OP(=O)([O-])OCC1C(C(C(O1)N2C=NC3=C(N=CN=C32)N)O)OP(=O)([O-])[O-])O
mlthf,QYNUQALWYRSVHF-OLZOCXBDSA-L,C1C2CN(CN2C3=C(N1)NC(=NC3=O)N)C4=CC=C(C=C4)C(=O)NC(CCC(=O)[O-])C(=O)[O-]
4hbz,FJKROLUGYXJWQN-UHFFFAOYSA-M,C1=CC(=CC=C1C(=O)[O-])O
nadp,XJLXINKUBYWONI-NNYOXOHSSA-K,C1=CC(=C[N+](=C1)C2C(C(C(O2)COP(=O)([O-])OP(=O)([O-])OCC3C(C(C(O3)N4C=NC5=C(N=CN=C54)N)OP(=O)([O-])[O-])O)O)O)C(=O)N
ahdt,DGGUVLXVLHAAGT-XINAWCOVSA-J,C1C(=NC2=C(N1)NC(=NC2=O)N)C(C(COP(=O)([O-])OP(=O)([O-])OP(=O)([O-])[O-])O)O
enter,SERBHKJMVBATSJ-BZSNNMDCSA-M,C1C(C(=O)OCC(C(=O)OCC(C(=O)O1)NC(=O)C2=C(C(=CC=C2)O)O)NC(=O)C3=C(C(=CC=C3)O)[O-])NC(=O)C4=C(C(=CC=C4)O)O
feroxGfe,,noinchikey
uama,NTMMCWJNQNKACG-KBKUWGQMSA-K,CC(C(=O)[O-])NC(=O)C(C)OC1C(C(OC(C1O)CO)OP(=O)([O-])OP(=O)([O-])OCC2C(C(C(O2)N3C=CC(=O)NC3=O)O)O)NC(=O)C
dhpt,WBFYVDCHGVNRBH-UHFFFAOYSA-M,C1C(=NC2=C(N1)NC(=NC2=O)N)CNC3=CC=C(C=C3)C(=O)[O-]
dhptd,UYTRITJAZOPLCZ-BYPYZUCNSA-N,CC(=O)C(=O)C(CO)O
dsbdrd,,noinchikey
sucbz,YIVWQNVQRXFZJB-UHFFFAOYSA-L,C1=CC=C(C(=C1)C(=O)CCC(=O)[O-])C(=O)[O-]
trnapro,,noinchikey
3oddecACP,,noinchikey
mthgxl,AIJULSRZWUXGPQ-UHFFFAOYSA-N,CC(=O)C=O
allul6p,GSXOAOHZAIYLCY-NGJCXOISSA-L,C(C(C(C(C(=O)CO)O)O)O)OP(=O)([O-])[O-]
trnaala,,noinchikey
ddcaACP,,noinchikey
salchs2fe,,noinchikey
etha,HZAXFHJVJLSVMW-UHFFFAOYSA-O,C(CO)[NH3+]
accoa,ZSLZBFCDCINBPY-ZSJPKINUSA-J,CC(=O)SCCNC(=O)CCNC(=O)C(C(C)(C)COP(=O)([O-])OP(=O)([O-])OCC1C(C(C(O1)N2C=NC3=C(N=CN=C32)N)O)OP(=O)([O-])[O-])O
hmfurn,DLVYTANECMRFGX-UHFFFAOYSA-N,CC1=C(C(=O)CO1)O
adocbi,KQXSPGAEBZWHMC-OCUXTBADSA-N,noinchikey_inpubchem
