metname,inchikey
doxrbcn,AOJJSUZBOXZQNB-TZSSRYMLSA-O
flxso,NA
no3,NHNBFGGVMKEFGY-UHFFFAOYSA-N
tartr__D,FEWJPZIEWOKRBE-LWMBPPNESA-L
hisp,CWNDERHTHMWBSI-YFKPBYRVSA-M
trnalys,NA
cddec5eACP,NA
2dhphaccoa,NA
gam6p,XHMJOUIAFHJHBW-IVMDWMLBSA-M
dad_5,XGYIMTFOTBMPFP-KQYNXXCUSA-N
pgp141,NA
feroxBfe,NA
3hphaccoa,WOPRCGRQVLJGCX-CECATXLMSA-J
acgal6p,BRGMHAYQAZFZDJ-KEWYIRBNSA-L
2ohph,YGTMSXVYLRCOLD-MGDAWYEDSA-N
dann,KCEGBPIYGIWCDH-UHFFFAOYSA-O
opmeACP,NA
lac__D,JVTAAEKCZFNVCJ-UWTATZPHSA-M
23dappa,PECYZEOJVXMISF-REOHCLBHSA-N
2hdec9eg3p,NA
butso3,NA
3hdecACP,NA
b2coa,KFWWCMJSYSSPSK-PAXLJYGASA-J
2ombzl,CZFRMASEEPTBAQ-MYCGWMCTSA-N
ncam,DFPAKSUCGFBDDF-UHFFFAOYSA-N
k,NPYPAHLBTDXSSS-UHFFFAOYSA-N
mpt,HPEUEJRPDGMIMY-IFQPEPLCSA-K
dtbt,AUTOLBMXDDTRRT-UHFFFAOYSA-M
aacald,LYIIBVSRGJSHAV-UHFFFAOYSA-O
xu5p__L,FNZLKVNUWIIPSJ-WHFBIAKZSA-L
1agpe161,NA
cdpdhdec9eg,LBKBJHVQQNUXGQ-BQUKFSKHSA-L
pant__R,OTOIIPJYVQJATP-BYPYZUCNSA-M
man6pglyc,BOLXAGHGKNGVBE-MTXRGOKVSA-K
2dhguln,NA
ocdcap,NA
2aobut,SAUCHDKDCUROAO-VKHMYHEASA-N
urea,XSQUKJJJFZCRTK-UHFFFAOYSA-N
3ocddec5eACP,NA
athr__L,AYFVYJQAPQTCCC-HRFVKAFMSA-N
gln__L,ZDXPYRJPNDTMRX-VKHMYHEASA-N
cysi__L,LEVWYRKDKASIDU-IMJSIDKUSA-N
glyb,KWIUHFFTVRNATP-UHFFFAOYSA-N
stcoa,SIARJEKBADXQJG-LFZQUHGESA-J
2odec11eg3p,NA
cbasp,HLKXYZVTANABHZ-REOHCLBHSA-L
ddcacoa,YMCXGHLSVALICC-GMHMEAMDSA-J
aicar,NOTGFIUVDGNKRI-UUOKFMHZSA-L
13dpg,LJQLQCAXBUHEAZ-UWTATZPHSA-J
fru,RFSUNEUAIZKAJO-VRPWFDPXSA-N
4h3npacald,OXYOFULKSNCNRY-UHFFFAOYSA-M
acmalt,IJVLHLCOMOKFHH-DURRTVQMSA-N
acolipa,IOAOXSQGQQYOQU-WSFSDJJVSA-E
orot,PXQPEWDEAKTCGB-UHFFFAOYSA-M
malcoa,LTYOQGRJFJAKNA-DVVLENMVSA-I
eca4colipa,DZEXDGYTOKBZIY-GVBMLQGBSA-C
1agpg120,IACXMECMZISNLR-UHFFFAOYSA-M
hdcea,NA
15dap,VHRGRCVQAFMJIZ-UHFFFAOYSA-P
csn,OPTASPLRGRRNAP-UHFFFAOYSA-N
3hddecACP,NA
ppcoa,QAQREVBBADEHPA-IEXPHMLFSA-J
valtrna,NA
gmhep17bp,LMTGTTLGDUACSJ-NNPWBXLPSA-J
enlipa,GSHAAWZSAOJXLM-RQBQWGHISA-H
cdpdtdecg,ICFWXMWHAMIZGF-WNAWUNHNSA-L
dgsn,YKBGVTZYEHREMT-KVQBGUIXSA-N
tyrp,DCWXELXMIBXGTH-QMMMGPOBSA-L
thm,MYVIATVLJGTBFV-UHFFFAOYSA-M
1odec11eg3p,NA
acmum,MNLRQHMNZILYPY-MKFCKLDKSA-M
colipa,SFVRSCGTAWOHDB-JMYCZVSXSA-C
tcynt,ZMZDMBWJUHKJPS-UHFFFAOYSA-M
trdox,NA
maltttr,LUEWUZLMQUOBSB-ZLBHSGTGSA-N
galam6p,XHMJOUIAFHJHBW-GASJEMHNSA-M
5prdmbz,ZMRGXEJKZPRBPJ-SYQHCUMBSA-L
arbt6p,FBHYCDOVYMVLEN-RMPHRYRLSA-L
2dhp,PKVVTUWHANFMQC-UHFFFAOYSA-M
nadh,BOPGDPNILDQYTO-NNYOXOHSSA-L
t3c5ddeceACP,NA
3ohodcoa,LGOGWHDPDVAUNY-LFZQUHGESA-J
camp,IVOMOUWHDPKRLL-KQYNXXCUSA-M
h2mb4p,MDSIZRKJVDMQOQ-GORDUTHDSA-K
dmpp,CBIDRCWHNCKSTO-UHFFFAOYSA-K
pydam,NHZMQXZHNVQTQA-UHFFFAOYSA-O
sertrna_sec,NA
idp,JPXZQMKKFWMMGK-KQYNXXCUSA-K
unagamu,IGGGNUSEBUZFTR-YETNCWQZSA-K
pmeACP,NA
anhgm4p,ZTOWCORYLXDAAW-JOUWMGDHSA-L
glyc3p,AWUCVROLDVIAJX-GSVOUGTGSA-L
q8,ICFIZJQGJAJRSU-SGHXUWJISA-N
eca2und,QGEVVARZDHTYSR-JPDQSREWSA-J
gmhep7p,SDADNVAZGVDAIM-ZUHYCWGWSA-L
agm,QYPPJABKJHAVHS-UHFFFAOYSA-P
Sfglutth,FHXAGOICBFGEBF-BQBZGAKWSA-M
dcacoa,NA
dhap,GNGACRATGGDKBX-UHFFFAOYSA-L
anhm3p,KGVLFEPQSVUIRC-FYQNUYSYSA-L
udpLa4n,GWBAKYBSWHQNMQ-IAZOVDBXSA-M
all__D,WQZGKKKJIJFFOK-IVMDWMLBSA-N
argtrna,NA
uagmda,PNWZQTONLRRPST-KLDRQJOASA-J
pprdn,DWKUKQRKVCMOLP-UHFFFAOYSA-O
no,MWUXSHHQAYIFBG-UHFFFAOYSA-N
dsbgrd,NA
gthox,YPZRWBKMTBYPTK-BJDJZHNGSA-L
4ampm,SSWDVESQMBHOQT-UHFFFAOYSA-N
ragund,ORYXFVQODWYDMG-JXWMOMLFSA-L
salchs4,NA
2mecdp,SFRQRNJMIIUYDI-UHNVWZDZSA-L
epmeACP,NA
cyst__L,ILRYLPWNYFXEMH-WHFBIAKZSA-N
gam1p,YMJBYRVFGYXULK-QZABAPFNSA-M
mocogdp,VQAGYJCYOLHZDH-ILXWUORBSA-K
oxam,SOWBFZRMHSNYGE-UHFFFAOYSA-M
leu__L,ROHFNLRQFUQHCH-YFKPBYRVSA-N
sulfac,AGGIJOLULBJGTQ-UHFFFAOYSA-L
cu,VMQMZMRVKUZKQL-UHFFFAOYSA-N
pnto__R,GHOKWGTUZJEAQD-ZETCQYMHSA-M
all6p,VFRROHXSMXFLSN-BGPJRJDNSA-L
dcdp,FTDHDKPUHBLBTL-SHYZEUOFSA-K
mn2,WAEMQWOKJMHJLA-UHFFFAOYSA-N
pe180,LVNGJLRDBYCPGB-LDLOPFEMSA-N
hqn,QIGBRXMKCJKVMJ-UHFFFAOYSA-N
23dhmb,JTEYKUFKXGDTEU-VKHMYHEASA-M
no2,IOVCWXUNBOPUCH-UHFFFAOYSA-M
2dh3dgal,WPAMZTWLKIDIOP-NQXXGFSBSA-M
fuc__L,PNNNRSAQSRJVSB-KCDKBNATSA-N
mnl,FBPFZTCFMRRESA-KVTDHHQDSA-N
4hba,BVJSUAQZOZWCKN-UHFFFAOYSA-N
ps140,NA
o6a4colipa,NA
octapb,NA
cgly,ZUKPVRWZDMRIEO-VKHMYHEASA-N
thex2eACP,NA
guln__L,RGHNJXZEOKUKBD-QTBDOELSSA-M
minohp,IMQLKJBTEOYOSI-GPIVLXJGSA-B
ura,ISAKRJDGNUQOIC-UHFFFAOYSA-N
xtsn,UBORTCNDUKBEOP-UUOKFMHZSA-N
fe3dhbzs,IHUQSEJNRLOEKL-UHFFFAOYSA-N
cbm,KXDHJXZQYSOELW-UHFFFAOYSA-M
iscu,NA
Nmtrp,CZCIKBSVHDNIDH-NSHDSACASA-N
xmp,DCTLYFZHFGENCW-UUOKFMHZSA-L
2tdec7eg3p,NA
pa180,YFWHNAWEOZTIPI-DIPNUNPCSA-L
dc2coa,MGNBGCRQQFMNBM-YJHHLLFWSA-J
pdx5p,WHOMFKWHIQZTHY-UHFFFAOYSA-L
amet,MEFKEPWMEQBLKI-AIRLBKTGSA-O
dtdp4d6dg,PSXWNITXWWECNY-UCBTUHGZSA-L
fe3dhbzs3,NA
adn,OIRDTQYFTABQOQ-KQYNXXCUSA-N
fldrd,NA
3ocmrs7eACP,NA
apoACP,NA
galctn__L,RGHNJXZEOKUKBD-RSJOWCBRSA-M
ghb,SJZRECIVHVDYJC-UHFFFAOYSA-M
LalaLglu,VYZAGTDAHUIRQA-WHFBIAKZSA-M
db4p,OKYHYXLCTGGOLM-UHFFFAOYSA-L
acACP,NA
acmana,MBLBDJOUHNCFQT-XAMCCFCMSA-N
frulys,BFSYFTQDGRDJNV-AYHFEMFVSA-O
4ahmmp,VUTBELPREDJDDH-UHFFFAOYSA-N
pgp120,NA
dopa,VYFYYTLLBUKUHU-UHFFFAOYSA-O
metsox_S__L,QEFRNWWLZKMPFJ-YGVKFDHGSA-N
2ahbut,VUQLHQFKACOHNZ-LURJTMIESA-M
citr__L,RHGKLRLOHDJJDR-BYPYZUCNSA-N
mdhdhf,CCVJVKWZZMMBHB-WVZVXSGGSA-N
dhmptp,DGGUVLXVLHAAGT-NJGYIYPDSA-K
glcur,AEMOLEFTQBMNLQ-AQKNRBDQSA-M
kdo2lipid4,XAOLJGCZESYRFT-VHSKNIDJSA-H
dtdpglu,YSYKRGRSMLTJNL-URARBOGNSA-L
halipa,FKGIQBXWASHJRH-JYIPIDLLSA-J
trnatyr,NA
prfp,QOUSHGMTBIIAHR-KEOHHSTQSA-J
cbi,XQRJFEVDQXEIAX-JFYQDRLCSA-M
acmum6p,NMEMTQKUEVNSPV-MKFCKLDKSA-K
u3hga,ZFPNNOXCEDQJQS-SSVOXRMNSA-M
salchsx,NA
sufbcd,NA
3hdcoa,HIVSMYZAMUNFKZ-PNPVFPMQSA-J
mmet,YDBYJHTYSHBBAU-YFKPBYRVSA-O
thymd,IQFYYKKMVGJFEH-XLPZGREQSA-N
actACP,NA
26dap_LL,GMKMEZVLHJARHF-WHFBIAKZSA-N
pe140,NA
pg120,NA
gsn,NYHBQMYGNKIUIF-UUOKFMHZSA-N
murein5p3p,SBOXLYQXPDGZLN-UHFFFAOYSA-G
skm5p,QYOJSKGCWNAKGW-PBXRRBTRSA-K
3ophb,UTIBHEBNILDQKX-LQOKPSQISA-M
so2,RAHZWNYVWXNFOC-UHFFFAOYSA-N
thrp,USRGIUJOYOXOQJ-GBXIJSLDSA-L
oc2coa,CPSDNAXXKWVYIY-NTLMCJQISA-J
cpmp,CZAKJJUNKNPTTO-AJFJRRQVSA-N
26dap__M,GMKMEZVLHJARHF-SYDPRGILSA-N
2dr5p,ALQNUOMIEBHXQG-CRCLSJGQSA-L
rbl__L,ZAQJHHRNXZUBTE-UCORVYFPSA-N
orot5p,KYOBSHFOBAOFBF-XVFCMESISA-K
fgam,VDXLUNDMVKSKHO-ZRTZXPPTSA-L
idon__L,RGHNJXZEOKUKBD-SKNVOMKLSA-M
dgtp,HAAZLUGHYHWQIW-KVQBGUIXSA-J
for,BDAGIHXWWSANSR-UHFFFAOYSA-M
35dhpha,NA
murein5px4px4p,UVVIMBIDZMDRCG-UHFFFAOYSA-D
dimp,PHNGFPPXDJJADG-RRKCRQDMSA-L
dcmp,NCMVOABPESMRCP-SHYZEUOFSA-L
4h3npac,QBHBHOSRLDPIHG-UHFFFAOYSA-L
10fthf,AUFGTPPARQZWDO-YPMHNXCESA-L
tyr__L,OUYCCCASQSFEME-QMMMGPOBSA-N
gtp,XKMLYUALXHKNFT-UUOKFMHZSA-J
2mcit,YNOXCRMFGMSKIJ-NFNCENRGSA-K
selnp,JRPHGDYSKGJTKZ-UHFFFAOYSA-K
malt,GUBGYTABKSRVRQ-PICCSMPSSA-N
12ppd__R,DNIAPMSPPWPWGF-GSVOUGTGSA-N
hkndd,RFENOVFRMPRRJI-AFCKVHGPSA-L
pg160,BIABMEZBCHDPBV-MPQUPPDSSA-M
pg181,NA
sufbcd_2fe2s,NA
urcan,LOIYMIARKYCTBW-OWOJBTEDSA-M
ps161,NA
ttdcea,NA
pgp160,ONJBJMDJKLHMEK-MPQUPPDSSA-K
protrna,NA
23dhmp,PDGXJDXVGMHUIR-UJURSFKZSA-M
feroxE,MZFKJKOHYACYNT-UHFFFAOYSA-N
chit6p,KYKNQNQCPWDNAK-CBTAGEKQSA-L
dxyl5p,AJPADPZSRRUGHI-RFZPGFLSSA-L
grxrd,NA
5drib,WDRISBUVHBMJEF-MROZADKFSA-N
pe161,NA
feroxG,NA
cinnm,WBYWAXJHAXSJNI-VOTSOKGWSA-M
fmnh2,YTNIXZGTHTVJBW-SCRDCRAPSA-L
sufsesh,NA
3hhexACP,NA
hdcap,NA
23cgmp,UASRYODFRYWBRC-UUOKFMHZSA-M
f6p,BGWGXPAPYGQALX-ARQDHWQXSA-L
iasp,NMUOATVLLQEYHI-UHFFFAOYSA-M
3otdcoa,IQNFBGHLIVBNOU-QSGBVPJFSA-J
xu5p__D,FNZLKVNUWIIPSJ-RFZPGFLSSA-L
grdp,GVVPGTZRZFNKDS-JXMROGBWSA-K
methf,MEANFMOQMXYMCT-OLZOCXBDSA-M
murein4p4p,VTZDBMVDVOTCFD-UHFFFAOYSA-G
tagdp__D,RNBGYGVWRKECFJ-OEXCPVAWSA-J
cdpdddecg,NA
2ddglcn,WPAMZTWLKIDIOP-WVZVXSGGSA-M
pphn,FPWMCUPFBRFMLH-XGAOUMNUSA-L
2omph,MYNOBJRQIKYBRD-MGHGRUFNSA-N
glucys,RITKHVBHSGLULN-WHFBIAKZSA-M
aconm,BRYKYSQCLNCYQW-DUXPYHPUSA-L
odecoa,NA
1hdecg3p,NA
suc6p,PJTTXANTBQDXME-UGDNZRGBSA-L
dnad,SENPVEZBRZQVST-HISDBWNOSA-L
2hdecg3p,NA
acglu,RFMMMVDNIPUKGG-YFKPBYRVSA-L
dhmpt,NA
tre,HDTRYLNUVZCQOY-LIZSDCNHSA-N
preq1,MEYMBLGOKYDGLZ-UHFFFAOYSA-O
g3pg,LLCSXHMJULHSJN-UHFFFAOYSA-M
rdmbzi,HLRUKOJSWOKCPP-SYQHCUMBSA-N
sertrna,NA
hco3,BVKZGUZCCUSVTD-UHFFFAOYSA-M
23dhba,ULPVJDOMCRTJSN-RVXWVPLUSA-M
glyc2p,DHCLVCXQIBBOPH-UHFFFAOYSA-L
manglyc,DDXCFDOPXBPUJC-SAYMMRJXSA-M
4per,ZCZXOHUILRHRQJ-PWNYCUMCSA-K
bglycogen,NA
histd,ZQISRDCJNBUVMM-YFKPBYRVSA-O
pydx,RADKZDMFGJYCBB-UHFFFAOYSA-N
4abut,BTCSSZJGUNDROE-UHFFFAOYSA-N
crncoa,BBRISSLDTUHWKG-PVMHLSDZSA-K
tagur,IZSRJDGCGRAUAR-WDCZJNDASA-M
crn__D,PHIQHXFUZVPYII-LURJTMIESA-N
gslnt,NA
cbl1,OMAOKVYASDIYQG-DSRCUDDDSA-L
xylu__L,ZAQJHHRNXZUBTE-WVZVXSGGSA-N
trp__L,QIVBCDIJIAJPQS-VIFPVBQESA-N
ser__L,MTCFGRXMJLQNBG-REOHCLBHSA-N
rfamp,JQXXHWHPUNPDRT-WLSIYKJHSA-N
1agpg160,BVJSKAUUFXBDOB-LEWJYISDSA-M
2agpg160,ODJYINYQGFIIRK-UHFFFAOYSA-M
udpLa4fn,QGYFHZBDXXNYAX-RTXATJJPSA-L
2agpe181,NA
iscssh,NA
clpn180,NA
inost,CDAISMWEOUEBRE-GPIVLXJGSA-N
imp,GRSZFWQUAKGDAV-KQYNXXCUSA-L
o16aund,NYDKXESIKHJNQU-FIYHCCFRSA-L
3oxdhscoa,IFFFDKYRRUVOFP-HURBHMQQSA-I
dtdp4addg,UIVJXHWSIFBBCY-WDQPOOCWSA-M
abt__D,HEBKCHPVOIAQTA-QWWZWVQMSA-N
met__D,FFEARJCKVFRZRR-SCSAIBSYSA-N
3hddcoa,IJFLXRCJWPKGKJ-LXIXEQKWSA-J
clpn120,NA
thf,MSTNYGQPCMXVAQ-RYUDHWBXSA-L
leutrna,NA
cmp,IERHLVCPSMICTF-XVFCMESISA-L
trdrd,NA
6apa,NGHVIOIJCVXTGV-ALEPSDHESA-N
cys__D,XUJNEKJLAYXESH-UWTATZPHSA-N
dsbdox,NA
tym,DZGWFCGJZKJUFP-UHFFFAOYSA-O
mobd,MEFBJEMVZONFCJ-UHFFFAOYSA-N
dtmp,GYOZYWVXFNDGLU-XLPZGREQSA-L
1agpe181,NA
cynt,XLJMAIOERFSOGZ-UHFFFAOYSA-M
glu__D,WHUUTDBJXJRKMK-GSVOUGTGSA-M
cobalt2,XLJKHNWPARRRJB-UHFFFAOYSA-N
4adcho,OIUJHGOLFKDBSU-HTQZYQBOSA-M
clpn181,HSSSADMXQPKIEB-GXYAQEMJSA-L
1agpg140,LUTDZDAPSDZVAL-RBUKOAKNSA-M
td2coa,MBCVYCOKMMMWLX-YYMFEJJQSA-J
pppn,XMIIGOLPHOKFCH-UHFFFAOYSA-M
3htdcoa,OXBHKMHNDGRDCZ-STLSENOWSA-J
prlp,BLKFNHOCHNCLII-GHVQHMAVSA-J
34hpp,KKADPXVIOXHVKN-UHFFFAOYSA-M
acgam6p,BRGMHAYQAZFZDJ-RTRLPJTCSA-L
crnDcoa,BBRISSLDTUHWKG-ZORKKWTOSA-K
fruur,PTCIWUZVDIQTOW-XDJBDKDSSA-M
dsbaox,NA
uacgam,LFTYTUAZOPRMMI-CFRASDGPSA-L
asn__L,DCXYFEDJOCDNAF-REOHCLBHSA-N
ctbtcoa,WAUPBDVHJXXZGW-HXPULJKESA-K
g3pi,BMVUIWJCUQSHLZ-UJGXJMNGSA-M
ttdcap,NA
4fe4s,LJBDFODJNLIPKO-UHFFFAOYSA-N
cdpdhdecg,NA
ptrc,KIDHWZJUCRJVML-UHFFFAOYSA-P
colipa20Oag,NA
cellb,GUBGYTABKSRVRQ-QRZGKKJRSA-N
hdd2coa,JUPAQFRKPHPXLD-MSHHSVQMSA-J
LalaDglu,VYZAGTDAHUIRQA-CRCLSJGQSA-M
t3c9palmeACP,NA
25aics,NAQGHJTUZRHGAC-ZZZDFHIKSA-J
dca,NA
glu__L,WHUUTDBJXJRKMK-VKHMYHEASA-M
4abutn,DZQLQEYLEYWJIB-UHFFFAOYSA-O
tungs,PBYZMCDFOULPGH-UHFFFAOYSA-N
acg5sa,BCPSFKBPHHBDAI-LURJTMIESA-M
hdceap,NA
5aptn,JJMDCOVWQOJGCB-UHFFFAOYSA-N
dump,JSRLJPSBLDHEIO-SHYZEUOFSA-L
iletrna,NA
indpyr,RSTKLPZEZYGQPY-UHFFFAOYSA-M
hlipa,HPDZKCJEWNZSML-YOZKHJKSSA-H
sufse,NA
6hmhpt,CQQNNQTXUGLUEV-UHFFFAOYSA-N
12dgr181,NA
ppi,XPPKVPWEQAFLFU-UHFFFAOYSA-K
3cmp,UOOOPKANIPLQPU-XVFCMESISA-L
ump,DJJCXFVJDGTHFX-XVFCMESISA-L
dhf,OZRNSSUDZOLUSN-LBPRGKRZSA-L
rbt,HEBKCHPVOIAQTA-ZXFHETKHSA-N
etoh,LFQSCWFLJHTTHZ-UHFFFAOYSA-N
pmtcoa,MNBKLUUYKPBKDU-BBECNAHFSA-J
msa,OAKURXIZZOAYBC-UHFFFAOYSA-M
1pyr5c,DWAKNKKXGALPNW-UHFFFAOYSA-M
appl,HXKKHQJGJAFBHI-GSVOUGTGSA-O
pro__L,ONIBWKKTOPOVIA-BYPYZUCNSA-N
octa,WWZKQHOCKIZLMA-UHFFFAOYSA-M
pa160,PORPENFLTBBHSG-MGBGTMOVSA-L
ocdceap,NA
uracp,AJFKXWQDHFYKFK-UPHRSURJSA-N
5mthf,ZNOVTXRBGFNYRX-STQMWFEESA-L
lyx__L,SRBFZHDQGSBBOR-AEQNFAKKSA-N
4abz,ALYNCZNDIQEVRV-UHFFFAOYSA-M
lipoate,AGBQKNBQESQNJD-SSDOTTSWSA-M
flxr,NA
murein5p5p,WSONNHVKPYOZEY-UHFFFAOYSA-E
btd_RR,NA
co2,CURLTUGMZLYLDI-UHFFFAOYSA-N
2omhmbl,QURLIMHPCRKMJP-WDXILIIOSA-N
trnatrp,NA
ribflv,AUNGANRZJHBGPY-SCRDCRAPSA-M
acgam1p,FZLJPEPAYPUMMR-RTRLPJTCSA-L
2agpg120,NA
cdpdtdec7eg,VDJIEKQUDMPHPA-WNAWUNHNSA-L
tet,HPQYKCJIWQFJMS-UHFFFAOYSA-L
pran,PMFMJXPRNJUYMB-GWOFURMSSA-K
3ohexACP,NA
hmgth,PIUSLWSYOYFRFR-BQBZGAKWSA-M
lipidA,KVJWZTLXIROHIL-QDORLFPLSA-J
mso3,AFVFQIVMOAPDHO-UHFFFAOYSA-M
anhm,NA
dad_2,OLXZPDWKRNYJJZ-RRKCRQDMSA-N
gicolipa,JIYBFSMTJJSDHN-XHEUBBKESA-C
pydxn,LXNHXLLTXMVWPM-UHFFFAOYSA-N
LalaDgluMdapDala,BAPAFFOXTCMVCC-UHFFFAOYSA-M
trptrna,NA
pg141,NA
5aizc,XFVULMDJZXYMSG-ZIYNGMLESA-L
seramp,UVSYURUCZPPUQD-MACXSXHHSA-M
gggagicolipa,DJHBKVISRABJNG-HEIPHTFDSA-C
3hoxpac,FVMDYYGIDFPZAX-UHFFFAOYSA-M
cpe160,DTFRUHREBAYLCS-UHFFFAOYSA-M
fe3,VTLYFUHAOXGGBS-UHFFFAOYSA-N
chol,OEYIOHPDSNJKLS-UHFFFAOYSA-N
murein4px4p,NA
pac,WLJVXDMOQOGPHL-UHFFFAOYSA-M
2me4p,XMWHRVNVKDKBRG-UHNVWZDZSA-L
dhptdn,KVDQMARGGBLIJM-UHFFFAOYSA-N
bbtcoa,QAMRRBGWSPTAEJ-SVHODSNWSA-K
thmpp,AYEKOFBPNLCAJY-UHFFFAOYSA-L
fum,VZCYOOQTPOCHFL-OWOJBTEDSA-L
glcr,DSLZVSRJTYRBFB-LLEIAEIESA-L
unagamuf,PSONHUYFSWYIME-RZVIFHIQSA-K
dhna,VOJUXHHACRXLTD-UHFFFAOYSA-M
25dkglcn,RXMWXENJQAINCC-DMTCNVIQSA-M
12dgr161,NA
iscu_4fe4s,NA
btcoa,CRFNGMNYKDXRTN-CITAKDKDSA-J
1agpe180,BBYWOYAFBUOUFP-JOCHJYFZSA-N
mal__L,BJEPYKJPYRNKOW-REOHCLBHSA-L
gmp,RQFCJASXJCIDSX-UUOKFMHZSA-L
ipdp,NUHSROFQTUXZQQ-UHFFFAOYSA-K
udcpp,UFPHFKCTOZIAFY-RDQGWRCRSA-L
trnaglu,NA
aragund,WYHMIVUCEAXZMZ-LRILUZMESA-L
cpg160,OBXHKDVMOWISFV-UHFFFAOYSA-M
phthr,FKHAKIJOKDGEII-GBXIJSLDSA-L
3hcmrs7eACP,NA
didp,BKUSIKGSPSFQAC-RRKCRQDMSA-K
2agpg180,ZYKIFISVQNGKFE-UHFFFAOYSA-M
but,NA
acg5p,FCVIHFVSXHOPSW-YFKPBYRVSA-K
fe3dcit,NA
asptrna,NA
toct2eACP,NA
mercppyr,OJOLFAIGOXZBCI-UHFFFAOYSA-M
g3p,LXJXRIRHZLFYRP-VKHMYHEASA-L
dcyt,CKTSBUTUHBMZGZ-SHYZEUOFSA-N
5dh4dglc,QUURPCHWPQNNGL-ZAFYKAAXSA-L
cdp,ZWIADYZPOWUWEW-XVFCMESISA-K
tyrtrna,NA
galam,NA
novbcn,YJQPYGGHQPGBLI-KGSXXDOSSA-M
s7p,JDTUMPKOJBQPKX-GBNDHIKLSA-L
3haACP,NA
3oocoa,WPIVBCGRGVNDDT-CECATXLMSA-J
pydx5p,NGVDGCNFYWLIFO-UHFFFAOYSA-L
cdg,XIUIRSLBMMTDSK-UHFFFAOYSA-M
thptdn,IDAICLIJTRXNER-UHFFFAOYSA-N
dtdp4d6dm,PSXWNITXWWECNY-LPVGZGSHSA-L
pimACP,NA
rbl__D,ZAQJHHRNXZUBTE-NQXXGFSBSA-N
dttp,NHVNXKFIZYSCEB-XLPZGREQSA-J
gal1p,HXXFSFRBOHSIMQ-FPRJBGLDSA-L
2ameph,QQVDJLLNRSOCEL-UHFFFAOYSA-N
scys__L,NOKPBJYHPHHWAN-REOHCLBHSA-M
feroxB,NA
6hmhptpp,FCQGJGLSOWZZON-UHFFFAOYSA-K
dhor__S,UFIVEPVSAGBUSI-REOHCLBHSA-M
hemeO,FISPASSVCDRERW-ARQJTVBPSA-J
3ump,FOGRQMPFHUHIGU-XVFCMESISA-L
r5p,KTVPXOYAKDPRHY-AIHAYLRMSA-L
butACP,NA
2agpe120,NPAZKTOOMVQLIH-UHFFFAOYSA-N
acanth,QSACCXVHEVWNMX-UHFFFAOYSA-M
1ddecg3p,STTKJLVEXMKLNA-CQSZACIVSA-L
wco,NA
1agpg161,NA
gtspmd,NEDQLXHBVHSKNV-STQMWFEESA-P
gdp,QGWNDRXFNXRZMB-UUOKFMHZSA-K
galur,AEMOLEFTQBMNLQ-YMDCURPLSA-M
ocdca,QIQXTHQIDYTFRH-UHFFFAOYSA-M
man1p,HXXFSFRBOHSIMQ-RWOPYEJCSA-L
1agpg181,FQQQKGAFQIIGLQ-SNZQZGEVSA-M
udcpdp,NTXGVHCCXVHYCL-RDQGWRCRSA-K
sbt6p,GACTWZZMVMUKNG-SLPGGIOYSA-L
pram,SKCBPEVYGOQGJN-TXICZTDVSA-M
malt6p,ITPHOIFCAFNCLL-ASMJPISFSA-L
galt,FBPFZTCFMRRESA-GUCUJZIJSA-N
23dhb,GLDQAMYCGOIJDV-UHFFFAOYSA-M
3hcddec5eACP,NA
mi1p__D,INAPMGSXUVUWAF-UOTPTPDRSA-L
3ocvac11eACP,NA
murein3px4p,LOVDDQLBOGPFKC-UHFFFAOYSA-H
2fe1s,NA
enlipidA_LptA,NA
apg140,HLSZVIULNVUBQI-YWPUXERESA-M
dutp,AHCYMLUZIRLXAA-SHYZEUOFSA-J
gp4g,OLGWXCQXRSSQPO-MHARETSRSA-J
kdo2lipid4L,JVUUYJGQIVCMIU-ZODGSCPMSA-H
uacmam,LFTYTUAZOPRMMI-ZYQOOJPVSA-L
trnaser,NA
urate,LEHOTFFKMJEONL-UHFFFAOYSA-N
2agpe140,DDUZNLUWXLYPCP-UHFFFAOYSA-N
bmoco1gdp,NA
metsox_R__L,QEFRNWWLZKMPFJ-ZXPFJRLXSA-N
glytrna,NA
ps180,TZCPCKNHXULUIY-RGULYWFUSA-M
hxcoa,NA
3hodcoa,WZMAIEGYXCOYSH-SFKGBVSGSA-J
nad,BAWFJGJZGIEFAR-NNYOXOHSSA-M
tcb,KQTIIICEAUMSDG-UHFFFAOYSA-K
preq0,FMKSMYDYKXQYRV-UHFFFAOYSA-N
dgdp,CIKGWCTVFSRMJU-KVQBGUIXSA-K
alltn,POJWUDADGALRAB-UHFFFAOYSA-N
sl2a6o,SDVXSCSNVVZWDD-LURJTMIESA-K
4hoxpac,XQXPVVBIMDBYFF-UHFFFAOYSA-M
dmbzid,LJUQGASMPRMWIW-UHFFFAOYSA-N
g3pc,SUHOQUVVVLNYQR-MRVPVSSYSA-N
ppa,NA
dsbcox,NA
rhcys,IQFWYNFDWRYSRA-BLELIYKESA-N
glu5p,PJRXVIJAERNUIP-VKHMYHEASA-L
udp,XCCTYIAWTASOJW-XVFCMESISA-K
malthp,ZHZITDGOAFCURV-VVTKTIMZSA-N
udpgalfur,ZQLQOXLUCGXKHS-SIAUPFDVSA-L
2agpe161,NA
ohpb,MZJFVXDTNBHTKZ-UWTATZPHSA-K
malACP,NA
2ddecg3p,NA
ru5p__D,FNZLKVNUWIIPSJ-UHNVWZDZSA-L
23camp,KMYWVDDIPVNLME-KQYNXXCUSA-M
dhpppn,QZDSXQJWBGMRLU-UHFFFAOYSA-M
2mahmp,AGQJQCFEPUVXNK-UHFFFAOYSA-K
hcys__L,FFFHZYDWPBMWHY-UHFFFAOYSA-N
cu2,JPVYNHNXODAKFH-UHFFFAOYSA-N
hom__L,UKAUYVFTDYCKQA-VKHMYHEASA-N
mptamp,XJXFAXLUOKQPAQ-YPRLVJTJSA-K
mg2,JLVVSXFLKOJNIY-UHFFFAOYSA-N
uri,DRTQHJPVMGBUCF-XVFCMESISA-N
aps,IRLPACMLTUPBCL-KQYNXXCUSA-L
mal__D,BJEPYKJPYRNKOW-UWTATZPHSA-L
23cump,HWDMHJDYMFRXOX-XVFCMESISA-M
ala__L,QNAYBMKLOCPYGJ-REOHCLBHSA-N
bwco,NA
prpp,PQGCEDQWHSBAJP-TXICZTDVSA-I
nh4,QGZKDVFQNNGYKY-UHFFFAOYSA-O
3amac,YTLYLLTVENPWFT-UPHRSURJSA-M
ichor,NTGWPRCCOQCMGE-YUMQZZPRSA-L
trnaleu,NA
4hphac,HBMCQTHGYMTCOF-UHFFFAOYSA-N
ddcap,NA
egmeACP,NA
amob,UOKVQQMBGVMXPU-CJPDYEHRSA-N
ala__D,QNAYBMKLOCPYGJ-UWTATZPHSA-N
eca4und,CVYQIROAIKSYLV-HBQGRVRBSA-H
murein5p4p,YJNGRCZHKAYCMA-VZNOAHCOSA-E
trnasecys,NA
3hbcoa,QHHKKMYHDBRONY-VKBDFPRVSA-J
acser,VZXPDPZARILFQX-BYPYZUCNSA-N
fprica,ABCOOORLYAOBOZ-KQYNXXCUSA-L
bwco1gdp,NA
dha,RXKJFZQQPQGTFL-UHFFFAOYSA-N
pe160,SLKDGVPOSSLUAI-PGUFJCEWSA-N
rmn,PNNNRSAQSRJVSB-BXKVDMCESA-N
dsbgox,NA
dmso,IAZDPXIOMUYVGZ-UHFFFAOYSA-N
gagicolipa,XCYFJKYUDKZCQY-RQZVRRRJSA-C
amp,UDMBCSSLTHHNCD-KQYNXXCUSA-L
chtbs,NA
gam,MSWZFWKMSRAUBD-IVMDWMLBSA-O
3ooctdACP,NA
uppg3,HUHWZXWWOFSFKF-UHFFFAOYSA-F
paps,GACDQMDRPRGCTN-KQYNXXCUSA-J
trnagly,NA
tsul,DHCDFWKWKRSZHF-UHFFFAOYSA-M
crn,PHIQHXFUZVPYII-ZCFIWIBFSA-N
alaala,DEFJQIDDEAULHB-QWWZWVQMSA-N
gbbtn,JHPNVNIEXXLNTR-UHFFFAOYSA-N
ocdcaACP,NA
acetol,XLSMFKSTNGKWQX-UHFFFAOYSA-N
altrn,RGHNJXZEOKUKBD-AIHAYLRMSA-M
moadcoo,NA
iscs,NA
fe,NA
rib__D,HMFHBZSHGGEWLO-SOOFDHNKSA-N
2obut,TYEYBOSBBBHJIV-UHFFFAOYSA-M
3gmp,ZDPUTNZENXVHJC-UUOKFMHZSA-L
gal,WQZGKKKJIJFFOK-PHYPRBDBSA-N
gg4abut,MKYPKZSGLSOGLL-LURJTMIESA-M
thmnp,XHIXPVCTDRNTTC-YQVKZWHSSA-N
murein3px3p,IYFHCENFVZTZLO-UHFFFAOYSA-G
na15dap,QZBYOYPROVGOGE-UHFFFAOYSA-Q
malcoame,CHQAJZULNPRMEN-FZEDXVDRSA-J
1agpg141,NA
acgal,OVRNDRQMDRJTHS-KEWYIRBNSA-N
pg140,BPHQZTVXXXJVHI-AJQTZOPKSA-M
argsuc,KDZOASGQNOPSCU-ZBHICJROSA-M
12dgr180,NA
dctp,RGWHQCVHVJXOKC-SHYZEUOFSA-J
clpn140,SDCJNZZAOLRVCP-GTOSQJSUSA-L
ap5a,OIMACDRJUANHTJ-XPWFQUROSA-I
clpn161,UYSHBKYVDAZLKJ-GMUISZSCSA-L
betald,SXKNCCSPZDCRFD-UHFFFAOYSA-N
pg161,GHQNERCMPIDAAU-ANXSUKRNSA-M
gdpmann,MVMSCBBUIHUTGJ-GDJBGNAASA-L
oxadpcoa,VKKKAAPGXHWXOO-BIEWRJSYSA-I
ttdceap,NA
mqn8,LXKDFTDVRVLXFY-WQWYCSGDSA-N
feroxEfe,NA
acon_T,GTZCVFVGUGFEME-HNQUOIGGSA-K
ggptrc,WKGTVHGVLRCTCF-UHFFFAOYSA-O
pa120,NA
um4p,NA
diact,QSJXEFYPDANLFS-UHFFFAOYSA-N
cm,WIIZWVCIJKGZOK-RKDXNWHRSA-N
35cgmp,ZOOGRGPOEVQQDX-UUOKFMHZSA-M
35dhphaccoa,NA
oaa,KHPXUQMNIQBQEV-UHFFFAOYSA-L
aacoa,OJFDKHTZOUZBOS-CITAKDKDSA-J
nadph,ACFIXJIJDZMPPO-NNYOXOHSSA-J
3ohcoa,NFOYYXQAVVYWKV-HDRQGHTBSA-J
skm,JXOHGGNKMLTUBP-HSUXUTPPSA-M
2dmmq8,GDUBPWSFXUAETN-AENDIINCSA-N
5aop,ZGXJTSGNIOSYLO-UHFFFAOYSA-N
dtdprmn,ZOSQFDVXNQFKBY-CGAXJHMRSA-L
feoxam,SRMBQCVUAVULDJ-UHFFFAOYSA-O
gal_bD,WQZGKKKJIJFFOK-FPRJBGLDSA-N
fecrm_un,ZZDYFKJSJLUQON-UFYCRDLUSA-N
hxan,FDGQSTZJBFJUBT-UHFFFAOYSA-N
14glucan,NA
3hoctACP,NA
hdeACP,NA
dscl,OQIIYZQTTMKFAU-ZNLOQLQNSA-G
13ppd,YPFDHNVEDLHUCE-UHFFFAOYSA-N
tag6p__D,BGWGXPAPYGQALX-OEXCPVAWSA-L
lald__L,BSABBBMNWQWLLU-VKHMYHEASA-N
3php,LFLUCDOSQPJJBE-UHFFFAOYSA-K
maltpt,FTNIPWXXIGNQQF-DWTFCAFKSA-N
sel,QYHFIVBSNOWOCQ-UHFFFAOYSA-L
chtbs6p,KYKNQNQCPWDNAK-CBTAGEKQSA-L
oxalcoa,QVXMZFTWJVBUHP-IBOSZNHHSA-I
glu1sa,MPUUQNGXJSEWTF-BYPYZUCNSA-N
feenter,NGILTSZTOFYVBF-UVJOBNTFSA-H
fe2,CWYNVVGOOAEACU-UHFFFAOYSA-N
poaac,WQKGFGLGYOHJOG-UPHRSURJSA-N
oxptn,VBKPPDYGFUZOAJ-UHFFFAOYSA-M
56dura,OIVLITBTBDPEFK-UHFFFAOYSA-N
op4en,NOXRYJAWRSNUJD-UHFFFAOYSA-M
1agpe160,YVYMBNSKXOXSKW-HXUWFJFHSA-N
rbflvrd,SGSVWAYHEWEQET-SCRDCRAPSA-N
rnam,JLEBZPBDRKPWTD-TURQNECASA-O
glx,HHLFWLYXYJOTON-UHFFFAOYSA-M
alpp,NA
asntrna,NA
3c3hmp,BITYXLXUCSKTJS-ZETCQYMHSA-L
mana,RGHNJXZEOKUKBD-MBMOQRBOSA-M
mmcoa__R,MZFOKIKEPGUZEN-AGCMQPJKSA-I
dxyl,IGUZJYCAXLYZEE-RFZPGFLSSA-N
23ddhb,INCSWYKICIYAHB-WDSKDSINSA-M
itp,HAEJPQIATWHALX-KQYNXXCUSA-J
bwcogdp,NA
dcamp,OFBHPPMPBOJXRT-DPXQIYNJSA-J
lystrna,NA
prbatp,RKNHJBVBFHDXGR-KEOHHSTQSA-H
u3aga,TZSJGZGYQDNRRX-MPLCHSTDSA-L
3mob,QHKABHOOEWYVLI-UHFFFAOYSA-M
micit,HHKPKXCSHMJWCF-WVBDSBKLSA-K
12dgr120,NA
adocbl,ZIHHMGTYZOSFRC-QRVZQHAISA-N
dcaACP,NA
glu5sa,KABXUUFDPUOJMW-BYPYZUCNSA-N
prbamp,RTQMRTSPTLIIHM-KEOHHSTQSA-J
r15bp,AAAFZMYJJHWUPN-TXICZTDVSA-J
oxa,MUBZPKHOEPUJKR-UHFFFAOYSA-L
isetac,SUMDYPCJJOFFON-UHFFFAOYSA-M
glutrna,NA
meoh,OKKJLVBELUTLKV-UHFFFAOYSA-N
iscu_2fe2s2,NA
2shchc,QJYRAJSESKVEAE-PSASIEDQSA-L
octeACP,NA
cytd,UHDGCWIWMRVCDJ-XVFCMESISA-N
man6p,NBSCHQHZLSJFNQ-QTVWNMPRSA-L
3dhguln,WTAHRPBPWHCMHW-LWKDLAHASA-M
mql8,OIEZRVBFVPGODT-WQWYCSGDSA-N
rephaccoa,NA
trnaphe,NA
ahcys,ZJUKTBDSGOFHSH-WFMPWKQPSA-N
thym,RWQNBRDOKXIBIV-UHFFFAOYSA-N
glyc__R,RBNPOMFGQQGHHO-UWTATZPHSA-M
anth,RWZYAGGXGHYGMB-UHFFFAOYSA-M
2p4c2me,HTJXTKBIUVFUAR-XHIBXCGHSA-J
h2o2,MHAJPDPJQMAIIY-UHFFFAOYSA-N
his__L,HNDVDQJCIGZPNO-YFKPBYRVSA-N
duri,MXHRCPNRJAMMIM-SHYZEUOFSA-N
3ooctACP,NA
ametam,ZUNBITIXDCPNSD-LSRJEVITSA-O
acnam,SQVRNKJHWKZAKO-LUWBGTNYSA-M
glcn,RGHNJXZEOKUKBD-SQOUGZDYSA-M
4c2me,YFAUKWZNPVBCFF-XHIBXCGHSA-L
3dhq,WVMWZWGZRAXUBK-SYTVJDICSA-M
gdpddman,PNHLMHWWFOPQLK-BKUUWRAGSA-L
g6p,NBSCHQHZLSJFNQ-GASJEMHNSA-L
trnaval,NA
xylu__D,ZAQJHHRNXZUBTE-WUJLRWPWSA-N
fe3hox,NA
12dgr141,NA
adphep_LD,KMSFWBYFWSKGGR-DTBZDYEHSA-L
4hthr,JBNUARFQOCGDRK-GBXIJSLDSA-N
sucsal,UIUJIQZEACWQSV-UHFFFAOYSA-M
fadh2,YPZRHBJKEMOYQH-UYBVJOGSSA-L
ocACP,NA
pacald,DTUQWGWMVIHBKE-UHFFFAOYSA-N
5caiz,JHLXDWGVSYMXPL-XVFCMESISA-K
ppbng,QSHWIQZFGQKFMA-UHFFFAOYSA-M
cys__L,XUJNEKJLAYXESH-REOHCLBHSA-N
g3ps,ZWZWYGMENQVNFU-UHNVWZDZSA-M
acmanap,QDSLHWJDSQGPEE-WCTZXXKLSA-L
23dhacoa,ZFXICKRXPZTFPB-FZHFFJAKSA-I
lcts,GUBGYTABKSRVRQ-QKKXKWKRSA-N
trnaasn,NA
ppt,ABLZXFCXXLZCGV-UHFFFAOYSA-L
2oph,VUNQJPPPTJIREN-CMAXTTDKSA-N
glutar,JFCQEDHGNNZCLN-UHFFFAOYSA-L
fpram,PMCOGCVKOAOZQM-ZRTZXPPTSA-M
din,VGONTNSXDCQUGY-RRKCRQDMSA-N
glcur1p,AIQDYKMWENWVQJ-QIUUJYRFSA-K
tddec2eACP,NA
1agpg180,HFJVKBVEKQHVTO-XZOQPEGZSA-M
sarcs,FSYKKLYZXJSNPZ-UHFFFAOYSA-N
lgt__S,VDYDCVUWILIYQF-CSMHCCOUSA-M
pi,NBIIXXVUZAFLBC-UHFFFAOYSA-L
3sala,ADVPTQAUNPRNPO-REOHCLBHSA-M
2dmmql8,FGYPGICSXJEKCG-AENDIINCSA-N
o16a4colipa,KAVZMDKPFMCUGM-QWDGEOHMSA-C
tag1p__D,NA
ppal,NBBJYMSMWIIQGU-UHFFFAOYSA-N
galct__D,DSLZVSRJTYRBFB-DUHBMQHGSA-L
mettrna,NA
3opalmACP,NA
5apru,LZEXYCAGPMYXLX-UMMCILCDSA-L
4mop,BKAJNAXTPSGJCU-UHFFFAOYSA-M
tmrs2eACP,NA
akg,KPGXRSRHYNQIFN-UHFFFAOYSA-L
lac__L,JVTAAEKCZFNVCJ-REOHCLBHSA-M
galt1p,GACTWZZMVMUKNG-DPYQTVNSSA-L
murein4px4p4p,NPJMJVATSCHTAI-UHFFFAOYSA-F
2sephchc,XYCATPIYKOARSZ-OAIFWDMCSA-K
tdecoa,NA
frdp,VWFJDQUYCIWHTN-YFVJMOTDSA-K
rml,QZNPNKJXABGCRC-FUTKDDECSA-N
airs,NA
acac,WDJHALXBUFZDSR-UHFFFAOYSA-M
palmACP,NA
athtp,FGOYXNBJKMNPDH-SAJUPQAESA-L
enlipidA,NA
1hdec9eg3p,NA
ps141,NA
na1,FKNQFGJONOIPTF-UHFFFAOYSA-N
4mpetz,OCYMERZCMYJQQO-UHFFFAOYSA-L
alatrna,NA
2kmb,SXFSQZDSUWACKX-UHFFFAOYSA-M
ttdca,NA
man,WQZGKKKJIJFFOK-QTVWNMPRSA-N
3odecACP,NA
orn,AHLPHDHHMVZTML-BYPYZUCNSA-O
taur,XOAAWQZATWQOTB-UHFFFAOYSA-N
ocdcea,ZQPPMHVWECSIRJ-KTKRTIGZSA-M
fc1p,KNYGWWDTPGSEPD-LFRDXLMFSA-L
forcoa,SXMOKYXNAPLNCW-GORZOVPNSA-J
fald,WSFSSNUMVMOOMR-UHFFFAOYSA-N
gmeACP,NA
occoa,KQMZYOXOBSXMII-CECATXLMSA-J
6pgl,IJOJIVNDFQSGAB-SQOUGZDYSA-L
drib,PDWIQYODPROSQH-PYHARJCCSA-N
fcl__L,QZNPNKJXABGCRC-LFRDXLMFSA-N
psclys,BFSYFTQDGRDJNV-CDEVMZEPSA-O
mococdp,WKSPNQYEWZEMMI-FEFZDOOUSA-K
anhgm3p,ZWZMFRJKRXDGBE-UHFFFAOYSA-L
23ccmp,NMPZCCZXCOMSDQ-XVFCMESISA-M
cpgn,FQIVLXIUJLOKPL-DWZMLRRXSA-N
g1p,HXXFSFRBOHSIMQ-GASJEMHNSA-L
murein4px4px4p,NA
lipa,DIXUKJUHGLIZGU-OIPVZEHTSA-H
udpgal,HSCJRCZFDFQWRP-ABVWGUQPSA-L
ara5p,PPQRONHOSHZGFQ-WDCZJNDASA-L
2h3oppan,QWBAFPFNGRFSFB-UHFFFAOYSA-M
kdo,NNLZBVFSCVTSLA-HXUQBWEZSA-M
phhlipa,XNYUHCDJIRFEJF-LIOVHSHWSA-G
2ommbl,HDSGDGSLNMIMKU-KFSSTAEESA-N
h2s,RWSOTUBLDIXVET-UHFFFAOYSA-M
colipaOA,NA
udpglcur,HDYANYHVCAPMJV-LXQIFKJMSA-K
tdeACP,NA
pa181,NA
34dhpha,CFFZDZCDUFSOFZ-UHFFFAOYSA-M
2tpr3dpcoa,NFWZJXFBUKDGOX-HWCXJHOSSA-H
3hocoa,ATVGTMKWKDUCMS-OTOYJEMWSA-J
udpacgal,LFTYTUAZOPRMMI-LDDHHVEYSA-L
nicrnt,JOUIQRNQJGXQDC-ZYUZMQFOSA-L
cpg180,ACOSNNHXZDLJJE-UHFFFAOYSA-M
uacmamu,DZOGQXKQLXAPND-XHUKORKBSA-K
lald__D,BSABBBMNWQWLLU-GSVOUGTGSA-N
1agpe120,IZDRGPDUDLWAGR-UHFFFAOYSA-N
glycogen,NA
hpmeACP,NA
xan,LRFVTYWOQMYALW-UHFFFAOYSA-N
dadp,DAEAPNUQQAICNR-RRKCRQDMSA-K
trnacys,NA
lys__L,KDXKERNSBIXSRK-YFKPBYRVSA-O
ascb6p,KIENGQUGHPTFGC-JLAZNSOCSA-K
tag__D,BJHIKXHVCXFQLS-PQLUHFTBSA-N
o16a3und,MAEXVFVVTLQJBE-BYBSPDODSA-K
2agpg161,NA
ugmda,IMWOXEZVYQDRDF-MCZXNMLPSA-J
tton,KRURGYOKPVLRHQ-UHFFFAOYSA-L
succoa,VNOYUJKHFWYWIR-ITIYDSSPSA-I
colipap,NA
mincyc,DYKFCLLONBREIL-KVUCHLLUSA-N
cyan,LELOWRISYMNNSU-UHFFFAOYSA-N
nmn,DAYLJWODMCOQEW-TURQNECASA-M
2agpg141,NA
pe181,NA
ins,UGQMRVRMYYASKQ-KQYNXXCUSA-N
chor,WTFXTQVDAKGDEY-HTQZYQBOSA-L
pg180,FVJZSBGHRPJMMA-IOLBBIBUSA-M
1odecg3p,LAYXSTYJRSVXIH-HXUWFJFHSA-L
gdpofuc,PNHLMHWWFOPQLK-WAMCPPDZSA-L
hgmeACP,NA
4r5au,XKQZIXVJVUPORE-RPDRRWSUSA-N
5dglcn,IZSRJDGCGRAUAR-MROZADKFSA-M
2fe2s,NA
ugmd,QUHLBZKCGUXHGP-AJVQVANPSA-J
apg161,NA
trnagln,NA
34dhpac,IADQVXRMSNIUEL-UHFFFAOYSA-N
s17bp,OKHXOUGRECCASI-SHUUEZRQSA-J
sucarg,UMOXFSXIFQOWTD-LURJTMIESA-M
acon_C,GTZCVFVGUGFEME-IWQZZHSRSA-K
pyam5p,ZMJGSOSNSPKHNH-UHFFFAOYSA-M
thmmp,HZSAJDVWZRBGIF-UHFFFAOYSA-M
ps160,KLFKZIQAIPDJCW-GPOMZPHUSA-M
eig3p,HFYBTHCYPKEDQQ-RITPCOANSA-L
arbtn,NA
ctp,PCDQPRRSZKQHHS-XVFCMESISA-J
pgp140,NA
3dhgulnp,BDUIIKXSXFDPEC-LWKDLAHASA-K
cpe180,HCFAHMIUAQMBSN-UHFFFAOYSA-M
2pglyc,ASCFNMCAHFUBCO-UHFFFAOYSA-K
dhgly,TVMUHOAONWHJBV-UHFFFAOYSA-N
cenchddd,AEUBLTTWYCDTGM-HXOXMVQHSA-M
pa161,NA
3hadpcoa,OTEACGAEDCIMBS-NOTSHUFBSA-I
h2,UFHFLCQGNIYNRP-UHFFFAOYSA-N
hhlipa,HHPCMWTVGVTYIC-CFEULOSXSA-H
23dhbzs3,NA
3amp,LNQVTSROQXJCDD-KQYNXXCUSA-L
4hoxpacd,IPRPPFIAVHPVJH-UHFFFAOYSA-N
hxa,FUZZWVXGSFPDMH-UHFFFAOYSA-M
LptA,NA
3ntym,IUCYCHQMRZWPGT-UHFFFAOYSA-N
so4,QAOWNCQODCNURD-UHFFFAOYSA-L
thrtrna,NA
n8aspmd,FONIWJIDLJEJTL-UHFFFAOYSA-P
h,GPRLSGONYQIRFK-UHFFFAOYSA-N
murein5px3p,NA
aso4,DJHGAFSJWGLOIV-UHFFFAOYSA-L
23dhbzs,VDTYHTVHFIIEIL-LURJTMIESA-M
kphphhlipa,HKWVBDGTKAFRJF-UHFFFAOYSA-C
fad,IMGVNJNCCGXBHD-UYBVJOGSSA-K
uaagmda,OXJNZXDFVLDLEI-MBCYCBSHSA-J
arab__L,PYMYPHUHKUWMLA-VAYJURFESA-N
o16a2und,JLHGQTKMJCQGJD-CEOXHMAOSA-L
3psme,QUTYKIXIUDQOLK-PRJMDXOYSA-J
2dr1p,KBDKAJNTYKVSEK-VPENINKCSA-L
2oxpaccoa,ZQZCWPBSHHYCMM-BETJHJQZSA-J
fe3hox_un,NA
cdpdodecg,PDCWLWQTNQCGRI-IGIWICMZSA-L
ascb__L,CIWBSHSKHKDKBQ-JLAZNSOCSA-M
ile__L,AGPKZVBTJJNPAG-WHFBIAKZSA-N
dtdp,UJLXYODCHAELLY-XLPZGREQSA-K
pa141,NA
agdpcbi,IQTYKHRKNGVJEO-RRMAJTJESA-K
4mhetz,BKAWJIRCKVUVED-UHFFFAOYSA-N
acglc__D,ILLOJQCWUBEHBA-KEWYIRBNSA-N
kdo8p,IZZNRKJLBIYBJN-HXUQBWEZSA-K
hphhlipa,OCKKDDJUVZAABC-XSAOWLIJSA-G
copre2,BKIWSQUNFCJSOI-HZUOBFSFSA-E
ade,GFFGJBXGBJISGV-UHFFFAOYSA-N
ethso3,CCIVGXIOQKPBKL-UHFFFAOYSA-M
urdglyc,NWZYYCVIOKVTII-SFOWXEAESA-M
ppap,FMNMEQSRDWIBFO-UHFFFAOYSA-L
thr__L,AYFVYJQAPQTCCC-GBXIJSLDSA-N
malttr,FYGDTMLNYKFZSV-PXXRMHSHSA-N
phpyr,BTNMPGBKDVTSJY-UHFFFAOYSA-M
acald,IKHGUXGNUITLKF-UHFFFAOYSA-N
acgam,OVRNDRQMDRJTHS-RTRLPJTCSA-N
5mtr,ACWASDPGAVYCNI-JKUQZMGJSA-N
uaccg,BEGZZYPUNCJHKP-DBYWSUQTSA-K
12dgr160,NA
grxox,NA
2agpg140,NHYJQQUDLXESED-UHFFFAOYSA-M
ggbutal,JZNLEPLZUABCSQ-ZETCQYMHSA-N
hx2coa,OINXHIBNZUUIMR-IXUYQXAASA-J
mththf,BVIYGXUQVXBHQS-IUYQGCFVSA-N
ac,QTBSBXVTEAMEQO-UHFFFAOYSA-M
1tdecg3p,FAZBDRGXCKPVJU-MRXNPFEDSA-L
lipidX,HEHQDWUWJVPREQ-XQJZMFRCSA-L
trnahis,NA
mnl1p,GACTWZZMVMUKNG-KVTDHHQDSA-L
hphaccoa,GPCAQTOAAYEBGJ-CECATXLMSA-J
3fe4s,NA
apg180,WCMVNCVROQLVSH-JBQXKKLXSA-M
dgmp,LTFMZDNNPPEQNG-KVQBGUIXSA-L
xtp,CAEFEWVYEZABLA-UUOKFMHZSA-J
arbt,BJRNKVDFDLYUGJ-RMPHRYRLSA-N
g3pe,JZNWSCPGTDBMEW-YFKPBYRVSA-N
fmettrna,NA
2dh3dgal6p,OVPRPPOVAXRCED-NQXXGFSBSA-K
galctn__D,RGHNJXZEOKUKBD-MGCNEYSASA-M
datp,SUYVUBYJARFZHO-RRKCRQDMSA-J
feoxam_un,NA
remnant1,NA
dhnpt,YQIFAMYNGGOTFB-XINAWCOVSA-N
pser__L,BZQFBWGGLXLEPQ-REOHCLBHSA-L
asp__L,CKLJMWTZIZZHCS-REOHCLBHSA-M
8aonn,GUAHPAJOXVYFON-UHFFFAOYSA-N
malthx,OCIBBXPLUVYKCH-QXVNYKTNSA-N
salchs2,NA
apg181,NA
pgp181,NA
2dda7p,PJWIPEXIFFQAQZ-PUFIMZNGSA-K
pap,WHTCPDAXWFLDIH-KQYNXXCUSA-J
mmcoa__S,MZFOKIKEPGUZEN-IBNUZSNCSA-I
sufbcd_2fe2s2,NA
dd2coa,IRFYVBULXZMEDE-DEEZISNZSA-J
myrsACP,NA
adocblp,NA
udcpo5,NA
btn,YBJHBAHKTGYVGT-ZKWXMUAHSA-M
t3c11vaceACP,NA
zn2,PTFCDOFLOPIGGS-UHFFFAOYSA-N
utp,PGAVKCOVUIYSFO-XVFCMESISA-J
trnaarg,NA
phaccoa,ZIGIFDRJFZYEEQ-CECATXLMSA-J
psd5p,NA
salcn,NGFMICBWJRZIBI-UJPOAAIJSA-N
pppi,UNXRWKVEANCORM-UHFFFAOYSA-I
gdpfuc,LQEBEXMHBLQMDB-JGQUBWHWSA-L
2amsa,XMTCKNXTTXDPJX-REOHCLBHSA-N
tpalm2eACP,NA
N1aspmd,MQTAVJHICJWXBR-UHFFFAOYSA-P
u23ga,KOJCFMYSTWNMQW-RUAJDYCTSA-L
raffin,MUPFEKGTMRGPLJ-ZQSKZDJDSA-N
3hcvac11eACP,NA
tdec2eACP,NA
trnamet,NA
hkntd,WCJYZUFKKTYNLB-PFCALIJCSA-L
trnaile,NA
murein5p5p5p,FOZGDVCGOFWZKF-SSRSPRHQSA-G
cpgn_un,NA
rml1p,KNYGWWDTPGSEPD-OTWZMJIISA-L
sucr,CZMRCDWAGMRECN-UGDNZRGBSA-N
ckdo,YWWJKULNWGRYAS-UOVSKDHASA-L
gfgaragund,SOZYQWIVOMQYML-KIWKAZHESA-L
fmn,ANKZYBDXHMZBDK-SCRDCRAPSA-K
lpp,NA
acorn,JRLGPAXAGHMNOL-LURJTMIESA-N
hpyr,HHDDCCUIIUWNGJ-UHFFFAOYSA-M
slnt,MCAHWIHFGHIESP-UHFFFAOYSA-L
murein5px4p,NQXCJQVWBSGGNW-UHFFFAOYSA-E
pyr,LCTONWCANYUPML-UHFFFAOYSA-M
3hcinnm,KKSDGJDHHZEWEP-SNAWJCMRSA-M
hexACP,NA
4ppan,XHFVGHPGDLDEQO-ZETCQYMHSA-K
4pasp,IXZNKTPIYKDIGG-REOHCLBHSA-L
nac,PVNIIMVLHYAWGP-UHFFFAOYSA-M
3hmrsACP,NA
cystrna,NA
but2eACP,NA
3dhphaccoa,NA
succ,KDYFGRWQOYBRFD-UHFFFAOYSA-L
btnso,KCSKCIQYNAOBNQ-YBSFLMRUSA-M
23dhdp,UWOCFOFVIBZJGH-YFKPBYRVSA-L
uamag,OJZCATPXPWFLHF-HPUCEMLMSA-J
2agpg181,NA
gdptp,KCPMACXZAITQAX-UUOKFMHZSA-H
gmhep1p,KMEJCSKJXSBBAN-QTNLNCNHSA-L
dgslnt,GJEZZQVPWMCGSB-BJDJZHNGSA-L
bmocogdp,NA
2mcacn,NUZLRKBHOBPTQV-ARJAWSKDSA-K
ru5p__L,FNZLKVNUWIIPSJ-CRCLSJGQSA-L
dmlz,SXDXRJZUAJBNFL-XKSSXDPKSA-M
glyc,PEDCQBHIVMGVHV-UHFFFAOYSA-N
ppgpp,BUFLLCUFNHESEH-UUOKFMHZSA-I
frmd,ZHNUHDYFZUAESO-UHFFFAOYSA-N
n2o,GQPLMRYTRLFLPF-UHFFFAOYSA-N
aspsa,HOSWPDPVFBCLSY-VKHMYHEASA-N
2agpe180,KIHAGWUUUHJRMS-JOCHJYFZSA-N
5aprbu,RQRINYISXYAZKL-RPDRRWSUSA-L
garagund,QZKSQRMITRSRFM-QUNHHUOXSA-L
3hpp,ALRHLSYJTWAHJZ-UHFFFAOYSA-M
hmbil,WDFJYRZCZIUBPR-UHFFFAOYSA-F
2pg,GXIURPTVHJPJLF-UWTATZPHSA-K
hdcoa,NA
1agpe140,RPXHXZNGZBHSMJ-GOSISDBHSA-N
lipoamp,QWEGOCJRZOKSOE-ADUAKINBSA-M
5fthf,VVIAGPKUTFNRDU-STQMWFEESA-L
actp,LIPOUNRJVLNBCD-UHFFFAOYSA-L
alltt,NUCLJNSWZCHRKL-UHFFFAOYSA-M
trnaasp,NA
sbzcoa,AVOVYFCDODUXLY-HSJNEKGZSA-I
dtdp4aaddg,YHXQWYBLXUELDA-ZCVKINLTSA-L
3c2hmp,RNQHMTFBUSSBJQ-CRCLSJGQSA-L
moadcosh,NA
dsbard,NA
sucgsa,XTOKIEIBKARFSZ-LURJTMIESA-L
adphep_DD,KMSFWBYFWSKGGR-FQBROAFUSA-L
pe120,NA
t3c7mrseACP,NA
ACP,NA
bmoco,NA
octdp,IKKLDISSULFFQO-DJMILUHSSA-K
3hhdcoa,DEHLMTDDPWDRDR-BCIKBWLNSA-J
dpcoa,KDTSHFARGAKYJN-IBOSZNHHSA-L
2agpe160,CKPBBEOJHAPPBT-HXUWFJFHSA-N
ppp9,KSFOVUSSGSKXFI-UJJXFSCMSA-L
2cpr5p,QKMBYNRMPRKVTO-MNOVXSKESA-K
pheme,KABFMIBPWCXCRK-RGGAHWMASA-J
3omrsACP,NA
trnathr,NA
6pgc,BIRSGZKFKXLSJQ-SQOUGZDYSA-K
uLa4n,NA
pgp180,UZNYMWWMHBZMLI-IOLBBIBUSA-K
arg__L,ODKSFYDXXFIFQN-BYPYZUCNSA-O
anhgm,NA
cd2,WLZRMCYVCSSEQC-UHFFFAOYSA-N
3odcoa,AZCVXMAPLHSIKY-HSJNEKGZSA-J
gly,DHMQDGOQFOQNFH-UHFFFAOYSA-N
cpppg3,NIUVHXTXUXOFEB-UHFFFAOYSA-J
cl,VEXZGXHMUGYJMC-UHFFFAOYSA-M
aact,BCDGQXUMWHRQCB-UHFFFAOYSA-O
dms,QMMFVYPAHWMCMS-UHFFFAOYSA-N
ps120,NA
xyl__D,SRBFZHDQGSBBOR-IOVATXLUSA-N
2tdecg3p,NA
e4p,NGHMDNPXVRFFGS-IUYQGCFVSA-L
alac__S,NMDWGEGFJUBKLB-YFKPBYRVSA-M
eca3und,AEBNALYOCQHPHC-FKUZKRBFSA-I
3c4mop,HIIZAGQWABAMRR-BYPYZUCNSA-L
ag,FOIXSVOLVBLSDH-UHFFFAOYSA-N
3hpalmACP,NA
sectrna,NA
pgp161,PTJJTQQVMKSSOK-WXUKJITCSA-K
2ippm,NJMGRJLQRLFQQX-HYXAFXHYSA-L
tre6p,LABSPYBHMPDTEL-LIZSDCNHSA-L
2ddg6p,OVPRPPOVAXRCED-WVZVXSGGSA-K
ttrcyc,OFVLGDICTFRJMM-WESIUVDSSA-N
atp,ZKHQWZAMYRWXGA-KQYNXXCUSA-J
cdec3eACP,NA
coa,RGJOEKWQDUBAIZ-IBOSZNHHSA-J
acgal1p,FZLJPEPAYPUMMR-JAJWTYFOSA-L
3hpppn,QVWAEZJXDYOKEH-UHFFFAOYSA-M
progly,RNKSNIBMTUYWSH-YFKPBYRVSA-N
peamn,BHHGXPLMPWCGHP-UHFFFAOYSA-O
btal,ZTQSAGDEMFDKMZ-UHFFFAOYSA-N
12ppd__S,DNIAPMSPPWPWGF-VKHMYHEASA-N
3oddcoa,HQANBZHVWIDNQZ-GMHMEAMDSA-J
adp,XTWYTFMLZFPYCI-KQYNXXCUSA-K
imacp,YCFFMSOLUMRAMD-UHFFFAOYSA-L
murein4p3p,AKLORNSFZCNZDU-UHFFFAOYSA-H
tartr__L,FEWJPZIEWOKRBE-JCYAYHJZSA-L
pe141,NA
f1p,RHKKZBWRNHGJEZ-VRPWFDPXSA-L
damp,KHWCHTKSEGGWEX-RRKCRQDMSA-L
gua,UYTPUPDQBNUYGX-UHFFFAOYSA-N
3hoctaACP,NA
hacolipa,NA
glyclt,AEMRFAOFKBGASW-UHFFFAOYSA-M
phphhlipa,MVYTXVAKEAWEGM-WMKPBWIYSA-D
kokdolipidA,NA
ser__D,MTCFGRXMJLQNBG-UWTATZPHSA-N
glyald,MNQZXJOMYWMBOU-VKHMYHEASA-N
4crsol,IWDCLRJOBJJRNH-UHFFFAOYSA-N
o2s,OUUQCZGPVNCOIJ-UHFFFAOYSA-M
pep,DTBNBXWJWCWCIK-UHFFFAOYSA-K
dhpmp,PLSQMGZYOGSOCE-XINAWCOVSA-L
fldox,NA
cdigmp,NA
air,PDACUKOKVHBVHJ-ZRTZXPPTSA-M
3ig3p,NQEQTYPJSIEPHW-MNOVXSKESA-L
dsbcrd,NA
o16a4und,RNMNOQBZUYAUDM-UBJCEAIVSA-J
xdp,YMOPVQQBWLGDOD-UUOKFMHZSA-K
aso3,AQLMHYSWFMLWBS-UHFFFAOYSA-N
glc__D,WQZGKKKJIJFFOK-GASJEMHNSA-N
cbp,FFQKYPRQEYGKAF-UHFFFAOYSA-L
ni2,VEQPNABPJHWNSG-UHFFFAOYSA-N
tmao,UYPYRKYUKCHHIB-UHFFFAOYSA-N
kdo2lipid4p,LDKYKDQAKNLWER-RLUYZOBBSA-H
icit,ODBLHEXUDAPZAU-UHFFFAOYSA-K
sheme,DLKSSIHHLYNIKN-QIISWYHFSA-D
ogmeACP,NA
iscu_2fe2s,NA
peng,JGSARLDLIJGVTE-MBNYWOFBSA-M
q8h2,LOJUQFSPYHMHEO-SGHXUWJISA-N
tma,GETQZCLCWQTVFV-UHFFFAOYSA-O
glntrna,NA
lipidAds,HLDJGHAAKRKPAV-QDORLFPLSA-L
uamr,NQBRVZNDBBMBLJ-MQTLHLSBSA-K
clpn141,NA
glutcoa,SYKWLIJQEHRDNH-CKRMAKSASA-I
pan4p,JDMUPRLRUUMCTL-VIFPVBQESA-L
fdp,RNBGYGVWRKECFJ-VRPWFDPXSA-J
cph4,QSIYONWVWDSRRO-UHFFFAOYSA-M
ddca,NA
4izp,MYNHYKDPSRPBNZ-UHFFFAOYSA-N
cechddd,RKDFGWAXBBGKMR-APPZFPTMSA-M
indole,SIKJAQJRHWYJAI-UHFFFAOYSA-N
adocbip,MQCMBMUJJHSGIF-QMUWONGRSA-K
phom,FXDNYOANAXWZHG-VKHMYHEASA-L
r1p,YXJDFQJKERBOBM-TXICZTDVSA-L
pa140,OZSITQMWYBNPMW-GDLZYMKVSA-L
adpglc,WFPZSXYXPSUOPY-ROYWQJLOSA-L
sl26da,GLXUWZBUPATPBR-BQBZGAKWSA-L
frulysp,NA
ditp,UFJPAQSLHAGEBL-RRKCRQDMSA-J
murein3p3p,QKZNHGKXDALVQW-UHFFFAOYSA-I
melib,DLRVVLDZNNYCBX-ZZFZYMBESA-N
3dhsk,SLWWJZMPHJJOPH-PHDIDXHHSA-M
spmd,ATHGHQPFGPMSJY-UHFFFAOYSA-Q
sbt__D,FBPFZTCFMRRESA-JGWLITMVSA-N
LalaDgluMdap,NA
dhcinnm,SIUKXCMDYPYCLH-SNAWJCMRSA-M
23doguln,GJQWCDSAOUMKSE-STHAYSLISA-M
sufbcd_4fe4s,NA
h2o,XLYOFNOQVPJJNP-UHFFFAOYSA-N
3ocpalm9eACP,NA
5mta,WUUGFSXJNOTRMR-IOSLPCCCSA-N
kdolipid4,GPNCBCJEDRRCDW-ACUQGRCXSA-I
cit,KRKNYBCHXYNGOX-UHFFFAOYSA-K
34dhphaccoa,BWFUCVJSCADRJW-CECATXLMSA-J
ap4a,YOAHKNVSNCMZGQ-XPWFQUROSA-J
cdpdodec11eg,KISJWPWNABZPGN-IGIWICMZSA-L
o2,MYMOFIZGZYHOMD-UHFFFAOYSA-N
2agpe141,NA
unaga,NEVJGTXBHJNFAZ-JXCMATCVSA-L
sucorn,VWXQFHJBQHTHMK-LURJTMIESA-M
2odecg3p,NA
1tdec7eg3p,NA
phetrna,NA
14dhncoa,NA
ca2,BHPQYMZQTOCNFJ-UHFFFAOYSA-N
met__L,FFEARJCKVFRZRR-BYPYZUCNSA-N
1agpe141,NA
apg120,AJCVDIXUOBZCPE-ZESVVUHVSA-M
od2coa,NBCCUIHOHUKBMK-ZDDAFBBHSA-J
clpn160,GRTNLBQYBYZCCM-ULKDXPJMSA-L
4ppcys,XQYALQVLCNHCFT-CBAPKCEASA-K
udcpo4,NA
2hyoxplac,CCVYRRGZDBSHFU-UHFFFAOYSA-M
hdca,IPCSVZSSVZVIGE-UHFFFAOYSA-M
icolipa,YKVGZDADLKRSPK-YRCDCJNSSA-C
hg2,BQPIGGFYSBELGY-UHFFFAOYSA-N
apg141,NA
scl,KWIZRXMMFRBUML-AHGFGAHVSA-F
arab__D,SRBFZHDQGSBBOR-ZRMNMSDTSA-N
so3,LSNNMFCWUKXFEE-UHFFFAOYSA-L
gthrd,RWSXRVCMGQZWBV-WDSKDSINSA-M
3mop,JVQYSWDUAOAHFM-BYPYZUCNSA-M
quln,GJAWHXHKYYXBSV-UHFFFAOYSA-L
3ohdcoa,NQMPLXPCRJOSHL-BBECNAHFSA-J
udpg,HSCJRCZFDFQWRP-RDKQLNKOSA-L
dudp,QHWZTVCCBMIIKE-SHYZEUOFSA-K
anhm4p,OUWAMZWZTFUVMV-NPLPHQDTSA-L
3pg,OSJPPGNTCRNQQC-UWTATZPHSA-K
ala_B,UCMIRNVEIXFBKS-UHFFFAOYSA-N
fusa,IECPWNUMDGFDKC-MZJAQBGESA-M
quin,AAWZDTNXLSGCEK-WYWMIBKRSA-M
pppg9,UHSGPDMIQQYNAX-UHFFFAOYSA-L
histrna,NA
apg160,BSAFHIMUDGXOPA-OKPYTHRESA-M
suchms,GNISQJGXJIDKDJ-YFKPBYRVSA-M
2hphaccoa,NA
salchs4fe,NA
adprib,SRNWOUGRCWSEMX-TYASJMOZSA-L
ctbt,GUYHPGUANSLONG-SNAWJCMRSA-N
oxur,UWBHMRBRLOJJAA-UHFFFAOYSA-M
udpLa4o,URJZIQLTPCJVMW-QNSCKLTRSA-L
thdp,CXMBCXQHOXUCEO-BYPYZUCNSA-L
gcald,WGCNASOHLSPBMP-UHFFFAOYSA-N
3hcpalm9eACP,NA
ggagicolipa,WLEFLXRCTUWFSD-CCRRCLIHSA-C
arbtn_fe3,KDHHWXGBNUCREU-HOTGVXAUSA-K
25drapp,OCLCLRXKNJCOJD-UMMCILCDSA-L
val__L,KZSNJWFQEVHDMF-BYPYZUCNSA-N
sucglu,JCNBNOQGFSXOML-YFKPBYRVSA-K
12dgr140,NA
bz,WPYMKLBDIGXBTP-UHFFFAOYSA-M
uLa4fn,YYVYMEXYAGAGTM-MOVGJWTDSA-M
chitob,CDOJPCSDOXYJJF-CBTAGEKQSA-N
4h2opntn,HFKQINMYQUXOCH-UHFFFAOYSA-M
lipopb,NA
seln,SPVXKVOXSXTJOY-UHFFFAOYSA-M
ps181,NA
toctd2eACP,NA
gar,OBQMLSFOUZUIOB-HJZCUYRDSA-M
3hhcoa,VAAHKRMGOFIORX-IKTBLOROSA-J
moadamp,NA
fecrm,GGUNGDGGXMHBMJ-OCIDDWSYSA-N
moco,NA
phe__L,COLNVLDHVKWLRT-QMMMGPOBSA-N
tdcoa,DUAFKXOFBZQTQE-QSGBVPJFSA-J
mlthf,QYNUQALWYRSVHF-OLZOCXBDSA-L
4hbz,FJKROLUGYXJWQN-UHFFFAOYSA-M
nadp,XJLXINKUBYWONI-NNYOXOHSSA-K
ahdt,DGGUVLXVLHAAGT-XINAWCOVSA-J
enter,SERBHKJMVBATSJ-BZSNNMDCSA-M
feroxGfe,NA
uama,NTMMCWJNQNKACG-KBKUWGQMSA-K
dhpt,WBFYVDCHGVNRBH-UHFFFAOYSA-M
dhptd,UYTRITJAZOPLCZ-BYPYZUCNSA-N
dsbdrd,NA
sucbz,YIVWQNVQRXFZJB-UHFFFAOYSA-L
trnapro,NA
3oddecACP,NA
mthgxl,AIJULSRZWUXGPQ-UHFFFAOYSA-N
allul6p,GSXOAOHZAIYLCY-NGJCXOISSA-L
trnaala,NA
ddcaACP,NA
salchs2fe,NA
etha,HZAXFHJVJLSVMW-UHFFFAOYSA-O
accoa,ZSLZBFCDCINBPY-ZSJPKINUSA-J
hmfurn,DLVYTANECMRFGX-UHFFFAOYSA-N
adocbi,KQXSPGAEBZWHMC-OCUXTBADSA-N
