reactions,data_type,kcat,MW,kcat_MW
PSSA161,ours,52.39253336357761,141708.5374000001,1330.9933442928846
NNDPR,ours,50.68916636670139,32761.66130000005,5569.955602957311
NNDMBRT,ours,50.68916636670139,36986.591600000014,4933.706811744311
NO3R2bpp,ours,50.68916636670139,23100.314100000003,2785.9741151371823
MPTG2_num1,ours,50.68916636670139,55266.79120000004,1225.5121947065354
RNTR3c2_num1,ours,50.68916636670139,80021.63100000033,1258.88325363586
RNDR4b_num1,ours,40.06616532590313,9684.737199999998,1139.2719900013217
MANGLYCptspp,ours,40.06616532590313,9119.2594,1013.2827425215631
ME1,ours,40.06616532590313,63196.58750000014,2282.3731609440297
RNDR4_num1,ours,40.06616532590313,43516.750900000094,1022.2591006470656
RNDR3b_num1,ours,39.90433439092296,36442.79270000005,1134.6703654176126
RNTR1c2_num1,ours,39.14438434467783,17445.723699999995,972.1645364791871
MDH2,ours,39.14438434467783,60228.898700000136,2339.7370146640233
LIPATPT,ours,36.2082380371544,37925.43480000006,3436.9983527191002
S4FE4SR,ours,33.5750931601135,27582.02920000002,935.8991060388743
EDTXS1,ours,29.743866033750905,35406.449200000025,3024.248975565253
GTHRDabc2pp,ours,29.53487938877255,62919.38320000014,830.8323430689998
5DOAN,ours,29.377234975646303,24353.6853,4342.589000783659
ASNTRS,ours,27.490379667771297,52569.79370000008,1882.5519340772403
CFAS180E,ours,27.26178762351937,43908.510600000045,2235.157469556019
G2PPpp,ours,26.24647503462257,26103.21480000001,3619.7575987706014
MOAT3C,ours,25.906015089758213,32919.69940000006,2833.004432693252
ALAALAabcpp_num1,ours,25.906015089758213,37344.54980000002,471.7914698212275
RFAMPtpp,ours,25.34836670911037,113046.0180000008,436.6596951050969
GLUDy,ours,25.34836670911037,48580.831000000064,1878.3976781458762
HYD3pp_num1,ours,25.184278905519395,66252.6147000002,673.9242936230117
THMabcpp,ours,24.97722191378416,59532.45990000008,745.006287573122
ACCOAC,ours,23.91283007782114,33321.56119999999,639.7134465160267
ACPPAT160,ours,23.91283007782114,38213.97900000004,1837.3521782462071
ACPPAT140,ours,23.91283007782114,8639.416499999992,1837.3521782462071
ACPPAT141,ours,23.91283007782114,38213.97900000004,1837.3521782462071
G1PPpp,ours,23.357643457649854,45682.38450000005,1840.698933908307
O16AP3pp,ours,22.869404490090783,44743.76280000008,1015.6927789628967
G3PIabcpp,ours,22.61139364362209,33263.45020000002,532.9587346131676
O16A4Lpp,ours,22.290496284805624,46877.0785,1711.8342096617698
HACD2_num1,ours,21.987455099184963,79592.95340000032,994.4955548924955
GSPMDA,ours,21.987455099184963,70531.09490000029,1122.268674111644
HISTRS,ours,21.987455099184963,47028.8824000001,1683.111192901018
HCYSMT2,ours,21.987455099184963,33422.42890000004,2368.3149598102896
HISabcpp,ours,21.98625938695349,24648.9665,728.4631190324295
PYDAMK,ours,21.94153179846883,30847.016200000027,2560.6857390144505
IG3PS,ours,21.94153179846883,21652.616999999987,1576.4252049545044
PE180abcpp,ours,21.56539620426343,64459.97920000018,1204.3973221658769
PAPA180,ours,21.56539620426343,29020.883700000028,2675.1572122301795
PEAMNOpp,ours,21.56539620426343,84377.62450000031,920.0949516580436
PAPSR_num1,ours,21.56539620426343,15554.60489999999,1783.4895079439848
PA141abcpp,ours,21.56539620426343,64459.97920000018,1204.3973221658769
PLIPA1G180pp,ours,21.55495283528523,33162.71369999999,2339.9119537984866
ACM6PH,ours,21.55495283528523,31219.584300000024,2485.5497581698028
XAND,ours,21.51123747377913,31556.43520000001,596.6232729891032
LPLIPAL1A140pp,ours,21.48553730602136,23621.8715,3274.420246578553
ACODA,ours,21.207667239012576,42346.84509999999,1802.911217592578
ACGAptspp_num1,ours,21.07698292571409,9119.2594,535.8285621306469
SBTptspp,ours,21.07698292571409,13303.888799999984,542.3826085626848
MSO3abcpp,ours,21.06215425919132,28925.081700000024,831.2172099567457
2AGPEAT161,ours,20.786758185009287,80699.04430000036,927.3013096393398
TREptspp,ours,20.74790518270533,63561.09830000026,525.9612327204356
G3PAT180,ours,20.54452707029096,91380.36490000038,739.4566996428888
PGPP180pp_num1,ours,20.54452707029096,19417.8997,3808.872153822457
TRPS2,ours,20.41822193836196,28723.808900000007,1025.0919815482243
GOFUCR,ours,20.41822193836196,36140.714400000026,2033.872329267044
OP4ENH,ours,20.31761085801563,28889.54260000001,2531.8296001286026
XYLUt2pp,ours,20.109532465039184,17515.65599999999,732.3436372694092
PAPA180pp,ours,19.96193998568493,29020.883700000028,2476.250712808779
QUINDH,ours,19.96193998568493,31227.45460000001,2301.275748183002
FE3DHBZSabcpp,ours,19.911074815490387,34909.797400000025,539.5667100078131
K2L4Aabcpp,ours,19.593935846271048,64459.97920000018,1094.2940088099745
PAPA181,ours,19.11990322441863,29020.883700000028,2371.797231243754
QULNS,ours,19.11990322441863,38240.39070000005,1799.9724989187146
PUNP4_num1,ours,19.087524193454893,29834.296999999995,2303.224610804056
HXAND,ours,19.087524193454893,31556.43520000001,529.4005596581364
MANptspp,ours,18.924191737488403,30955.114399999984,409.619268422039
UAAGDS,ours,18.676223650529053,53342.99120000008,1260.4168538247345
PSERT,ours,18.639087764383596,39782.842400000045,1686.6747548380522
FACOAL140t2pp_num1,ours,18.639087764383596,62758.64560000017,1069.1868078137868
LPLIPAL2ATG161,ours,18.57452389101545,38977.781800000055,1715.5487798347601
BUTSO3abcpp_num1,ours,18.39856153347357,27737.769100000016,726.098612557526
S2FE2SS,ours,18.341038906685892,15800.13859999999,327.4965453068909
SHK3Dr_num1,ours,17.841501834678816,31227.45460000001,2056.8249134479156
GGPTRCS,ours,17.834686886576936,53176.57960000005,1207.3900441629178
CRNDCAL2,ours,17.78211530353032,58558.45330000009,1093.1916996637794
FACOAE181,ours,17.74827450671839,31965.918600000045,1998.8097017861426
TDSR1,ours,17.59095425087229,61794.34410000012,724.4397847242477
THZPSN3,ours,17.46197329233833,43319.625100000085,353.8359017371307
PLIPA2E141pp,ours,17.313792131130988,33162.71369999999,1879.5099893188649
ACKr_num1,ours,17.313792131130988,43383.618700000006,1436.7093741784051
FRUpts2pp,ours,17.112903301981113,35047.13200000002,370.41343843755243
MOCOS,ours,17.112903301981113,44066.74880000004,1398.025803236293
FACOAL161t2pp_num1,ours,17.09079027091776,62331.2346000001,987.0949191066375
GND,ours,17.061949447247663,51480.65060000007,1193.1282393329252
S2FE2SS2,ours,16.938627479722243,12231.265699999987,302.45516680231344
IGPS,ours,16.858334333048283,49491.72400000008,1226.2657004830487
ALATA_L2_num1,ours,16.789073237205614,36494.29420000008,1656.1674908057294
SELCYSS,ours,16.789073237205614,50606.60020000007,1194.3237327754755
PE140abcpp,ours,16.762558089116165,64459.97920000018,936.1655071836888
PLIPA1E141pp,ours,16.69631685472766,33162.71369999999,1812.4795582401202
FMETTRS,ours,16.62061389746403,34168.063900000016,1751.1735580332509
SERt4pp,ours,16.524629703578608,43477.19440000009,1368.2729015486534
ALATRS,ours,16.524629703578608,96031.25700000064,619.4719176994902
VALabcpp,ours,16.52295387160202,26309.936100000006,343.7050142258986
NTRIR4pp,ours,16.519845325608948,35041.793700000024,443.7318561737593
ASP1DC,ours,16.504625223879962,13833.576899999982,4295.103951456543
GLUPRT,ours,16.380225280493686,56487.39320000007,1043.9287010641729
2DGULRGx,ours,16.168833449658422,35395.09920000004,1644.5158153072857
I2FE2SS,ours,16.124498825423743,13848.438099999985,815.6422320661432
DHFR_num1,ours,16.087236028645016,26347.997200000016,2198.0437170807813
COLIPAPabctex,ours,16.087236028645016,26800.322000000026,389.7189760982303
MDDEP1pp_num1,ours,16.087236028645016,51797.71050000005,1118.0812654474757
ASNS1,ours,16.087236028645016,62658.28160000023,924.2840407407829
ILEabcpp,ours,16.087236028645016,39075.92450000002,334.64135596141574
O16GALFT,ours,16.087236028645016,37756.76680000003,1533.8720608651802
FACOAE161,ours,15.993282404891817,31965.918600000045,1801.162587506885
FACOAL180t2pp_num1,ours,15.899113185966444,62758.64560000017,912.0147020744349
AACPS1,ours,15.82987196769284,8639.416499999992,637.8836010088726
GLYBt2pp_copy1_num1,ours,15.82987196769284,52880.51950000005,1077.66602186452
CMtpp,ours,15.82987196769284,113046.0180000008,272.6908264460748
FDMO6,ours,15.82987196769284,41735.731200000046,1365.4376584564106
ADSS,ours,15.82987196769284,47344.38240000002,1203.6811168476497
ARBt3ipp,ours,15.82987196769284,42537.696100000045,1339.6950072172378
MOCDS,ours,15.81730016978087,21513.6153,2646.8020282584084
FRD3,ours,15.81730016978087,15014.85349999998,469.76148973412467
MOBDabcpp_num1,ours,15.81730016978087,24938.51080000001,622.9714578055554
PSP_L,ours,15.81730016978087,35042.29220000001,1624.9587865491035
PSP_Lpp,ours,15.81730016978087,26103.21480000001,2181.4278834042734
PPAKr,ours,15.81730016978087,43383.618700000006,1312.529528829072
POX,ours,15.81730016978087,62010.69860000021,918.2654267212358
POR5_num1,ours,15.81730016978087,128822.93540000058,383.29577750281084
PRASCSi_copy1,ours,15.81730016978087,26994.692700000007,2109.387991336946
PPAt4pp,ours,15.81730016978087,54343.51770000012,1047.8210285458022
PRATPP,ours,15.81730016978087,22755.554000000004,2502.3464869812055
PRFGS,ours,15.81730016978087,141401.06280000033,402.7005135863165
FDMO,ours,15.81730016978087,41735.731200000046,1364.353252572488
FRD2,ours,15.81730016978087,27122.7968,469.76148973412467
FRULYSt2pp,ours,15.81730016978087,47575.973000000056,1196.8705424313878
FRUURt2rpp,ours,15.81730016978087,47137.38670000007,1208.006735155113
PHEMEabcpp,ours,15.713091249433704,17698.109800000002,565.6733038676346
PAPA141pp,ours,15.455207313598278,29020.883700000028,1917.1968332912534
MALTptspp,ours,15.455207313598278,18250.83530000001,377.0647919185963
MCOATA,ours,15.455207313598278,32416.84700000001,1355.1829023348362
DHPTDNR,ours,15.455207313598278,23904.896500000003,2327.5041717479844
MALTTRabcpp,ours,15.455207313598278,57012.69250000002,320.4724464311499
SELtpp,ours,15.446401550502312,30291.46790000002,392.9794937890061
ASPCT_num1,ours,15.43406522533158,34426.94620000002,1077.8944457626126
NADH18pp,ours,15.36231331718064,25055.5645,102.33810474777687
URIH_num1,ours,15.36231331718064,33747.65119999997,1638.760801873238
PRPPS,ours,15.206268283842274,34217.885000000024,1599.8231866707176
DXPS,ours,15.206268283842274,67616.15660000016,809.607770901194
GPDDA4pp,ours,15.201717849570077,40842.87450000001,1339.919996533355
GPDDA5pp,ours,15.201717849570077,40842.87450000001,1339.919996533355
FACOAE140,ours,15.197609308948635,31965.918600000045,1711.5539270695324
LCARS,ours,15.052203362191577,40512.90400000003,1337.5474664538892
LPLIPAL1G120pp,ours,15.052203362191577,23621.8715,2293.9728591737394
LPLIPAL1G140pp,ours,15.052203362191577,23621.8715,2293.9728591737394
ARBTptspp_num1,ours,15.012047614591951,66482.15310000026,388.3471999883666
SCYSDS,ours,14.889990166267845,15800.13859999999,889.9377582653326
MNLptspp,ours,14.78459317890808,9119.2594,378.41337939811206
G3PD6,ours,14.78459317890808,45356.710000000094,358.6030603627393
CBPS,ours,14.73996497826874,41430.510300000045,333.1674546442515
NADH17pp,ours,14.736405364362264,68235.30240000018,98.16853520994188
RNTR2c2_num1,ours,14.736405364362264,80021.63100000033,365.9838040692668
TAURabcpp,ours,14.592039167371698,29811.538600000003,568.6835207616584
MICITDr,ours,14.592039167371698,93497.01500000064,561.8504612424017
O16AP2pp,ours,14.592039167371698,44743.76280000008,648.0723544447816
UDCPDPpp_num1,ours,14.592039167371698,29020.883700000028,1810.1220330012923
URACPAH,ours,14.592039167371698,25208.35700000001,2083.8859510970146
ALAALAD,ours,14.590459665152888,21212.805599999992,2476.129550470703
GLYCTO4,ours,14.590459665152888,45109.64480000002,382.6133845573389
FA161ACPHi,ours,14.590459665152888,22960.8319,2287.6198485887785
3OAS181,ours,14.590459665152888,43045.28340000006,1220.2418161928126
AACPS8,ours,14.590459665152888,8639.416499999992,587.9400016991359
GLYt2pp_copy1_num1,ours,14.590459665152888,51659.05060000008,1016.7754572429234
ADNt2pp_copy2,ours,14.590459665152888,46139.31040000012,1138.4143876270475
FE3DHBZStonex_num1,ours,14.590459665152888,15526.81839999999,350.48212527211916
MMCD,ours,14.590459665152888,29172.249800000016,1800.5349314727987
AST,ours,14.590459665152888,38455.42360000003,1365.8841816671695
ACPPAT120,ours,14.590459665152888,8639.416499999992,1121.0639961953311
MMETt2pp,ours,14.590459665152888,50525.197300000094,1039.5932643799947
DAGK181,ours,14.590459665152888,13244.52499999999,3965.8390764901296
TKT2,ours,14.590459665152888,73041.82930000033,719.1174604734352
TMAOR1pp,ours,14.590459665152888,43606.071400000044,380.4528606138093
DHAPT,ours,14.590459665152888,9119.2594,283.9613607483578
EAR100y,ours,14.590459665152888,27863.63610000001,1885.0969272653679
LPLIPAL2A160,ours,14.590459665152888,38977.781800000055,1347.5793739127125
FHL_num1,ours,14.51269708592533,56766.494200000016,111.73890237837543
PSSA160,ours,14.51269708592533,141708.5374000001,368.6842759646686
RNDR1_num1,ours,14.442189819406638,43516.750900000094,358.94689242583115
FECRMabcpp,ours,14.442189819406638,28886.09530000001,392.96618272967976
MPTS,ours,14.442189819406638,8757.826599999995,2019.9913367642384
PA140abcpp,ours,14.442189819406638,64459.97920000018,806.5761732337597
LPLIPAL2E160,ours,14.43339475961709,38977.781800000055,1333.0728105882476
G3PAT160,ours,14.421598186898672,8639.416499999992,519.0748544550912
RNTR4c2_num1,ours,14.309297566898122,17445.723699999995,355.37643187783704
S2FE2SR,ours,14.282025542140412,46822.17320000006,271.4894532533195
G3PAT161,ours,14.282025542140412,8639.416499999992,514.051232986451
GGGABAH,ours,14.282025542140412,28012.69570000001,1835.4282109202886
PFK_3,ours,14.282025542140412,34841.664300000004,1475.6841552975263
PSSA181,ours,14.282025542140412,141708.5374000001,362.8242369517636
PTRCabcpp_num1,ours,14.282025542140412,40839.16070000006,345.53586160727616
2AGPGAT181,ours,14.185327284812416,80699.04430000036,632.8101982903466
G5SD,ours,14.17128454678961,44629.54760000013,1143.1131864855033
GAMptspp,ours,14.17128454678961,63561.09830000026,306.74130177815016
G3PT,ours,14.17128454678961,30412.456100000025,1677.491097749338
G3PSabcpp,ours,14.17128454678961,48448.15090000003,334.022307467567
GLCTR3,ours,14.151888626513117,39039.85989999997,1304.9944130421243
ARGORNt7pp,ours,14.151888626513117,49500.88480000003,1029.209866879939
APG3PAT181,ours,14.151888626513117,22193.16890000001,2295.6072332440635
ACMUMptspp,ours,14.151888626513117,18250.83530000001,362.01151100989
ADPRDP_num1,ours,14.151888626513117,21152.9129,2408.500394073254
CS,ours,14.151888626513117,48014.47290000005,1061.0717139716255
ACOATA,ours,14.079126020427388,33514.741300000045,1202.3690264199408
SSALy_num1,ours,14.060730094779265,51719.44750000004,978.7155661553676
RBFSa,ours,13.824401089029584,23444.63330000001,2122.781929820437
GALUi,ours,13.824401089029584,32941.8982,1510.7764470144132
G3PD7,ours,13.824401089029584,45356.710000000094,335.31342244035494
CYANST,ours,13.804876729076051,12082.338199999998,4113.239954222916
G6PDA,ours,13.782048105526346,29773.86980000001,1666.4066012639994
PGPP160pp_num1,ours,13.782048105526346,19417.8997,2555.1359285213966
ACOAD1f,ours,13.782048105526346,89223.37480000046,556.0804362210091
DSERt2pp,ours,13.735213494720751,51659.05060000008,957.175325653287
ALAALAr_num1,ours,13.720877180293288,32839.329000000056,1504.1463803677523
APG3PAT120,ours,13.720877180293288,22193.16890000001,2225.691971778569
RNDR3_num1,ours,13.703294705933068,43516.750900000094,349.62960912389417
URIt2pp_copy2,ours,13.703294705933068,46139.31040000012,1069.1937203586579
RNDR2b_num1,ours,13.703294705933068,80478.05370000044,389.6499628106359
MDDEP4pp_num1,ours,13.703294705933068,51797.71050000005,952.3946225646207
MPTSS,ours,13.695233587155167,26718.568499999983,1845.265060280405
AGM4PCP,ours,13.68403639959626,33567.06660000001,1467.585226483464
USHD,ours,13.678799424669418,26893.86810000001,1831.0373853886003
URDGLYCD,ours,13.66626738189558,37966.6857,1295.8350634968406
GLYC3Pt6pp,ours,13.623934275961409,50309.81099999998,974.8826803078448
GLYCAt2rpp_num1,ours,13.623934275961409,49141.49909999999,998.0599756156213
GLYC3Pabcpp,ours,13.623934275961409,48448.15090000003,321.121063416515
GLCTR1,ours,13.623934275961409,42283.61260000006,1159.9331366842814
GLCabcpp,ours,13.623934275961409,35712.139500000005,384.14411327178277
GLYTRS,ours,13.612185103599993,34773.975000000006,439.1579174421266
SARCOX,ours,13.598466522857327,40901.496100000055,1196.8872571946413
CYTDt2pp_copy1_num1,ours,13.598466522857327,43475.232800000056,1126.031451228625
PROTRS,ours,13.598466522857327,63691.83340000015,768.6147009592327
ACACT6r_num1,ours,13.598466522857327,46529.971200000095,1052.1063783139905
PLIPA1A160pp,ours,13.598466522857327,33162.71369999999,1476.190396393477
G3PAT120,ours,13.59205371326808,91380.36490000038,489.21715967442526
SERASr,ours,13.56742999232739,141989.2243000003,343.9891175768506
LPLIPAL2ATG181,ours,13.548258841485714,38977.781800000055,1251.321383028228
TYRL,ours,13.467240928062756,26895.785599999977,1802.5897462919231
ENTERES,ours,13.429947550408546,45651.37860000007,1059.0657426820992
GALt2pp,ours,13.276657853951397,50981.91700000004,937.5082595310214
GLCTR2,ours,13.261428577959764,39422.7038,1211.0063054745408
FEENTERtex_copy1,ours,13.234138204676766,53740.044600000125,886.5436917935914
CRNt2rpp,ours,13.172869420642154,54845.15890000003,864.6584468973382
ARBTNabcpp,ours,13.131516431767285,70422.20310000039,357.3032864247221
MTHFC,ours,13.120219856363049,31043.375400000023,1521.509528983338
BSORy,ours,13.10309762417888,85849.65890000053,549.4623048181228
MDDCP3pp_num1,ours,13.098479911980611,44443.43770000003,1061.0009063977104
GMPS2,ours,13.098479911980611,58678.53230000009,803.6078244433209
AMALT2,ours,13.098479911980611,78502.5889000005,600.6748101415787
3OAS121,ours,13.098479911980611,42612.87280000006,1106.579410978603
LEUabcpp_num1,ours,13.098479911980611,26309.936100000006,272.4702410640114
ASPt2pp_copy1,ours,13.098479911980611,47158.59530000004,999.9137460129175
ADCS,ours,13.098479911980611,50968.933900000055,657.2924961603819
AKGDH,ours,13.098479911980611,105060.48080000044,236.05680962252268
AACPS7,ours,13.098479911980611,8639.416499999992,527.81889525379
PGCD,ours,13.098479911980611,44175.247800000034,1067.4422902304618
SERTRS2,ours,13.098479911980611,48413.47600000005,973.9959114509802
TMAOR1,ours,13.098479911980611,89986.03870000047,202.3453175170954
FEOXAMR3,ours,13.098479911980611,30112.408000000032,1565.9500788887476
2DGULRx,ours,13.098479911980611,35395.09920000004,1332.2332398811345
DSBDR_num1,ours,13.098479911980611,61794.34410000012,609.6337221483144
ACOTA_num1,ours,13.098479911980611,43664.844600000026,1079.9197412723686
DSBAO2,ours,13.044359407590669,23104.262199999983,1085.86793118553
FDH5pp_num1,ours,13.006928415996777,112962.02910000064,274.52258612334475
FEOXAMtonex,ours,12.999035492034045,26093.9289,311.7917159158786
GPDDA4,ours,12.947836990296713,27409.26720000002,1700.6004875996152
U23GAAT,ours,12.91356500314044,36038.10640000001,1289.9910304750522
FA100ACPHi,ours,12.874996402978496,22960.8319,2018.6545179455184
DSBGGT,ours,12.874996402978496,27494.67260000001,1685.7806501293844
DMPPS,ours,12.874996402978496,34774.147200000014,1332.8863763112663
EAR180y,ours,12.874996402978496,27863.63610000001,1663.457952306611
DOXRBCNtpp,ours,12.874996402978496,42196.17500000005,221.7891222862587
DSBAO1,ours,12.874996402978496,20141.9674,1071.7694346866856
3OAR140,ours,12.851128029662291,25560.01369999998,1810.017062188988
UGMDDS,ours,12.847186154812247,47446.580300000096,974.7777366649119
TRDR_num1,ours,12.776396015195315,34622.636500000044,990.6504202479776
GAM6Pt6_2pp,ours,12.77516972208836,50605.9889,908.7977924983915
RHAT1,ours,12.774934249347124,36730.01550000006,1252.1030190594277
CPGNtonex,ours,12.77437614836952,81231.66350000039,308.35398943836856
HACD4_num1,ours,12.727746429429676,79592.95340000032,575.6776848784035
GTHPi_copy1,ours,12.727746429429676,20469.3199,2238.4665132888385
GLCptspp_num1,ours,12.684266540664808,63561.09830000026,309.4614149619104
TSULabcpp_num1,ours,12.567621907301584,41058.39450000002,319.7390459593737
3OAR161,ours,12.485544366543063,25560.01369999998,1758.5264330102866
AGPAT180,ours,12.45965612640106,27452.833700000017,1633.8845943995861
DADNt2pp_num1,ours,12.45965612640106,46388.71720000007,966.9325810769293
NNAM,ours,12.457656137144328,23361.7852,1919.697562056156
LADGMDH,ours,12.430826006037382,26557.68790000001,1685.0478019863526
PAPA141,ours,12.430826006037382,29020.883700000028,1542.0265655705905
2AGPEAT180,ours,12.430826006037382,80699.04430000036,554.5415563457221
PGK,ours,12.410919385140287,41117.70940000005,1086.619620559529
OHPBAT,ours,12.405722165351577,39782.842400000045,1122.6095749072374
SPMDAT2,ours,12.358847799407853,21886.749500000005,2032.8213688317794
S4FE4ST,ours,12.34310935183939,46822.17320000006,311.937862598345
3OAR121,ours,12.24776429825161,25560.01369999998,1725.0363004972032
ASPTA,ours,12.243440162458002,43572.83760000009,1011.5564423293082
GLYCTO2,ours,12.229946351150154,38360.55110000005,320.71238835224216
DHMPTR,ours,12.171835042509391,26347.997200000016,1663.0716111140998
HEPT3,ours,12.161705127504916,38730.219000000056,1130.4387010829355
PPPGO3,ours,12.083795760075027,21226.0465,2049.4473493342293
ETHSO3abcpp,ours,11.96921992293838,34557.29529999999,472.3648619828088
APRAUR,ours,11.96921992293838,40337.85500000001,1068.207313516749
PAPSR2_num1,ours,11.946831663995658,9684.737199999998,1142.0170181813844
G3PAT140,ours,11.931084042164551,8639.416499999992,429.4340774453266
PGP181abcpp,ours,11.89771266179132,64459.97920000018,664.4706702364035
DHPPDA2,ours,11.83027571517134,40337.85500000001,1055.8070719084296
DHPS2,ours,11.83027571517134,30614.766300000025,1391.1258429111963
IPPMIb,ours,11.808496015650777,22487.2053,587.4183804576143
NI2uabcpp_num1,ours,11.793688755740838,29721.31650000002,234.74050676369936
DMQMT,ours,11.738097311240056,26555.14670000002,1591.2979430260189
PE181abcpp,ours,11.67351508934662,64459.97920000018,651.9495482810786
CBItonex,ours,11.661698639059138,68406.2387000002,307.9808208056562
PDXPP,ours,11.653353118139224,30200.954500000007,1389.0975275401047
ALCD19,ours,11.645174262990706,39358.55440000008,1065.1465224232538
ECAP3pp,ours,11.645174262990706,51516.619200000016,460.66151498903974
LPLIPAL1E120pp,ours,11.633730899384142,23621.8715,1772.9937798443661
KDOCT2,ours,11.62798475288047,27614.11420000001,1515.9184468922665
AGM4Pt2pp,ours,11.62798475288047,53244.53680000006,786.1979392854752
EAR60y,ours,11.588691385969527,27863.63610000001,1497.2665031858596
PSSA120,ours,11.588691385969527,141708.5374000001,294.4020858230259
MOAT2,ours,11.550986695540043,47290.47050000007,879.3220212081438
S2FE2ST,ours,11.544376639303916,13299.96739999999,291.7521080989275
PTRCORNt7pp,ours,11.514153560061883,46494.34520000005,891.5267574565764
CBL1tonex,ours,11.48508796695697,15526.81839999999,303.3166032297635
BWCOGDS1_num1,ours,11.470526883094688,77951.0022000005,529.7417045799139
BUTt2rpp,ours,11.470526883094688,47527.18760000007,868.8478924248575
THIORDXi_num1,ours,11.448815990543968,11806.481899999984,1399.980947351234
SUCASPtpp_num1,ours,11.448815990543968,45750.16070000011,900.8872741720924
THMDt2pp_copy2,ours,11.448815990543968,46139.31040000012,893.2889808851191
THMDt2pp_copy1_num1,ours,11.448815990543968,43475.232800000056,948.0279899952193
TMPPP,ours,11.448815990543968,23014.98779999998,1790.8216125996955
SUCCt2_2pp,ours,11.448815990543968,45435.73190000005,907.1216824826417
TMK,ours,11.448815990543968,32396.887600000045,1272.2128765838056
THDPS,ours,11.448815990543968,29891.73429999999,1378.8339328962354
SPMS,ours,11.430066855783986,32321.015900000028,1273.1109940397112
PDH,ours,11.38462367481297,50687.87920000004,189.34887869680233
FE3HOXabcpp,ours,11.349694198833763,70422.20310000039,308.82061932683683
PNTK,ours,11.318795282243512,36359.31270000001,1120.6939842973609
CHLabcpp,ours,11.317059817559729,34424.10630000003,304.7562795966582
HISTP,ours,11.305703609448296,40289.52810000005,1010.2012833953697
PDX5PS,ours,11.29503547103528,35113.360000000015,661.2011268210575
CITt7pp,ours,11.284150208406322,53091.92080000001,765.1435498687543
TAGURr,ours,11.27870834161373,54807.609200000064,740.8341765400228
UPPRT,ours,11.27870834161373,22532.99760000001,1801.9506658896287
TAUDO,ours,11.27870834161373,32409.08780000003,1252.8384100279857
NACODA,ours,11.27870834161373,42346.84509999999,958.8282181099114
PGPP181_num1,ours,11.238875222250472,29020.883700000028,1394.1667393161313
ACHBS_num1,ours,11.23708012485949,11105.639399999996,565.4228500409575
GLYCL,ours,11.23708012485949,104375.18550000065,193.53852720340842
I4FE4ST,ours,11.23708012485949,11555.916299999992,1592.384038284957
CYNTt2pp,ours,11.231951712040622,41360.2142,977.6309660249835
FEOXAMabcpp,ours,11.201866246738277,70422.20310000039,304.79828014128964
ACOLIPAabctex,ours,11.201866246738277,39618.14920000004,271.36916722641433
PLIPA2A141pp,ours,11.201866246738277,33162.71369999999,1216.0258913991652
ACBIPGT,ours,11.201866246738277,20163.7742,1999.9588414483335
ADOCBLS,ours,11.15217844024991,26385.2981,1521.5989689689986
LALGP,ours,11.137900229485869,52914.774700000016,757.7551081616741
DSERDHr,ours,11.137900229485869,27248.61870000001,1471.5036115261546
THRabcpp,ours,11.098764354083674,26309.936100000006,230.87282031129718
AHCYSNS,ours,11.027807548695348,24353.6853,1630.147827166973
AGPAT160,ours,11.003723580206977,27452.833700000017,1442.9623302874227
TMAOR2pp,ours,10.995102831407694,94454.80350000031,286.7022986906162
2AGPGAT141,ours,10.97748213095312,80699.04430000036,489.7076045227843
SELR,ours,10.933598574631846,30523.318500000027,168.9022306447018
3PEPTabcpp,ours,10.913153730326211,33442.79719999999,195.70389237201059
FECRMtonex,ours,10.863661641440952,15526.81839999999,260.57315609224236
GALCTNt2pp,ours,10.851423175071773,47076.14710000002,829.8283915902364
IPMD,ours,10.851423175071773,39516.55920000006,988.5760354929466
MSAR_num1,ours,10.844608226969894,21570.128899999992,1809.9377058934326
GLYCLTt4pp,ours,10.840646474550786,59196.403900000085,659.2685490542573
EAR40x,ours,10.82454411456405,27863.63610000001,1398.5381761582282
GMHEPK,ours,10.82454411456405,51050.00780000004,763.3369805759471
LPLIPAL2ATE140,ours,10.814797989546914,38977.781800000055,998.8580920828296
RZ5PP,ours,10.814797989546914,23308.201100000013,1670.3679788642664
P5CR,ours,10.814797989546914,28144.588799999987,1383.330665764387
PAPA160,ours,10.814797989546914,29020.883700000028,1341.5605522160188
MDH3,ours,10.806794974432435,60228.898700000136,645.9434382444831
PGSA120,ours,10.784055035421636,20700.3721,1875.4541193739162
LYSabcpp,ours,10.76814992208178,28652.6981,358.3993140965166
RNDR2_num1,ours,10.76814992208178,11806.481899999984,274.74152231542416
DHNCOAS,ours,10.765530670096473,31632.758500000007,1225.1827614827614
GALTptspp,ours,10.74425096789009,63561.09830000026,280.38224332884056
PTA2,ours,10.74425096789009,77171.18800000039,501.21430661925444
ADOCBLabcpp,ours,10.701437742210802,29366.459200000005,421.5182248840208
FACOAL160t2pp_num1,ours,10.701437742210802,62758.64560000017,613.8624488091052
SUCptspp,ours,10.683099920226097,49801.345900000015,273.2783762264228
FACOAL120t2pp_num1,ours,10.681688612822454,62758.64560000017,612.7295871114326
PSCVT,ours,10.669518953423117,46095.263000000064,833.2801622657662
ECA4COLIPAabctex,ours,10.669518953423117,26800.322000000026,258.47286597801883
PLIPA1A181pp,ours,10.623106358699218,33162.71369999999,1153.1982345376396
VALTA,ours,10.610445876248342,34093.243900000016,1120.3863518101311
SUCBZL,ours,10.5964230157946,50184.067800000055,760.1440961081381
TMPK,ours,10.5964230157946,35070.44230000001,1087.7285929427971
THFAT,ours,10.5964230157946,45316.05480000002,841.8014989438257
ACACt2pp,ours,10.57788947620679,47527.18760000007,801.2340733232107
PPPNDO,ours,10.565739694376518,11328.653099999983,299.51557711511714
METS_num1,ours,10.562817691723907,135995.43160000033,279.61339026483864
SERAT,ours,10.52299527566707,29316.30439999998,1292.2086793586943
TDPDRR,ours,10.4485660118674,32865.93890000004,1144.4930192675129
CRNabcpp,ours,10.427963676053016,44162.282500000045,318.671602565163
ACLS_num1,ours,10.420638027330536,11105.639399999996,524.3414469941843
2AGPGAT140,ours,10.420638027330536,80699.04430000036,464.86668118310996
AADDGT,ours,10.420638027330536,40639.09220000004,923.1086342620098
ADEt2rpp_num1,ours,10.40325127057342,48867.48370000003,766.3931460842599
ECAP2pp,ours,10.394720735356822,39488.65470000003,411.1958905634868
GLYCK2,ours,10.394720735356822,39103.88370000001,956.9636339544593
NADH10,ours,10.39027733414882,47358.13240000004,789.8326329045805
TRE6PS,ours,10.381453222527565,53610.48960000007,697.1253551301122
PACCOAE,ours,10.381453222527565,27877.14159999999,387.43719546590785
GSNt2pp,ours,10.381453222527565,46388.71720000007,805.6534833668386
MINCYCtpp,ours,10.3528478715987,42196.17500000005,178.34172303720774
PYDXNK,ours,10.34494424432955,30847.016200000027,1207.306374079265
SERTRS,ours,10.323615612722392,48413.47600000005,767.658496692131
AGPAT141,ours,10.312465825520484,27452.833700000017,1352.3149332257717
SLNTtpp,ours,10.312465825520484,41058.39450000002,262.3645116682646
TYROXDApp,ours,10.292403242158416,84377.62450000031,439.1288791469848
PUNP2,ours,10.292088259140918,25949.64089999999,1427.8239099989748
PUNP1,ours,10.292088259140918,25949.64089999999,1427.8239099989748
GSPMDS,ours,10.292088259140918,70531.09490000029,525.3217433451065
HACD5_num1,ours,10.292088259140918,79592.95340000032,465.5125378587491
INSt2pp_copy2,ours,10.269975228077564,46139.31040000012,801.3104335664093
GMHEPAT,ours,10.234909667202452,51050.00780000004,721.7564970074068
2AGPGAT161,ours,10.234909667202452,80699.04430000036,456.5813030567533
DHPPD,ours,10.207697275151942,28499.26899999998,1289.426412675603
ACPPAT180,ours,10.202166723820442,8639.416499999992,783.8876950925267
PPCK,ours,10.202166723820442,59642.74990000014,615.796559805394
AACPS9,ours,10.168923783124248,8639.416499999992,409.76893144824754
3AMACHYD,ours,10.163069074512604,28897.78400000002,1266.0849243057996
PHETRS,ours,10.163069074512604,36831.36340000001,294.5616932564303
E4PD_num1,ours,10.129257329532386,37298.93400000008,977.6506316860559
GLTPD,ours,10.06321334179076,37389.704000000034,968.9182891216979
FCLK,ours,10.062438116597209,52258.08010000006,693.1899746494879
PGPP180_num1,ours,10.00797510640183,19417.8997,1855.4380720715424
FBP_num1,ours,10.007022512130463,35851.92450000001,1004.8353483414722
AACPS3,ours,9.96723985121176,8639.416499999992,401.6418364839591
HACD6_num1,ours,9.943645176731147,79592.95340000032,449.7524103211879
ENTCS,ours,9.85120377727069,23258.283900000013,1524.8043987533604
SPMDabcpp_num1,ours,9.831835379782136,29110.60090000002,249.14106349082664
ACMANAptspp,ours,9.820480700714477,30955.114399999984,212.56697120705135
COLIPAabctex,ours,9.803751432780295,39618.14920000004,237.49934193179755
SDPDS,ours,9.790464042381972,41268.53570000004,854.0567275948941
CDAPPA141,ours,9.768595658322502,28450.435500000025,1236.0775415884575
CDAPPA140,ours,9.768595658322502,28450.435500000025,1236.0775415884575
PPCSCT,ours,9.759947386735284,53823.82450000007,652.7929020028477
ACS,ours,9.753366382330867,72092.70770000026,487.04120148328116
PFL_num1,ours,9.735176877592266,85356.24120000044,308.61716822010163
UDPKAAT,ours,9.72175187325426,42237.04590000007,828.6163484675731
URIK2,ours,9.675368330362073,24352.843600000007,1430.2775709241384
XYLt2pp,ours,9.675368330362073,53607.40820000006,649.7483679746975
PE160abcpp,ours,9.625925170877592,64459.97920000018,537.5945050748516
CPPPGO2,ours,9.590593556385755,52728.41250000009,654.7918885854691
CRNCAL2,ours,9.590593556385755,58558.45330000009,589.6012421316576
I2FE2SR,ours,9.590202121179546,45088.99430000002,585.7860824667748
GTHRDHpp,ours,9.586367279393702,61767.21370000017,558.7255784830268
GRTT,ours,9.586367279393702,32159.26200000001,1073.1254406838477
HSST,ours,9.581092078372505,35726.83990000002,965.4347145922917
FDMO4,ours,9.579718997063218,41735.731200000046,826.3180588394135
THRt2rpp,ours,9.56780468797418,48878.40550000002,704.6894538469966
PYDXPP_num1,ours,9.554350631804464,30370.595700000005,1132.531696587567
VALt2rpp_num1,ours,9.54178800815514,46208.158800000085,743.384668885756
KDOPS,ours,9.520950199599522,30832.3438,1111.6709433733768
4HTHRS,ours,9.51074230336256,47113.25360000006,726.7312205350465
4PEPTabcpp,ours,9.51074230336256,33021.53630000003,243.08688349021418
42A12BOOXpp,ours,9.51074230336256,84377.62450000031,405.77904977764683
2MAHMP_num1,ours,9.51074230336256,30370.595700000005,1127.3625525924476
3OXCOAT,ours,9.51074230336256,42276.08740000004,809.882711428617
TDSK,ours,9.51074230336256,35588.859400000045,962.0615234470025
PLIPA1E180pp,ours,9.51074230336256,33162.71369999999,1032.4448295105967
4PCP,ours,9.51074230336256,33567.06660000001,1020.0078755796078
PHEt2rpp_num1,ours,9.51074230336256,31539.063700000024,1085.595711330682
PLIPA1E161pp,ours,9.51074230336256,33162.71369999999,1032.4448295105967
PHETA1_num1,ours,9.51074230336256,43537.29480000009,786.421674782264
G1PTT_num1,ours,9.498337171221984,32693.1704,1045.9069401357033
ALR2_num1,ours,9.442776307596686,31109.242900000023,1092.7297336235736
SULFACabcpp,ours,9.420250434714283,34557.29529999999,371.7698667988803
UM3PL,ours,9.41187586196266,49873.55650000011,679.373108333782
UAGAAT,ours,9.41187586196266,8639.416499999992,922.7560015693414
UPLA4FNT,ours,9.41187586196266,36338.72350000005,932.4145110123509
UPLA4FNF,ours,9.41187586196266,33111.39300000002,1023.2959121673182
LPLIPAL1G160pp,ours,9.41187586196266,23621.8715,1434.3805529153594
AGM3Pt2pp,ours,9.38077052446288,53244.53680000006,634.2580087590569
PROGLYabcpp,ours,9.374799608524397,35843.97310000002,165.84284568249223
FMNAT,ours,9.320423753824148,34733.8411,966.0182822039493
MDH,ours,9.304038520739176,32336.896699999983,1035.7994146872188
ASR,ours,9.28163038422739,15830.087399999986,831.6043548995787
XANt2pp_num1,ours,9.245976141499186,48867.48370000003,681.1382864265846
GLYK,ours,9.221156702955392,56230.10950000007,590.3627865181263
FA80ACPHi,ours,9.221156702955392,22960.8319,1445.7735797734492
ACACCT,ours,9.219283624331924,22959.42120000001,713.9757897707049
CYSTL_num1,ours,9.199925930149789,43641.356400000026,758.907056989164
URIt2pp_copy1_num1,ours,9.184441303847851,43475.232800000056,760.524707158146
ACNAMt2pp,ours,9.1843434450463,53550.59200000007,617.4280277268763
ADOCBIK,ours,9.179675274403484,20163.7742,1638.920901417977
PSD181,ours,9.16314325311618,35933.97080000004,917.9980663650514
FMNRx_num1,ours,9.16314325311618,21253.0452,1552.1218442248573
GLNabcpp,ours,9.125036424174064,24363.993500000022,419.62535909378676
FE3DCITtonex,ours,9.125036424174064,26287.070799999983,214.3867580480095
GLNTRS,ours,9.125036424174064,63477.14480000018,517.511164538493
GLYCTO3,ours,9.125036424174064,38360.55110000005,239.29068381586535
GLU5K,ours,9.125036424174064,39056.05320000002,841.1021707392241
PROD2,ours,9.113366762088909,143813.43360000025,228.1297339355092
DALAt2pp,ours,9.1107001097466,51659.05060000008,634.903661878132
PLIPA1A141pp,ours,9.108296452933462,33162.71369999999,988.7570579171411
PLIPA2A120pp,ours,9.108296452933462,33162.71369999999,988.7570579171411
BWCOS,ours,9.106403496740928,44066.74880000004,743.9408052782716
ACGAMT,ours,9.053000113881112,40956.754700000034,795.7368851290353
PDE4,ours,9.040055229288225,90259.33490000054,360.5632465771406
SFGTHi_num1,ours,9.0121960517212,31258.9278,1037.9084655039355
PE120abcpp,ours,9.002410171565932,64459.97920000018,502.77206136047374
ACOAD6f,ours,8.980012738360568,89223.37480000046,362.32709119738297
ACACT7r_num1,ours,8.980012738360568,46529.971200000095,694.7789784597584
DNTPPA_num1,ours,8.961517424867115,14926.8881,2161.2986252319806
AACPS2,ours,8.957477691215518,80699.04430000036,360.9522640038112
PLIPA1G160pp,ours,8.957477691215518,33162.71369999999,972.3848289404576
AGM4PApp_num1,ours,8.906074297612435,31411.72830000003,1020.6973384334516
CBIAT,ours,8.906074297612435,21998.62850000001,1457.4484709992146
ILETRS,ours,8.895982608702315,104295.61110000077,307.06505339540695
CHOLD,ours,8.866505702822124,61876.90950000016,515.8535031579036
ADNt2pp_copy1_num1,ours,8.860917047827204,46388.71720000007,687.6521554723631
NADPHQR4,ours,8.852404861135897,21890.6384,1455.8121566746645
AACPS4,ours,8.841450791537095,80699.04430000036,356.27682147769235
MOGDS_num1,ours,8.835793329572331,77951.0022000005,408.0621812256852
OXCOAHDH,ours,8.824368314491059,73001.7750000003,435.1637468016042
OXDHCOAT,ours,8.792440351440728,28404.29799999998,447.8298340629394
ADMDC,ours,8.79078286798943,30384.30650000002,1041.5514444853932
CLIPAabctex,ours,8.759333495640442,20126.6397,212.19794843225475
GLYBabcpp,ours,8.719923921402657,41138.05670000002,234.81819620050365
CRNt7pp,ours,8.719923921402657,56586.61990000004,554.7552791194291
ARGAGMt7pp,ours,8.719923921402657,46842.07010000004,670.1609482679447
ARBabcpp,ours,8.719923921402657,35540.48779999998,251.59957227867505
MOHMT,ours,8.704830730306933,28237.1171,1109.7942654034239
METSOXR2_num1,ours,8.696564719663282,15451.016599999992,1009.7405398175242
OPHBDC,ours,8.684532674203627,55603.08950000008,409.76665957895807
PLIPA2A181pp,ours,8.648936535138846,33162.71369999999,938.8909426462242
ACPPAT181,ours,8.648936535138846,8639.416499999992,664.544611852087
FEENTERtonex,ours,8.641395291244194,26287.070799999983,207.3745503754181
PSSA140,ours,8.641395291244194,141708.5374000001,219.52822052398855
PPPGO,ours,8.641395291244194,21226.0465,1465.6060914819489
PDE1,ours,8.6382286415877,90259.33490000054,344.53636451198287
ISETACabcpp_num1,ours,8.59727779122546,34265.6565,335.05462445662647
TKT1,ours,8.589225846710205,73041.82930000033,423.33568784478126
PGP120abcpp,ours,8.560377377821235,64459.97920000018,478.0851458940024
R5PP,ours,8.560377377821235,30412.456100000025,1013.313704714445
LPLIPAL2ATG140,ours,8.54848141725749,38977.781800000055,789.540391498803
LALALGLUtpp_num1,ours,8.548314751486096,53990.52470000011,569.9876649902216
LPLIPAL1E180pp,ours,8.548314751486096,23621.8715,1302.7728605394345
GP4GH,ours,8.547374389564926,31296.348000000005,983.1993113839904
GALabcpp_num1,ours,8.511620758991397,56414.61080000001,239.9959470398806
PGPP141pp_num1,ours,8.509354716117942,19417.8997,1577.5999181839727
CINNDO,ours,8.504579512410928,11328.653099999983,241.08620072638215
ACOAD4f,ours,8.498626944997731,89223.37480000046,342.9040548014743
PLIPA1A180pp,ours,8.498626944997731,33162.71369999999,922.5739871219237
ILETA,ours,8.485241695797857,34093.243900000016,895.9801594260225
CYTBD2pp,ours,8.444408581806234,57919.16590000007,302.9610434373289
SUCDi,ours,8.434827593516719,64421.13070000015,256.55733287004733
TDPADGAT,ours,8.41820688769051,24220.0712,1251.257461030331
UAMAGS,ours,8.41820688769051,46973.09410000008,645.1681622498396
OGMEACPS,ours,8.375491520812771,33514.741300000045,899.656936183062
ACt4pp,ours,8.375118434131853,59196.403900000085,509.32868175248444
CYANSTpp,ours,8.36010475331239,11475.176599999995,2622.737597949004
GLUABUTt7pp,ours,8.35058339773007,55075.9979,545.8294243966526
DHCINDO,ours,8.35058339773007,34195.63700000003,879.120930890342
PTAr_num1,ours,8.305337463405932,77171.18800000039,387.4401268548724
PAPA181pp,ours,8.29550265384989,29020.883700000028,1029.045492293523
2DGULRGy,ours,8.291403287491098,35395.09920000004,843.3103031102091
G3PAT141,ours,8.280440043629651,8639.416499999992,298.0368857021581
SUCMALtpp_num1,ours,8.275889609357453,45750.16070000011,651.2152555933374
PGPP181pp_num1,ours,8.239293475664306,19417.8997,1527.5316574218116
EAR181x,ours,8.23557637024908,27863.63610000001,1064.041851052479
DAGK180,ours,8.23557637024908,13244.52499999999,2238.5155324858165
3OAS120_num1,ours,8.23557637024908,43045.28340000006,688.7647749322668
GUAt2pp,ours,8.233027454277387,48867.48370000003,606.5157563125882
MTHFR2,ours,8.232154370282284,33102.3431,895.2766770463516
MCITS,ours,8.15800033436198,43101.66680000005,681.3843497046172
DASYN120,ours,8.14707531659489,31453.38050000001,932.4743691617374
PROabcpp,ours,8.14707531659489,44162.282500000045,248.96917826060687
ANPRT,ours,8.138946919890921,56869.27080000013,515.2204081295738
XYLabcpp,ours,8.122569332024819,56469.7561,219.4733304489436
TALA_num1,ours,8.122569332024819,35658.36250000007,820.0390468095469
GLGC,ours,8.122011231047214,48697.10570000008,600.4307650622842
EAR100x,ours,8.050906108412786,27863.63610000001,1040.1823324948612
ICYSDS,ours,8.028803780655853,45088.99430000002,641.0365557956359
FUSAtpp,ours,8.025999514373858,53740.044600000125,138.25863185104376
FACOAE60,ours,8.022144795018948,31965.918600000045,903.4535069506237
MAN6Pt6_2pp,ours,7.986568533523233,50605.9889,568.1471174784936
LPLIPAL2E141,ours,7.952903576745343,38977.781800000055,734.5326376752203
ALATA_D2_num1,ours,7.945313403449915,45316.05480000002,631.1919336018564
ALPATE160pp,ours,7.945313403449915,8323.394100000001,437.4337088369974
PLIPA2G181pp,ours,7.943333291762247,33162.71369999999,862.2937226739709
MOAT,ours,7.943333291762247,47290.47050000007,604.6884192100405
BTS5,ours,7.942097824392645,38647.68880000006,739.7997928355674
LPLIPAL2G180,ours,7.942097824392645,38977.781800000055,733.5346150409587
ASCBptspp,ours,7.942097824392645,63561.09830000026,188.6606782781302
TDP,ours,7.941753789543436,17432.713799999987,1640.0380325383642
PLIPA2E180pp,ours,7.941753789543436,33162.71369999999,862.1222587811436
THRD,ours,7.941753789543436,37238.64480000004,767.7592403243509
AOXSr2,ours,7.941753789543436,41593.77420000007,687.3700257370806
AP4AH,ours,7.941753789543436,31296.348000000005,913.5351397024459
PLIPA2E181pp,ours,7.941753789543436,33162.71369999999,862.1222587811436
PLIPA2G160pp,ours,7.939449520575626,33162.71369999999,861.8721173615011
PLIPA2G120pp,ours,7.939449520575626,33162.71369999999,861.8721173615011
ARGabcpp_num1,ours,7.939449520575626,26869.45490000002,264.25089574979745
ASCBPL,ours,7.939449520575626,40060.19960000004,713.4766815807933
AGM4PA,ours,7.932408273995157,20535.930799999995,1390.5709979497287
ALPATG160pp,ours,7.908539900678953,57065.09260000003,435.4091229097708
ADSK,ours,7.908539900678953,22321.03750000001,1275.5116621458217
LPLIPAL2E140,ours,7.897076659503323,38977.781800000055,729.3764463069555
SOTA,ours,7.872188413989687,43664.844600000026,649.0319283161461
PMEACPE,ours,7.850057034401043,28504.66440000001,991.4238921488143
LYSTRS_num1,ours,7.79482797327476,57825.887800000135,485.2736684448979
HEPT2,ours,7.764919877050227,39041.68640000002,715.9965189767213
IDOND2,ours,7.753299144365849,37146.21520000005,751.405675367891
MLTG1,ours,7.736598928263377,69040.17260000018,403.41376756274343
PLIPA2E161pp,ours,7.7358726324706035,33162.71369999999,839.7726955889674
ALAabcpp,ours,7.7358726324706035,39075.92450000002,160.91906046913468
FEOXAMR2,ours,7.717261111650306,30112.408000000032,922.6143589028507
FA140ACPHi,ours,7.706817742672109,22960.8319,1208.342275857156
DHBS,ours,7.696765808900121,59111.4352000001,468.7478288810079
UHGADA,ours,7.679447859112848,33955.52710000002,814.1829815036573
CTBTt2rpp,ours,7.677898937769522,54845.15890000003,503.9722143273846
AGPAT120,ours,7.677898937769522,27452.833700000017,1006.8336288348355
FCLT,ours,7.677516676825958,35883.96540000001,770.2342739571765
GLUabcpp,ours,7.672535052209417,33419.769799999995,245.52688467773848
AMPTASEPG_num1,ours,7.672535052209417,54879.20500000006,503.3076952910282
HKNDDH,ours,7.670113046870989,31937.101000000024,864.5871448612552
PLIPA2A140pp,ours,7.620758571925413,33162.71369999999,827.2764137191672
ADNK1,ours,7.620758571925413,23585.735300000008,1163.1916711509723
MECDPDH5_num1,ours,7.584378033404437,19699.9514,452.17565125404343
VPAMTr_copy1,ours,7.529080165308311,46710.69499999998,580.2672941413081
2AGPGAT160,ours,7.513008386197061,80699.04430000036,335.156759598816
MALTPTabcpp,ours,7.498347914489453,40989.96800000002,155.48247600884986
OROTt2_2pp,ours,7.498347914489453,45435.73190000005,594.1150579806551
HACD1_num1,ours,7.490542146021854,79592.95340000032,338.79822991564686
NNATr,ours,7.457907764747816,24527.63980000001,1094.6209326301394
PGP161abcpp,ours,7.430675495128239,64459.97920000018,414.99287021894634
GLNS_num1,ours,7.4271067069591155,51903.16590000002,515.1436079365017
ADPT,ours,7.394579358749275,19858.61569999999,1340.5005713211622
UGLCURPpp,ours,7.382282788716673,60823.23910000007,436.9418405304888
PUNP3_num1,ours,7.382282788716673,29834.296999999995,890.7941768958063
HOMt2pp_num1,ours,7.382282788716673,31168.089,852.6739653297326
VALTRS,ours,7.368818029240536,108191.08910000084,245.19343622418276
AACPS6,ours,7.35137316882,80699.04430000036,296.2323636512876
TDSR2,ours,7.346058212660671,61794.34410000012,296.1821122348453
CSNt2pp,ours,7.328651578334491,43649.06769999997,604.4377823447576
CDAPPA181,ours,7.311128736681468,28450.435500000025,925.1198791685723
PRAGSr,ours,7.311128736681468,45939.83690000002,572.9246168057962
FRUK,ours,7.31042231845776,33755.29100000004,779.6561536515239
APG3PAT140,ours,7.280532570758519,22193.16890000001,1180.9903025939957
APG3PAT160,ours,7.280532570758519,22193.16890000001,1180.9903025939957
LPLIPAL2A181,ours,7.24926209653112,38977.781800000055,669.5440926171945
LIPACabcpp,ours,7.24926209653112,64459.97920000018,404.86118474440894
LPLIPAL2A180,ours,7.24926209653112,38977.781800000055,669.5440926171945
LPLIPAL2A120,ours,7.24926209653112,38977.781800000055,669.5440926171945
LEUTRS,ours,7.24926209653112,97232.6634000005,268.4009944287086
TRSARr_num1,ours,7.235915073425602,30800.236500000025,845.7498131331603
HACD8_num1,ours,7.235915073425602,79592.95340000032,327.2814131348977
HBZOPT,ours,7.235915073425602,32511.3528,801.2368609998955
LPLIPAL1A180pp,ours,7.2032011818753015,23621.8715,1097.7760273884771
ENLIPAabctex,ours,7.202230239078646,39618.14920000004,174.4765719480685
MTRPOX,ours,7.200485600132215,40901.496100000055,633.7603909915642
UPPDC1,ours,7.200485600132215,39247.675600000046,660.465817763637
SUCFUMtpp_num1,ours,7.199838814615703,47934.68860000006,540.7236489821798
2AGPEAT160,ours,7.199838814615703,80699.04430000036,321.1862043404201
3OAR100,ours,7.199838814615703,25560.01369999998,1014.0612613449636
2AGPEAT141,ours,7.199838814615703,80699.04430000036,321.1862043404201
ACPS1_num1,ours,7.186540720910961,21767.54170000001,1188.5378216723227
PLIPA2E120pp,ours,7.186540720910961,33162.71369999999,780.1396118942903
PG180abcpp,ours,7.169851208114909,64459.97920000018,400.4261973018694
ULA4NFT,ours,7.1594858203691984,74287.98030000034,346.9491140995388
TRPTRS,ours,7.140589897406889,37437.38430000006,686.6431539306221
TYRTRS,ours,7.140589897406889,47526.39420000008,540.8810001972495
TYRTA_num1,ours,7.140589897406889,43537.29480000009,590.4391567908061
SHSL1,ours,7.130489034234125,41549.89720000007,617.8056325791056
LPLIPAL2G141,ours,7.130489034234125,38977.781800000055,658.5741757947553
AMANK,ours,7.130489034234125,29643.512499999983,865.9486801114701
ALDD3y,ours,7.12398754010597,56305.69130000003,455.4842423963185
PANTS,ours,7.123174088818064,31597.307000000023,811.5700087904646
LYSDC,ours,7.118799494579904,80589.37580000047,318.003184986668
DAGK140,ours,7.118799494579904,13244.52499999999,1934.9639326806869
CYNTAH,ours,7.118034972692774,17048.62789999999,1503.049163369564
FACOAE120,ours,7.09970785401449,31965.918600000045,799.5687092330932
DAPDC,ours,7.096461694081735,46176.70660000005,553.2499820741702
3OAS180_num1,ours,7.091902085546891,43045.28340000006,593.1160278519335
FA160ACPHi,ours,7.091902085546891,22960.8319,1111.9304221711934
CRNBTCT,ours,7.08992044481545,45126.25319999997,565.6067541928262
CPPPGO,ours,7.08992044481545,34322.20930000003,743.6500773665405
LGTHL,ours,7.085438817513093,14919.668699999982,1709.6612703636754
LPLIPAL2ATE120,ours,7.085438817513093,38977.781800000055,654.4133238245769
LDH_D2,ours,7.085438817513093,64611.55530000015,394.7835588326578
LPLIPAL2A140,ours,7.085438817513093,38977.781800000055,654.4133238245769
ASPt2_3pp_num1,ours,7.079732426147553,45750.16070000011,557.0917422838938
FDMO3,ours,7.0732202287129775,41735.731200000046,610.1149324865953
G3PAT181,ours,7.0732202287129775,8639.416499999992,254.5855676441883
ACANTHAT,ours,7.067680503118833,32274.188200000048,788.3590953103434
FRUptspp,ours,7.047646971588474,9119.2594,149.37945155564887
GLUNpp,ours,7.037221951135567,36850.245900000045,687.4852095379915
DMSOR1,ours,7.02147432930446,22751.54820000001,108.46773535162164
DHORD5,ours,7.008793969284518,36774.0758,686.1262381317076
MALt2_2pp,ours,6.995899543136181,45435.73190000005,554.3046695213513
OPMEACPR,ours,6.98286750304816,25560.01369999998,983.5019380671692
ORNabcpp,ours,6.98286750304816,26869.45490000002,232.41271171264344
ACALD_num1,ours,6.9789638542924735,33442.10610000002,751.2765434188037
ACONMT,ours,6.9789638542924735,29005.612100000017,866.1865086257874
OPMEACPS,ours,6.975061734580561,42612.87280000006,589.263773938517
GLYCLTDx_num1,ours,6.947054239767434,35395.09920000004,706.5779113048152
PLIPA2A161pp,ours,6.944025204050624,33162.71369999999,753.8131818983876
GTHRDabcpp,ours,6.940210239833845,34066.01499999999,183.14979215757612
DHFS,ours,6.940210239833845,45405.13430000011,550.2628116530377
AGM3PApp_num1,ours,6.940210239833845,31411.72830000003,795.3958032739579
O16GLCT1,ours,6.940210239833845,43187.61680000003,578.516684055644
MDDEP3pp_num1,ours,6.940210239833845,51797.71050000005,482.3525330024348
CRNCBCT,ours,6.929618553609544,45126.25319999997,552.8184820137998
SDPTA,ours,6.92454977349787,43766.45330000008,569.5773201844594
GLYCDx,ours,6.910046793299011,38711.74710000004,642.5999940435759
G6Pt6_2pp,ours,6.908507046218331,50605.9889,491.4561676787229
LALADGLUtpp_num1,ours,6.887531623723027,53990.52470000011,459.24935871947264
RMNtpp,ours,6.887531623723027,37319.3743,664.4032573022774
DHCIND,ours,6.879332891005443,28499.26899999998,868.9906540276389
K2L4Aabctex,ours,6.877166235977317,40357.1724,166.60178163421546
PERD,ours,6.836382051386471,41367.13700000006,594.9402634509432
PGPP120pp_num1,ours,6.836382051386471,19417.8997,1267.4375583983108
G3PGabcpp,ours,6.832998277514032,48448.15090000003,161.05624328136162
OAADC,ours,6.822692522475517,22283.75649999999,1102.2240833098258
APH120,ours,6.808993819301919,10299.637399999994,2379.9262825977657
CSND,ours,6.808993819301919,47590.40320000001,515.0697640966173
ALDD19xr,ours,6.808993819301919,53698.50160000009,456.48159667618853
ARGSS,ours,6.808993819301919,49897.83170000005,491.25136131891037
FACOAL60t2pp_num1,ours,6.777377781181538,62331.2346000001,391.4339282516554
SPMDAT1,ours,6.750725019152406,21886.749500000005,1110.3800529607495
PLIPA1A161pp,ours,6.748469679585372,33162.71369999999,732.5845244838133
TTRCYCtpp,ours,6.741066049630403,42196.17500000005,116.12392544632866
PG120abcpp,ours,6.739938379846886,64459.97920000018,376.4161650155903
ALLTN,ours,6.738045423654352,49601.06460000006,489.04118733684675
GALCTNLt2pp,ours,6.723365838899565,49439.95240000006,489.56594505213167
I4FE4SR,ours,6.723365838899565,13848.438099999985,1747.7867789320198
ATHRDHr,ours,6.719796286208554,27248.61870000001,887.7979062605028
PG160abcpp,ours,6.685807936672409,64459.97920000018,373.3930552062698
FEOXAMR1,ours,6.658017566075227,30112.408000000032,795.9796253381925
PSSA141,ours,6.658017566075227,141708.5374000001,169.14198451017816
PROt2rpp,ours,6.658017566075227,54845.15890000003,437.02787481341045
AIRC2,ours,6.658017566075227,39460.63929999998,607.4119340958276
METabcpp,ours,6.63681660962322,29431.25730000001,264.07896563719777
NOVBCNtpp,ours,6.63681660962322,113046.0180000008,114.32808868844977
OCBT_num1,ours,6.636267682908261,36906.69700000006,647.3232665190739
HMPK1_num1,ours,6.6034268807246965,28633.28150000001,830.2344518426539
ALR4x,ours,6.598562992478775,38711.74710000004,613.633549308953
METDabcpp,ours,6.5664377827815645,29431.25730000001,261.2785917699803
GLUN_num1,ours,6.51871097493369,50968.933900000055,460.4247668943544
TUNGSabcpp,ours,6.513621552731064,24938.51080000001,256.54190479681415
ACACT2r_num1,ours,6.513621552731064,46529.971200000095,503.95555778533947
GDPMNP,ours,6.513621552731064,21748.40270000001,1078.195852508829
NADPHQR3,ours,6.513621552731064,21890.6384,1071.190212060322
PFK_num1,ours,6.513621552731064,34841.664300000004,673.017149465843
GALS3,ours,6.513621552731064,50656.53130000002,462.90255151820514
2AGPGAT180,ours,6.505295909380217,80699.04430000036,290.20251078448865
EDTXS3,ours,6.50115755240518,35493.01739999999,659.4020149061391
DPR_num1,ours,6.50115755240518,33870.375600000014,690.9922542653657
EAR60x,ours,6.50115755240518,27863.63610000001,839.9538059090083
EAR161y,ours,6.50115755240518,27863.63610000001,839.9538059090083
DMATT,ours,6.50115755240518,32159.26200000001,727.7582174820628
GARFT,ours,6.479417608022748,23237.995899999987,1003.7829204058819
PTRCTA,ours,6.479417608022748,49660.81040000007,469.7044450342249
GAPD,ours,6.479417608022748,35532.06830000002,656.4746862450977
DHDPRy,ours,6.477642388200831,28756.2878,810.9361249863063
CGLYabcpp,ours,6.415745931696885,60292.95670000003,113.49635266027404
MDDCP1pp_num1,ours,6.414451596141974,44443.43770000003,519.5823487369676
PYROX,ours,6.414451596141974,42218.44650000007,385.07535735762224
BPNT,ours,6.4003010605330815,27175.541600000004,847.8610714392935
CBL1abcpp,ours,6.392976176332487,29366.459200000005,251.81251664384277
3OAS141,ours,6.354722559188042,42612.87280000006,536.8565813539077
OMMBLHX,ours,6.337914545499485,42952.99130000003,531.1968194354401
GCALDD,ours,6.336805988763147,52272.17150000008,436.4177133821062
G2PP,ours,6.336708129961594,29171.7701,781.9940027520557
APH160,ours,6.321136348164527,10299.637399999994,2209.4069887734404
FOMETRi,ours,6.3120951123273255,21105.174099999986,1076.6811160481443
APH140,ours,6.306534744642228,10299.637399999994,2204.303336029289
TDPAGTA,ours,6.3043573863076805,41900.5557,541.6559807274263
UPP3MT_num1,ours,6.3043573863076805,42962.4918000001,528.2674640093292
LIPAabctex,ours,6.2982779082612215,26800.322000000026,152.5780073854245
DURIK1,ours,6.2982779082612215,23456.312000000016,966.6396179305757
3OAS161,ours,6.293296283644682,42612.87280000006,531.6671966110865
HSTPT,ours,6.292158675076632,39359.66870000007,575.5071619867531
CBLAT,ours,6.272654192692167,21998.62850000001,1026.4983152786906
PG181abcpp,ours,6.2663981100897805,64459.97920000018,349.9696009260137
PYNP2r,ours,6.254326309491995,27158.7802,829.034829560246
MCPST,ours,6.254326309491995,30811.44880000002,730.7535215342151
MALTHXabcpp,ours,6.251119904697371,43387.08860000004,129.62049930124246
FEENTERabcpp,ours,6.251119904697371,34909.797400000025,169.3979974510404
MALTTTRabcpp,ours,6.251119904697371,32225.00920000001,129.62049930124246
PGSA180,ours,6.25077663437005,20700.3721,1087.0720475470187
PG161abcpp,ours,6.237891382484358,64459.97920000018,348.37753991927485
LPLIPAL2E161,ours,6.234106234621176,38977.781800000055,575.7839827774962
BMOCOS,ours,6.223966380832169,44066.74880000004,508.4622664741673
PGL,ours,6.206923658924263,36307.20400000005,615.4405382504067
DPCOAK,ours,6.18394748265034,22621.4247,984.1206392955977
EAR40y,ours,6.18394748265034,27863.63610000001,798.9700575202824
EAR161x,ours,6.18394748265034,27863.63610000001,798.9700575202824
EAR160x,ours,6.18394748265034,27863.63610000001,798.9700575202824
DXPRIi,ours,6.18394748265034,43387.53750000009,513.1015084122065
ASNt2rpp,ours,6.175759453239176,54232.43370000004,409.9527259766146
MALDt2_2pp,ours,6.175759453239176,45435.73190000005,489.3226784723811
MDDCP4pp_num1,ours,6.15962804142073,44443.43770000003,498.94117324579986
PGSA160,ours,6.138878152882129,20700.3721,1067.611791885406
G3PD5_num1,ours,6.138878152882129,58957.58900000012,148.89963262283544
SGDS,ours,6.135034136833639,35799.75100000005,616.9350980290636
3OAS60_num1,ours,6.120364490863385,43045.28340000006,511.8635638279514
SUCCt2_3pp_num1,ours,6.099222402596687,47934.68860000006,458.06494817508934
ACMAMUT,ours,6.088523683308187,27927.842400000016,784.8327466897142
LDH_D_num1,ours,6.052525405730776,64611.55530000015,337.2321152069643
BUTCT,ours,6.028676909983638,23525.938000000024,466.8832778631315
PE161abcpp,ours,6.007740478104578,64459.97920000018,335.5239326725755
PGP180abcpp,ours,6.001836840092159,64459.97920000018,335.1942227175232
PGPP140pp_num1,ours,5.999630429925901,19417.8997,1112.3071949811977
PETNT161pp,ours,5.999630429925901,63803.6360000002,338.51784791282387
ALAt4pp,ours,5.9862451807260255,51662.291000000056,417.1414436617545
MALTATr,ours,5.978067090099395,20095.759199999982,1070.9245323937719
G3PCabcpp,ours,5.974301055283391,48448.15090000003,140.81643886289436
GALT1,ours,5.974301055283391,40825.44170000001,526.8157037237935
AACPS5,ours,5.944578737877431,80699.04430000036,239.5439015259894
PLIPA1A140pp,ours,5.944578737877431,33162.71369999999,645.3176193587184
PLIPA1A120pp,ours,5.944578737877431,33162.71369999999,645.3176193587184
MOADSUx,ours,5.942970948348797,8757.826599999995,397.325135569065
MLTP2,ours,5.916621701508856,90521.26860000048,235.30202851611128
OBTFL_num1,ours,5.916621701508856,85356.24120000044,166.60772795616464
EAR140x,ours,5.899637083264372,27863.63610000001,762.236968051407
LPLIPAL2A161,ours,5.888703655756522,38977.781800000055,543.8824936087935
INSH,ours,5.88084819336626,32560.414300000022,650.2083573340319
OCTDPS,ours,5.877965181329892,35216.580200000026,600.8725018901068
TARTRt7pp,ours,5.877965181329892,52905.79020000004,399.9689745261115
HCYSMT,ours,5.85223443269664,33422.42890000004,630.356459751729
ADOCBLtonex,ours,5.841682501610468,15526.81839999999,154.27651043100394
FORCT,ours,5.829199388237408,45827.64540000004,457.9139428720169
METAT,ours,5.813892131013287,41951.13200000005,498.9141096752242
ALATA_L_num1,ours,5.8112637047653335,45516.83090000005,459.62227429931147
2AGPEAT181,ours,5.791013813540917,80699.04430000036,258.3382481116596
PLIPA1E120pp,ours,5.791013813540917,33162.71369999999,628.6472789091233
PGLYCP,ours,5.7832478002114485,27388.82999999999,760.1526637231756
PGSA141,ours,5.78150239674313,20700.3721,1005.4606036900788
MLTP3,ours,5.78150239674313,90521.26860000048,229.92837981807907
O16A4COLIPAabctex,ours,5.78150239674313,40357.1724,140.05893805226742
THRt4pp,ours,5.78150239674313,43477.19440000009,478.72014088092175
GLUCYS,ours,5.78150239674313,58268.61490000007,357.19758679685447
XPPT,ours,5.78150239674313,16970.386399999978,1226.4546096767303
SGSAD,ours,5.78150239674313,53025.6779000001,392.5156537843192
TARTt2_3pp,ours,5.78150239674313,47934.68860000006,434.2034805306994
D_LACt2pp_num1,ours,5.74420901908892,59167.439600000165,349.5022365091501
LPLIPAL2G120,ours,5.74371896055927,38977.781800000055,530.4916622529131
LYSt2pp,ours,5.738698345326486,53575.23990000002,385.61309443945845
BSORx,ours,5.711907969357671,85849.65890000053,239.5218449690018
PDX5POi,ours,5.710279537738083,25544.8351,804.7421819472656
CBIuabcpp,ours,5.7089462115669285,29366.459200000005,224.86930551080385
5DGLCNt2rpp,ours,5.7081518733262,46040.72780000005,446.32975467373683
PSSA180,ours,5.7081518733262,141708.5374000001,145.0113530278685
GAL1PPpp,ours,5.7081518733262,45682.38450000005,449.8308695767467
PLIPA1G141pp,ours,5.7081518733262,33162.71369999999,619.6521469826012
PLIPA2E140pp,ours,5.698856051700584,33162.71369999999,618.6430330073412
PPGPPDP,ours,5.698856051700584,79341.5360000004,258.5768163868418
APH181,ours,5.698561710774039,10299.637399999994,1991.8004257884413
DKGLCNR2x,ours,5.691442482961083,35395.09920000004,578.8709002589792
AICART,ours,5.691442482961083,57328.55670000012,357.3994204298511
DHPTDNRN,ours,5.691442482961083,23904.896500000003,857.1128069372689
I2FE2SS2,ours,5.671408186908836,12231.265699999987,286.8827169521008
TMDPP,ours,5.663935749984026,47206.60120000011,431.93469094619866
DKGLCNR1_num1,ours,5.655090996271817,29436.42240000003,691.603324274166
HXCT,ours,5.652393763054022,22959.42120000001,437.74250424625006
ASPO3,ours,5.579641860274715,60336.71520000015,332.91024594903575
FLDR2_num1,ours,5.571110560536229,27750.610100000027,422.34437696736063
GLYOX,ours,5.557146568267797,28434.035000000044,703.583844001178
EAR181y,ours,5.557146568267797,27863.63610000001,717.9869696103324
FACOAE100,ours,5.557146568267797,31965.918600000045,625.8455418128995
ALLK,ours,5.527158961767003,33820.571000000025,588.3334217616017
ACOAD5f,ours,5.485581203457316,89223.37480000046,221.3331694380858
AB6PGH,ours,5.482688252636415,55360.13120000004,356.53235065835753
APG3PAT141,ours,5.482688252636415,22193.16890000001,889.358243449906
DASYN141,ours,5.472431426998677,31453.38050000001,626.3477191965179
P5CD,ours,5.439060811147332,143813.43360000025,136.15292000183746
QMO3,ours,5.439060811147332,11532.275999999994,1697.8971817991876
PLIPA1E140pp,ours,5.430048627141841,33162.71369999999,589.4624678350925
GLCt2pp,ours,5.420605252792009,50981.91700000004,382.76667607558227
LPLIPAL1A161pp,ours,5.419918712137366,23621.8715,826.00175704514
PE141abcpp,ours,5.416143503058717,64459.97920000018,302.48406612907075
UDPGDC,ours,5.407700123337252,74287.98030000034,262.0574737043163
ASPTRS,ours,5.399737627882791,65912.69070000024,294.9212853235557
ASPK_num1,ours,5.399737627882791,89119.2202000006,218.1241646499272
CHLt2pp_num1,ours,5.3909708554030695,75841.25630000028,255.89627633121074
CFAS160G,ours,5.387950993948905,43908.510600000045,441.7508886811578
PGPP161pp_num1,ours,5.377791262590833,19417.8997,997.0207305853472
LYSt3pp,ours,5.373830274693611,23175.4283,834.7543242122952
CPGNabcpp,ours,5.331369493604289,28886.09530000001,145.06442200392146
BWCOGDS2_num1,ours,5.32559353074702,77951.0022000005,245.95112531714378
DSBCGT,ours,5.320553037945171,25621.389599999995,747.5781460581911
AGPR,ours,5.320553037945171,35951.692100000015,532.7702207541605
GMHEPPA,ours,5.320553037945171,21294.00769999999,899.5014562994933
PAPPT3,ours,5.306108161409733,39874.2484,479.0557853141888
DDPA_num1,ours,5.290369713841272,38803.54160000003,490.8142448994543
DHNCOAT,ours,5.262941726618589,15561.832199999988,1217.5038242493667
PTPATi,ours,5.2615495322621255,17836.435500000003,1061.9598470862436
GART,ours,5.2615495322621255,42433.18070000004,446.38601216485364
UAMAS,ours,5.2615495322621255,53625.32980000008,353.22073331367415
ECA4OALpp,ours,5.243123790260401,46877.0785,402.6540528744223
OXCDC,ours,5.2114687615237765,60580.53590000012,309.69167345192733
GRXR_num1,ours,5.2114687615237765,24349.92030000001,770.4866098262173
SUCTARTtpp,ours,5.2114687615237765,47934.68860000006,391.3927072321812
CRNDt2rpp,ours,5.2114687615237765,54845.15890000003,342.07736685918485
RBFK,ours,5.207390037255936,34733.8411,539.7215954362551
LPLIPAL1A181pp,ours,5.205163749520613,23621.8715,793.2728572447871
UAPGR,ours,5.178824441465205,37850.56910000005,492.56242198151557
TREHpp,ours,5.174088228374433,63635.9564000002,292.7074357940804
CDAPPA160,ours,5.167546979108148,28450.435500000025,653.8799423576245
THRTRS,ours,5.119016658756899,74013.48250000026,248.98787827643125
F6PP,ours,5.1167414416208,30412.456100000025,605.6817354463806
ILEt2rpp,ours,5.104610772837705,46208.158800000085,397.6916470910263
NO3R2pp_num1,ours,5.085371579548074,26160.283199999994,72.94916790238896
METTRS,ours,5.085371579548074,76253.84130000038,240.0841370646199
ANHMK,ours,5.0676912463863015,39495.81090000003,461.91451881269444
PGPP141_num1,ours,5.063955027923897,29020.883700000028,628.1765327678843
PTHRpp,ours,5.063955027923897,26103.21480000001,698.390533127974
LEUt2rpp,ours,4.997969143845691,46208.158800000085,389.38337698589396
LPLIPAL2G160,ours,4.983818608236799,38977.781800000055,460.3070303413842
AMAOTr,ours,4.983818608236799,47335.11480000008,379.0367270779799
SKMt2pp,ours,4.983818608236799,47816.81490000006,375.21836256083327
GLUTRS,ours,4.964834000735583,53815.10000000009,332.12615794912705
EAR120y,ours,4.96423538009796,27863.63610000001,641.3824564825065
OMBZLM,ours,4.882795450593305,28072.88920000001,626.1579809938443
ASPO4,ours,4.882472057835049,60336.71520000015,291.3134954387794
GPDDA3pp,ours,4.878804646342486,40842.87450000001,430.0308668733133
PSD160,ours,4.873999626281872,35933.97080000004,488.29556723006857
PAPA120,ours,4.833636693250835,29020.883700000028,599.6058657477405
3KGK,ours,4.816132964644989,55154.22840000014,314.3562909987499
DURIPP_num1,ours,4.814162027219968,47206.60120000011,367.1305041548267
UDPGD,ours,4.795677417032935,43656.35160000006,395.4622424590914
LPLIPAL2G161,ours,4.782566631190539,38977.781800000055,441.7193354057392
ALDD2x,ours,4.763974223417421,53417.97230000012,321.0587460711734
CTBTCAL2,ours,4.763974223417421,58558.45330000009,292.87500331404226
AGDC,ours,4.763974223417421,40948.62670000001,418.82496646225036
ALLTAMH,ours,4.763974223417421,45693.48650000005,375.333740494998
G3PEabcpp,ours,4.715286411557423,31499.36120000001,111.14100788525059
BMOGDS2_num1,ours,4.6968117401549225,77951.0022000005,216.91218569807702
GLYCK,ours,4.666510679680405,38734.06629999998,433.7122345156276
PSD141,ours,4.666510679680405,35933.97080000004,467.50854617072935
EAR121y,ours,4.641220295654139,27863.63610000001,599.6486964009299
ASPabcpp,ours,4.630610260904546,26660.80609999999,148.18300650047405
PAPA140pp,ours,4.615763245856479,29020.883700000028,572.5789695743589
LPLIPAL1E181pp,ours,4.589041676857504,23621.8715,699.3751547876727
LALDO2x,ours,4.589041676857504,38711.74710000004,426.75805858131883
WCOS,ours,4.545825548143697,44066.74880000004,371.36780949261447
MLTG5,ours,4.545825548143697,69040.17260000018,237.0355020421439
OMPDC,ours,4.520094034988557,26349.952099999973,617.5471767160755
DDGALK,ours,4.472779304437845,31373.21170000006,513.2405840354627
GHMT2r,ours,4.459531669177653,45316.05480000002,354.27430918014386
GLCATr,ours,4.459531669177653,20095.759199999982,798.8906440041122
GGGABADr,ours,4.459531669177653,53417.97230000012,300.5414342363481
FDH4pp_num1,ours,4.441115101438575,112962.02910000064,93.67896515362894
AGM4PH,ours,4.4340746193799925,37594.31700000004,424.6032353711322
DDGLK,ours,4.427484440712931,33961.96140000006,469.3175343685104
LPLIPAL2A141,ours,4.380738514446244,38977.781800000055,404.60636608126464
GLUTRR,ours,4.380738514446244,46306.27210000011,340.5728411466411
EAR120x,ours,4.380738514446244,27863.63610000001,565.9942799786447
OPHHX,ours,4.380738514446244,63201.966100000165,249.52797555464713
ADD,ours,4.380738514446244,63738.62760000025,247.427019467335
DAPAL,ours,4.380738514446244,43327.0851,363.9907604125088
ORNDC_num1,ours,4.380738514446244,79415.20730000033,198.58487043206915
MALTabcpp,ours,4.379405188275088,40989.96800000002,90.80943827682829
SERt2rpp_num1,ours,4.365548993592741,46905.789000000026,335.05408846089034
MALCOAMT,ours,4.349780729670681,28275.8538,553.8015133892951
AGMT,ours,4.346377842751065,33556.663900000014,466.28473797432014
OHPHM,ours,4.341406156919057,26555.14670000002,588.5511513633851
FE3HOXtonex,ours,4.33185498498314,26287.070799999983,103.90282415140196
CYTDH_num1,ours,4.32917762933441,33747.65119999997,461.8110864439623
OMPHHX,ours,4.303181591606323,42287.79620000008,366.3339100603861
GALCTLO,ours,4.29016866456548,36447.462700000026,423.7498593402969
PLIPA1G181pp,ours,4.29016866456548,33162.71369999999,465.7220555637379
PGSA140,ours,4.29016866456548,20700.3721,746.1028776596595
UDCPDPS,ours,4.233538234820087,28443.798400000003,535.8193526414641
ASPt2_2pp,ours,4.227203406463326,45435.73190000005,334.93313801483976
FLVR_num1,ours,4.22616365669683,26241.68680000001,579.7717684866425
PLIPA2A180pp,ours,4.19099870797639,33162.71369999999,454.9565962907012
AMMQLT8,ours,4.173141770258691,28072.88920000001,535.1536945805807
LACZ,ours,4.173141770258691,116481.4806000006,128.97595648291588
L_LACD3_num1,ours,4.173141770258691,42727.70680000005,351.605819691013
LACZpp,ours,4.173141770258691,83459.06190000044,180.00813849228285
KARA2,ours,4.173141770258691,54068.42740000005,277.8573577105975
IDONt2rpp,ours,4.173141770258691,46040.72780000005,326.30479774759925
LEUTAi_num1,ours,4.173141770258691,34093.243900000016,440.6535915736455
LA4NTpp,ours,4.173141770258691,62541.768800000114,240.2124318065539
GHBDHx,ours,4.173141770258691,31157.82340000003,482.1681598250304
LPLIPAL1G141pp,ours,4.173141770258691,23621.8715,635.9915374584646
UAGPT3,ours,4.146047879100684,37814.274400000046,394.71264758057725
LPLIPAL1G181pp,ours,4.146047879100684,23621.8715,631.8623977258729
LPLIPAL1G161pp,ours,4.146047879100684,23621.8715,631.8623977258729
LPLIPAL1G180pp,ours,4.146047879100684,23621.8715,631.8623977258729
LPLIPAL1E161pp,ours,4.146047879100684,23621.8715,631.8623977258729
LCADi,ours,4.146047879100684,52272.17150000008,285.5395507103132
CYTD,ours,4.139516568618931,31539.498500000027,472.49513644068054
CYSDS_num1,ours,4.116697883853757,52772.859400000045,280.828299818704
PPNCL2,ours,4.101292003306197,43437.64430000001,339.90451024302683
PPND,ours,4.101292003306197,42042.020000000055,351.18795937736314
LSERDHr,ours,4.101292003306197,27248.61870000001,541.8495291250233
RNDR1b_num1,ours,4.101292003306197,80478.05370000044,104.51313854094244
ARGTRS,ours,4.089073414506083,64682.216700000194,227.5844125827842
ALLabcpp,ours,4.042268620054086,34315.245099999986,132.35733283395666
PETNT181pp,ours,4.007495871061745,63803.6360000002,226.1154072131914
NADH9,ours,4.007495871061745,47358.13240000004,304.63585459764187
ACOAD2f,ours,4.007495871061745,89223.37480000046,161.69512942276882
GALCTt2rpp_num1,ours,4.007495871061745,49141.49909999999,293.5804849270926
G6PDH2r,ours,4.007495871061745,55703.77830000008,258.99473206510055
HISt2rpp,ours,4.006398017631826,49689.54070000004,290.2629539394104
PPTHpp,ours,3.9990433170776334,49437.99920000007,291.20425936410993
FLVRx,ours,3.993531878793312,26241.68680000001,547.8578748853871
AGPAT181,ours,3.976940224798813,27452.833700000017,521.5120947341665
AMPTASECG_num1,ours,3.9758805974632505,52914.774700000016,270.49477640254787
EAR180x,ours,3.8878114986752905,27863.63610000001,502.3077872895074
FEENTERtpp,ours,3.8878114986752905,43281.44640000003,323.37462260113
GLYAT,ours,3.878083722183446,43116.554700000095,323.7990951967314
FE3DCITabcpp,ours,3.878083722183446,28190.35910000001,107.09675837520058
GLXCL,ours,3.878083722183446,64731.0383000001,215.67862599633884
GLYC2Pabcpp,ours,3.878083722183446,33263.45020000002,91.40783738828958
GLCDpp_num1,ours,3.878083722183446,86746.30460000041,160.94174229365777
EAR141y,ours,3.8672970828779274,27863.63610000001,499.65731135716817
FA141ACPHi,ours,3.8633452692433514,22960.8319,605.7290532785994
MDDCP2pp_num1,ours,3.8633452692433514,44443.43770000003,312.9380554033077
GLYt4pp,ours,3.8633452692433514,51662.291000000056,269.21072798099584
DHBD,ours,3.8633452692433514,26249.3542,529.8432435063894
DXYLK,ours,3.8633452692433514,52617.64420000009,264.3227985732596
ACONTb_num1,ours,3.8633452692433514,93497.01500000064,148.75387165329258
AMPMS2,ours,3.843174123773308,70849.55920000028,195.27894036049068
CRNt8pp,ours,3.843174123773308,56586.61990000004,244.49996960472095
GALURt2rpp,ours,3.843174123773308,46891.77140000005,295.05020673166325
PYDXK_num1,ours,3.807459483816022,31321.84210000004,437.61328270464855
LPLIPAL1A160pp,ours,3.807459483816022,23621.8715,580.2611423797509
GLCP_num1,ours,3.7601546920498423,93171.41220000049,145.2865913669103
GLCNt2rpp_num1,ours,3.7601546920498423,47137.38670000007,287.17240897403025
GLUt2rpp,ours,3.7601546920498423,47158.59530000004,287.0432591400665
GF6PTA,ours,3.7601546920498423,66893.53170000012,202.35972817352993
GGPTRCO,ours,3.7601546920498423,47168.99020000001,286.98000177623965
GLCRt2rpp_num1,ours,3.7601546920498423,49008.6523,276.2074910470336
GLUt4pp,ours,3.7601546920498423,42424.63480000005,319.07303280733055
EAR80y,ours,3.756683762682272,27863.63610000001,485.36599807432077
IPPS,ours,3.744867312394788,57297.24130000005,235.2909497690114
BETALDHx,ours,3.7249897433294032,52910.5159000001,253.44608435363654
GPDDA3,ours,3.716919450288857,27409.26720000002,488.1892654554397
GPDDA2pp,ours,3.716919450288857,40842.87450000001,327.61920371299726
LPLIPAL1E140pp,ours,3.7079172050678992,23621.8715,565.0907862336156
MDDEP2pp_num1,ours,3.705044131816064,51797.71050000005,257.5047959800814
XYLK_num1,ours,3.7038476550627055,61088.72140000013,218.27026745113233
TMDK1,ours,3.628281547216872,23456.312000000016,556.8570869103689
TPRDCOAS,ours,3.6168572966574857,31644.09520000001,411.47285727945047
PA180abcpp,ours,3.565904206445921,64459.97920000018,199.1507801045843
3OAS160_num1,ours,3.5289051697182563,42612.87280000006,298.127250669326
INSK,ours,3.5205604133202306,48448.21730000007,261.5992536830207
MAN1PT2,ours,3.517490857943403,53015.66780000005,238.85329779051165
MLTG4,ours,3.502380082844275,69040.17260000018,182.62654659469024
GDPMNH,ours,3.502380082844275,18273.248,690.0014873239497
GALKr_num1,ours,3.502380082844275,47342.98750000007,266.3238837270118
ACOAD3f,ours,3.502380082844275,89223.37480000046,141.31463113228176
DBTS,ours,3.469215123380568,25453.26960000001,490.67073269714786
ANS,ours,3.4639590354065484,57493.81780000013,109.04088618207841
POAACR,ours,3.460076028741814,13762.69239999998,905.0753545483985
DAAD,ours,3.4312160920245374,47606.747300000025,259.4669586108927
ACGS,ours,3.4284806327123856,49194.605800000034,250.8919438839081
PLIPA2G161pp,ours,3.393610024918491,33162.71369999999,368.39554809130624
DASYN181,ours,3.3838035026722726,31453.38050000001,387.2935886691154
PPS,ours,3.365818889799422,87434.09980000049,138.58377945212004
CDAPPA161,ours,3.365818889799422,28450.435500000025,425.8967495691906
CYTDK2,ours,3.2971265982407765,24352.843600000007,487.4032761277534
AGPAT140,ours,3.284486757880853,27452.833700000017,430.7078991401555
PGPP120_num1,ours,3.2738469067776625,29020.883700000028,406.1161261054078
ASPO5,ours,3.2733660225106576,60336.71520000015,195.30592015122392
FACOAL80t2pp_num1,ours,3.2579998971012283,62331.2346000001,188.16889645828394
PA181abcpp,ours,3.255273612051722,64459.97920000018,181.80249433568176
PLIPA2E160pp,ours,3.1976133713243646,33162.71369999999,347.1190036166345
CYSDDS,ours,3.150171730140389,35152.88869999999,322.6084298587218
THRt2pp_num1,ours,3.149916379830087,31168.089,363.8240049747135
FACOAL100t2pp_num1,ours,3.137521186474046,62331.2346000001,181.2105334314451
CTBTabcpp,ours,3.1208806030787706,36022.10150000005,95.37202603433656
NAMNPP,ours,3.114379108950616,45896.72340000003,244.28246640853257
CYSTRS,ours,3.08011629605699,52201.51890000013,212.41563271457102
LPLIPAL2E180,ours,3.0668579574903783,38977.781800000055,283.25595088033833
TREH,ours,3.066514687163057,63695.9330000002,173.3148782636871
ICDHyr,ours,3.066328908344484,45756.18410000003,241.25228725181512
PUNP7,ours,3.066328908344484,29834.296999999995,370.00315677088497
3OAS80_num1,ours,3.0437839224149026,42612.87280000006,257.1434733377946
ASO3t8pp,ours,2.973973899857272,45496.8568,235.3196856334519
PA160abcpp,ours,2.9717476121219493,64459.97920000018,165.9679623917562
GNK_num1,ours,2.9507721896266457,21003.7502,505.7563426295141
PA161abcpp,ours,2.9042128067004183,64459.97920000018,162.19623763269033
ADA,ours,2.8599966833582444,36397.02380000004,282.87994415877677
AM4PA,ours,2.833726182272678,20535.930799999995,496.7592828167128
ORPT,ours,2.793403004379771,23566.706100000003,426.7143135360428
LPADSS,ours,2.789441251960662,42381.972400000064,236.94009359173592
PPNDH,ours,2.759767863955479,43110.836000000025,230.4563128917221
DCYTD,ours,2.742439975383673,31539.498500000027,313.0291977020882
UM4PL,ours,2.7376158422758823,49873.55650000011,197.60806575310414
HEPT1,ours,2.654831883293653,35543.3343,268.89415323809817
GUAPRT_num1,ours,2.654831883293653,16970.386399999978,563.1807405314686
ASNS2,ours,2.640857952240688,36650.10100000003,259.40143051901737
PSD140,ours,2.5901800899084897,35933.97080000004,259.4939583930021
SEPHCHCS,ours,2.5765685422300244,61366.30730000007,151.15210870816202
GDPTPDP,ours,2.569723777774548,79341.5360000004,116.59725871690115
NI2abcpp,ours,2.569723777774548,76838.95830000046,120.39472950518015
TRPAS2,ours,2.569723777774548,52772.859400000045,175.2985474951991
PFK_2,ours,2.569723777774548,34841.664300000004,265.5156056936227
ARBt2rpp,ours,2.564232981581179,51683.87670000009,178.6096423701945
ARGDC,ours,2.564232981581179,84424.28420000033,109.34340540955641
PGSA181,ours,2.5562506085576526,20700.3721,444.55733193354286
LPLIPAL2E120,ours,2.5478462194524307,38977.781800000055,235.31986599680585
MALS_num1,ours,2.5312247491043336,60272.85360000017,151.18595773231442
14GLUCANabcpp,ours,2.4899015765830605,57012.69250000002,51.62951446909922
3OAR141,ours,2.45095147999944,25560.01369999998,345.20424877542183
3OAS100_num1,ours,2.45095147999944,42612.87280000006,207.06009119380403
3OAR180,ours,2.45095147999944,25560.01369999998,345.20424877542183
3OAR40,ours,2.45095147999944,25560.01369999998,345.20424877542183
3OAR80,ours,2.45095147999944,25560.01369999998,345.20424877542183
2AGPEAT140,ours,2.45095147999944,80699.04430000036,109.33742034412104
ABUTt2pp,ours,2.404637508598981,51079.488600000026,169.47497455869845
CDAPPA120,ours,2.3703349405672243,28450.435500000025,299.9323432515471
ALDD2y,ours,2.3195492806489413,56305.69130000003,148.30432266331457
FMNRx2_num1,ours,2.297112092305445,26241.68680000001,315.13231581971314
PGSA161,ours,2.2952000230657323,20700.3721,399.15804619940315
PLIPA1G161pp,ours,2.286580803310227,33162.71369999999,248.22126941670697
HCINNMt2rpp,ours,2.277186358361172,41550.29410000004,197.29994859651813
UDPGALPpp,ours,2.2599372155437405,60823.23910000007,133.76094559155854
AMALT3,ours,2.255671183413554,78502.5889000005,103.44138166746171
LPLIPAL1E160pp,ours,2.255671183413554,23621.8715,343.7668459202648
DHACOAH,ours,2.2539846481305448,27237.057499999977,297.91561490333413
DAGK120,ours,2.242531345739448,13244.52499999999,609.5434033807945
PGPP161_num1,ours,2.225184344120464,29020.883700000028,276.0310031094492
EAR141x,ours,2.1843611689133744,27863.63610000001,282.22089105190923
DOGULNR,ours,2.156913304121627,36572.32660000003,212.3159398570462
FA120ACPHi,ours,2.1148646003294678,22960.8319,331.58696489503427
AGPAT161,ours,2.0969388556419264,27452.833700000017,274.979987960621
UM4PCP,ours,2.0929480513911067,33567.06660000001,224.46444530866398
LCTSt3ipp_num1,ours,2.0929480513911067,42745.588600000025,176.26644600720226
UAGCVT,ours,2.0929480513911067,44817.12960000008,168.1190440408743
SSALx,ours,2.066627856382876,49717.307200000105,149.64326714336488
KAS14_num1,ours,2.0649413210998677,42612.87280000006,174.4493686414757
TMDS,ours,2.0621462290805197,30479.330400000006,243.56592901692716
FDMO2,ours,2.060410764396733,41735.731200000046,177.72490234526504
CCGS,ours,2.044142503160491,25513.893700000008,288.42767387471577
DC6PH,ours,2.024774870193822,50511.91050000001,144.30635191867785
PG140abcpp,ours,2.0247656959311766,64459.97920000018,113.080342187765
LYXt2pp,ours,2.0247656959311766,37319.3743,195.31829356936015
APPLDHr,ours,2.0247656959311766,38711.74710000004,188.2931422992332
LPLIPAL2ATG120,ours,1.9546705067096464,38977.781800000055,180.53397343803482
GLYCLTt2rpp_num1,ours,1.946139206971161,59167.439600000165,118.4114302133189
HPPPNDO,ours,1.9169467032329823,34195.63700000003,201.80960897551725
R5PPpp,ours,1.8937648705714212,26103.21480000001,261.176777890864
PSD120,ours,1.8937648705714212,35933.97080000004,189.7244691381869
ABUTD,ours,1.8937648705714212,50829.40480000006,134.12617284979711
LPLIPAL2E181,ours,1.877221381455812,38977.781800000055,173.38074824055056
ADNUC,ours,1.8734071817609192,32560.414300000022,207.13083661037152
PMPK,ours,1.8662092081935888,28633.28150000001,234.63441134041582
PLIPA2G180pp,ours,1.8662092081935888,33162.71369999999,202.58755692532247
G3PD2,ours,1.84005644347864,36361.1934,182.1778268840622
MN6PP,ours,1.802547470652259,30412.456100000025,213.372141763589
METSOXR1_num1,ours,1.7974289966179229,23314.7748,166.4740841702839
OGMEACPR,ours,1.767137874927938,25560.01369999998,248.89252503571942
LCTStpp,ours,1.7481333898576563,46502.69560000004,135.3315140614678
APH161,ours,1.746505722759956,10299.637399999994,610.4506748884039
PYAM5PO,ours,1.6922476044303276,25544.8351,238.48622831584376
LPLIPAL1E141pp,ours,1.6772637399644634,23621.8715,255.61689571768554
GPDDA1,ours,1.658073476075609,27409.26720000002,217.77541407134697
R15BPK,ours,1.603129581613225,20729.35040000001,278.41038828730524
DKGLCNR2y,ours,1.603129581613225,35395.09920000004,163.0527000700595
DHORD2,ours,1.603129581613225,36774.0758,156.9384510217279
APH141,ours,1.5990692058706766,10299.637399999994,558.9176509392884
CFAS180G,ours,1.54996014245087,43908.510600000045,127.07915701479354
PLIPA2A160pp,ours,1.5073716862063964,33162.71369999999,163.63371584826086
UGLT,ours,1.5034588631880643,39645.20790000008,136.52222284038066
HISTD,ours,1.502458868559698,46109.79900000007,117.30374115955058
LIPAHTex,ours,1.4841218110968808,21769.2935,245.43003749518886
DADA,ours,1.480345837496345,36397.02380000004,146.41980191212326
CYSS_num1,ours,1.454839858297908,34489.22420000003,151.85680778150015
GPDDA1pp,ours,1.4454851684869832,40842.87450000001,127.40892188068541
TRPS1,ours,1.4415624066841184,28723.808900000007,72.37329814781121
DHDPS,ours,1.4415624066841184,31269.62460000002,165.9637661292174
APG3PAT161,ours,1.4415624066841184,22193.16890000001,233.83883065310349
XTSNt2rpp,ours,1.4415624066841184,46139.31040000012,112.47729146950607
XTSNH,ours,1.4415624066841184,32560.414300000022,159.38447884131568
OCTNLL,ours,1.4415624066841184,37925.43480000006,136.83757856515908
PROt4pp,ours,1.4287948911690445,54343.51770000012,94.6508769749469
ABTA_num1,ours,1.3931589969661329,45774.10639999998,109.56789293167023
SADH,ours,1.3931589969661329,49297.96500000008,101.73589090499112
RBK,ours,1.3735276039484043,32290.10860000006,153.13356283398338
RBK_L1,ours,1.3735276039484043,61088.72140000013,80.94291811801197
AGMH,ours,1.3490025063311557,37594.31700000004,129.1793390685128
TRE6PH,ours,1.3337342397232788,63836.9039000001,75.21422515298077
GSNK,ours,1.255794291417906,48448.21730000007,93.31322597713944
TRE6PP,ours,1.255794291417906,29174.935099999995,154.95696678017507
SHCHD2,ours,1.2442232526561912,49950.81540000002,89.67228409973637
2AGPEAT120,ours,1.2059199415890822,80699.04430000036,53.796322216428976
PLIPA1G120pp,ours,1.1996837365557615,33162.71369999999,130.23244993369593
PHYTSpp,ours,1.1996837365557615,47056.27350000005,91.78077927485562
2DGULRy,ours,1.1996837365557615,35395.09920000004,122.01862826254593
AMALT4,ours,1.1432490244134734,78502.5889000005,52.427525583025435
MACPD,ours,1.1432490244134734,42612.87280000006,96.58340819228923
SHKK_num1,ours,1.1432490244134734,19537.811,210.65289698464707
MTHFD,ours,1.1019258518922006,31043.375400000023,127.78678270958639
NADS1,ours,1.1019258518922006,30636.457600000005,129.48406498576134
LIPOS,ours,1.101347108823643,36071.34330000006,109.91688218511975
G1PACT,ours,1.0159056717617492,49189.49640000002,74.35043425942241
BALAt2pp,ours,0.9888018418192104,51659.05060000008,68.90731806343247
M1PD,ours,0.9303174464975263,41138.50770000006,81.4113830237719
MALDDH,ours,0.8971723646028849,40314.46760000003,80.1156682662078
PLIPA2G140pp,ours,0.8960645723884332,33162.71369999999,97.27287367916335
PLIPA2G141pp,ours,0.8960645723884332,33162.71369999999,97.27287367916335
ASAD,ours,0.8960645723884332,40017.42440000003,80.61069668937407
INOSTt4pp,ours,0.890160934376014,62084.20460000012,51.61666134567252
CTPS2,ours,0.876001224504476,60373.441100000055,52.23496210846446
LPLIPAL2ATE141,ours,0.8447590375869015,38977.781800000055,78.022206366624
HPPPNt2rpp,ours,0.8315106378048228,41550.29410000004,72.04373304537835
FACOAE180,ours,0.7622694195312173,31965.918600000045,85.84674023140316
DAGK141,ours,0.7579154673840109,13244.52499999999,206.00932706778397
PSD161,ours,0.7579154673840109,35933.97080000004,75.9308148205663
SUCOAS,ours,0.732115147259029,41392.1542,37.03303151905732
F6Pt6_2pp,ours,0.6445162294316539,50605.9889,45.849482964138936
MLTP1,ours,0.5877489502684643,90521.26860000048,23.37457543062383
LPLIPAL2G140,ours,0.5875624069280045,38977.781800000055,54.26744589505638
SELNPS,ours,0.5217730049747917,36686.86010000001,51.20042469672267
CYTDt2pp_copy2,ours,0.5032876302658713,46139.31040000012,39.26880252976499
DAGK161,ours,0.4734575152738262,13244.52499999999,128.69068954800383
3OAR181,ours,0.4615921355855659,25560.01369999998,65.01294199650755
URAt2pp_copy2,ours,0.4545118983888534,45556.87230000005,35.91648749336707
COLIPAabcpp,ours,0.4262895729254431,64459.97920000018,23.807678525152095
AM3PA,ours,0.395331788149881,20535.930799999995,69.3026506175981
PLIPA1G140pp,ours,0.3919678918465082,33162.71369999999,42.550329970355534
PLIPA1E181pp,ours,0.3919678918465082,33162.71369999999,42.550329970355534
5DGLCNR,ours,0.3919678918465082,27562.390300000006,51.19601004443469
PLIPA1E160pp,ours,0.3919678918465082,33162.71369999999,42.550329970355534
HPPK2,ours,0.3253157269436691,18078.5667,64.78039085903912
HEMEOS,ours,0.310772991606679,32248.10950000005,34.69297230537011
FRULYSK,ours,0.306644573416176,28331.515599999995,38.96439851238434
CDAPPA180,ours,0.306644573416176,28450.435500000025,38.801531326233395
3OAR60,ours,0.3039481047202679,25560.01369999998,42.809569268461125
2AGPGAT120,ours,0.3039481047202679,80699.04430000036,13.55918383525342
3OAR160,ours,0.3039481047202679,25560.01369999998,42.809569268461125
CRNDabcpp,ours,0.2744803731027225,36022.10150000005,8.38793680977181
AGMt2pp,ours,0.2744803731027225,53244.53680000006,18.55832358691493
PAPA160pp,ours,0.2668611479755832,29020.883700000028,33.103751858255734
ACGK,ours,0.111609688356059,27159.2235,14.794048809304597
APH180,ours,0.0705904132849203,10299.637399999994,24.673246052886604
SHCHF,ours,0.0360431982492821,49950.81540000002,2.597665576794878
PRAMPC,ours,-0.0087417293769162,22755.554000000004,-1.382968999871342
APG3PAT180,ours,-0.0087417293769162,22193.16890000001,-1.4180140699464645
PGP141abcpp,ours,-0.0123502726841706,64459.97920000018,-0.6897455167502448
PGP140abcpp,ours,-0.0311387803213382,64459.97920000018,-1.739057482612672
PAPA140,ours,-0.0541145743343177,29020.883700000028,-6.712837197426333
MELIBt3ipp,ours,-0.0690005799986293,42537.696100000045,-5.839575500542099
UGLYCH,ours,-0.0848082167978763,18169.33249999999,-16.803566144895797
DHNAOT4,ours,-0.1082350787242626,33593.573100000045,-11.598834165316724
DINSt2pp,ours,-0.1082350787242626,46388.71720000007,-8.399591687940548
GLUDC_num1,ours,-0.1563147134230485,52684.56370000003,-10.681173550706928
EAR160y,ours,-0.1563147134230485,27863.63610000001,-20.195963165158275
GLCURt2rpp_num1,ours,-0.1970396475676421,33668.87360000001,-21.068205003552933
EAR80x,ours,-0.2224278903954609,27863.63610000001,-28.737828851549597
PSCLYSt2pp,ours,-0.2224278903954609,47575.973000000056,-16.830773075805688
PG141abcpp,ours,-0.2458157617056036,64459.97920000018,-13.728467696126256
AKGt2rpp,ours,-0.2551608949929392,47051.96620000007,-19.52265327383024
DURADx,ours,-0.2958957679220655,44328.96830000007,-11.915616799923427
FESR,ours,-0.3973015687700681,24882.361700000005,-57.48190886447266
ASNN_num1,ours,-0.3999001786644235,37126.80160000004,-38.77631740817456
ASNNpp,ours,-0.3999001786644235,36850.245900000045,-39.067327992835
AGM3PA,ours,-0.3999001786644235,20535.930799999995,-70.10350089375667
MDDCP5pp_num1,ours,-0.4015377845466564,44443.43770000003,-32.525297303182334
PRAIS,ours,-0.4380658757918489,36853.62070000003,-42.791919027121665
3HPPPNH,ours,-0.4824092920282296,62184.98120000009,-27.92753841504135
EAR140y,ours,-0.488616827490783,27863.63610000001,-63.12961354554937
MELIBt2pp,ours,-0.5391184675279973,52635.77030000003,-36.87276679032071
MEPCT,ours,-0.5391184675279973,25736.95940000001,-75.41009226990464
DURIt2pp_num1,ours,-0.5585541429426206,46388.71720000007,-43.34663763009664
HACD7_num1,ours,-0.5612609326840049,79592.95340000032,-25.385907562797005
TRPt2rpp_num1,ours,-0.5612609326840049,44332.01690000004,-45.57742911224091
UDCPDP_num1,ours,-0.5780880594197401,22398.3829,-92.91371717335291
COLIPAKpp,ours,-0.6306298261127612,26758.797600000005,-84.84190537791353
CYSSADS,ours,-0.6306298261127612,43233.66090000008,-52.51156915110874
UAGDP,ours,-0.7494510532886455,49189.49640000002,-54.84959166687307
MALt2_3pp_num1,ours,-0.7913235347858215,47934.68860000006,-59.43012896153358
L_LACD2_num1,ours,-0.8542008728709554,42727.70680000005,-71.97023600469556
KARA1,ours,-0.8542008728709554,54068.42740000005,-56.87465477006709
L_LACt2rpp_num1,ours,-0.8542008728709554,59167.439600000165,-51.97323330407271
KG6PDC_num1,ours,-0.8542008728709554,23577.805199999995,-130.4244867684054
BETALDHy,ours,-0.9048890562486294,52910.5159000001,-61.56811263477134
FUCtpp,ours,-0.9323560340875552,47544.34020000007,-70.59687248988669
URAt2pp_copy1,ours,-0.932807102000962,45059.571700000015,-74.52590960165433
PGPP140_num1,ours,-0.9687468936540078,29020.883700000028,-120.17169612083262
HETZK,ours,-1.005951204508367,27338.87259999998,-132.4642895563339
PAPA161,ours,-1.0133452779397465,29020.883700000028,-125.70406326334864
RMK,ours,-1.15532884246907,54068.42650000009,-76.9244474478769
INDOLEt2rpp,ours,-1.15532884246907,44332.01690000004,-93.8189625405617
APCS,ours,-1.1696949732501332,32321.015900000028,-130.2837112771717
FRULYSDG,ours,-1.2381418532830102,38568.78100000002,-115.56783896848684
I2FE2ST,ours,-1.27982817370067,11555.916299999992,-181.36187807718574
LIPAHT2ex,ours,-1.4261951244698543,21769.2935,-235.8506695723256
HYD2pp_num1,ours,-1.490552959189416,27596.99260000001,-39.88678230168687
PUNP6_num1,ours,-1.490552959189416,29834.296999999995,-179.8597987102528
FACOAE80,ours,-1.5094985760743889,31965.918600000045,-169.99964686976938
DGSNt2pp,ours,-1.5191969184735787,46388.71720000007,-117.89739481101398
LIPAabcpp,ours,-1.540172340968882,64459.97920000018,-86.01647869424009
LPLIPAL2ATG141,ours,-1.540172340968882,38977.781800000055,-142.25079446383393
LPLIPAL2ATE160,ours,-1.540172340968882,38977.781800000055,-142.25079446383393
LPLIPAL2ATG160,ours,-1.540172340968882,38977.781800000055,-142.25079446383393
PNTOt4pp,ours,-1.5503217512814786,51716.4075,-107.91852285202376
ALCD2x_num1,ours,-1.640126697014168,35379.17940000002,-166.8907026501299
MANAO,ours,-1.665210660130909,53579.58900000011,-111.88511312528469
LPLIPAL2ATE180,ours,-1.708642384016887,38977.781800000055,-157.81073982154584
LIPOCT,ours,-1.708642384016887,23882.261700000017,-257.5598852289936
LPLIPAL2ATE181,ours,-1.708642384016887,38977.781800000055,-157.81073982154584
LPLIPAL2ATE161,ours,-1.7527602662965642,38977.781800000055,-161.8854810939401
DCYTt2pp_num1,ours,-1.7977412937868116,43475.232800000056,-148.86334680265387
3OAR120,ours,-1.8903508880624376,25560.01369999998,-266.2464612460196
UACGAMPpp,ours,-2.151651089950506,60823.23910000007,-127.35171685096613
IDOND,ours,-2.151651089950506,37146.21520000005,-208.52579144649468
UACMAMO,ours,-2.151651089950506,45838.20500000008,-168.98445137242626
PA120abcpp,ours,-2.19459237304589,64459.97920000018,-122.56492541600417
LPLIPAL2G181,ours,-2.1995640588778977,38977.781800000055,-203.15241776945913
HSDy_num1,ours,-2.209635105697063,88886.59570000051,-89.49253054259317
PAPA161pp,ours,-2.226398777116166,29020.883700000028,-276.18165182262146
ACACT8r_num1,ours,-2.3864846908889583,46529.971200000095,-184.64109617158397
ICHORT,ours,-2.3925840465044828,32553.98120000002,-264.58522890024074
GLCP2_num1,ours,-2.5083605652648715,90521.26860000048,-99.75664475998614
ALLTNt2rpp,ours,-2.547095066676321,52455.427700000015,-174.80635736070363
FACOAE141,ours,-2.5872561659291566,31965.918600000045,-291.3766475443928
GPDDA5,ours,-2.6564583935865187,27409.26720000002,-348.9057240067863
ACGAMK,ours,-2.730706083437996,33042.29690000002,-297.5138783519852
PPPNt2rpp,ours,-2.962112141625972,41592.22650000004,-256.38453641940737
ARGt3pp,ours,-2.9770616026069154,23175.4283,-462.4476247278198
LPLIPAL1A120pp,ours,-3.035280899964237,23621.8715,-462.580250674518
DDGLCNt2rpp,ours,-3.1144609027705346,33668.87360000001,-333.0096332647707
XYLK2_num1,ours,-3.1459337841675508,61088.72140000013,-185.3920226754518
HACD3_num1,ours,-3.2435592154141664,79592.95340000032,-146.7066200798996
GTHOr,ours,-3.2435592154141664,48771.94720000004,-239.41658772834458
HSK,ours,-3.383733538897596,33623.29050000001,-362.2917495249712
ATPPRT,ours,-3.384326807882009,33366.36540000005,-365.1454499858475
FACOAE160,ours,-3.5344005430209444,31965.918600000045,-398.0439953593381
PACCOAL,ours,-3.5393330471062363,48952.321300000025,-260.2858992425849
INSt2pp_copy1,ours,-3.5838238249363616,46388.71720000007,-278.1229261879844
HEPK2,ours,-3.82319256970927,26994.000200000024,-509.87231047562045
FACOAL141t2pp_num1,ours,-3.872252894858772,62758.64560000017,-222.12255041863972
FUM_num1,ours,-3.967485563729142,60297.86670000006,-236.87318990051264
MLTG2,ours,-3.9754922103225847,69040.17260000018,-207.29629458025528
MTAN,ours,-3.9754922103225847,24353.6853,-587.6635006514314
HKNTDH,ours,-4.02163531108127,31937.101000000024,-453.32502533315596
FORt2pp_num1,ours,-4.032784907152704,30990.39579999998,-468.46854617293224
FALDH2,ours,-4.063978355799974,39358.55440000008,-371.7189897828126
ACACT4r_num1,ours,-4.063978355799974,46529.971200000095,-314.42792040412604
ACOAD8f,ours,-4.148958595033457,89223.37480000046,-167.40289162566364
HEX1,ours,-4.179833429184265,34722.67050000003,-433.35953509288237
DAGK160,ours,-4.254889792061855,13244.52499999999,-1156.5234126118294
ACOAD7f,ours,-4.263489898770182,89223.37480000046,-172.02402027470245
TYRt2rpp_num1,ours,-4.341934431521061,31539.063700000024,-495.6064676541367
HADPCOADH3,ours,-4.341934431521061,51732.00010000003,-302.15270863799077
ASPO6,ours,-4.381012012129361,60336.71520000015,-261.39379963570934
EGMEACPR,ours,-4.398898575070186,27863.63610000001,-568.3405716834159
GTPDPDP,ours,-4.547540551844998,54870.50270000008,-298.3596865541742
ME2,ours,-4.734367816620593,82416.44190000027,-206.8000479869549
PGP160abcpp,ours,-4.815695265842604,64459.97920000018,-268.94986892942285
ALAt2pp_copy1,ours,-4.880749484436105,51659.05060000008,-340.1281661179029
CDPMEK,ours,-4.941944874369552,30925.00090000002,-575.2951020198799
DHORTS,ours,-5.0267977251435925,38826.943300000086,-466.08025954278236
DASYN140,ours,-5.0267977251435925,31453.38050000001,-575.3426666019867
NMNAT_num1,ours,-5.104070436971972,47345.25790000005,-388.0991336430988
CFAS160E,ours,-5.121211686638081,43908.510600000045,-419.8812899815617
HEXt2rpp,ours,-5.139921830781819,47527.18760000007,-389.3291298139955
EAR121x,ours,-5.1737335757620375,27863.63610000001,-668.4497603219606
EPMEACPR,ours,-5.235767359509959,27863.63610000001,-676.4645657368402
HEPK1,ours,-5.27549220346095,31050.919700000028,-611.6331534121807
PGPP160_num1,ours,-5.347445037520353,19417.8997,-991.3946632999277
MI1PP,ours,-5.539602023284222,29171.7701,-683.6255467344163
PUNP5_num1,ours,-5.548888431734103,29834.296999999995,-669.5649089449896
UDPGPpp,ours,-5.6100986342791135,60823.23910000007,-332.0499760001237
ACPPAT161,ours,-5.802083960988012,8639.416499999992,-445.8055181839879
3HCINNMH,ours,-5.986489124859944,62184.98120000009,-346.56858350060526
TYRPpp,ours,-5.99261798624205,26103.21480000001,-826.4662002655463
PPCDC,ours,-6.120333643134325,43437.64430000001,-507.2374773160424
MPTAT,ours,-6.189079851404495,21222.104999999992,-1049.8811246601688
HXPRT_num1,ours,-6.189079851404495,16970.386399999978,-1312.915742746801
CYSabc2pp,ours,-6.195497988755644,65055.37210000021,-174.28275371369477
DASYN161,ours,-6.195497988755644,31453.38050000001,-709.1063791861835
DASYN160,ours,-6.195497988755644,31453.38050000001,-709.1063791861835
FUMt2_2pp,ours,-6.481730491731094,45435.73190000005,-513.5656188303178
PAPA120pp,ours,-6.5427592397844565,29020.883700000028,-811.6201252418796
HEX7,ours,-6.592216686271705,32499.37440000002,-730.2288277456234
SBTPD,ours,-6.641786899737305,27857.5543,-858.3105530931083
AGM3PH,ours,-6.664453874690501,37594.31700000004,-638.1824664851813
MLTG3,ours,-6.690263751339073,69040.17260000018,-348.85413227979967
ACACT5r_num1,ours,-6.70279115919897,46529.971200000095,-518.5915131861556
RIBabcpp_num1,ours,-6.759735616309501,34344.2546,-151.86683712743033
DASYN180,ours,-6.875875091835805,31453.38050000001,-786.9790126568079
BMOGDS1_num1,ours,-7.330504195975477,77951.0022000005,-338.5436281858548
FTHFD,ours,-7.33587792475488,31934.3405,-826.9831196018457
PTRCt2pp_num1,ours,-7.387046705703851,50852.38750000007,-522.9522043686508
HMBS,ours,-7.493433844472686,33851.43770000004,-796.904464713522
ACCOAL,ours,-7.635907849792603,72092.70770000026,-381.3044222675697
GPDDA2,ours,-7.74091732012083,27409.26720000002,-1016.7109594391114
UACGALPpp,ours,-7.766580026306128,60823.23910000007,-459.6875883037612
ENTERES2,ours,-7.775150698921801,45651.37860000007,-613.136850945361
PSD180,ours,-7.775150698921801,35933.97080000004,-778.9437652717871
PYK_num1,ours,-7.7897127384364415,51356.58870000014,-546.0441701489242
GTHS,ours,-7.859096348911525,35560.487600000015,-795.6231414577531
CDGR,ours,-7.962017241009347,32587.10490000005,-879.5890937716779
FACOAL181t2pp_num1,ours,-8.783004994548708,62331.2346000001,-507.27084395622256
LPLIPAL1A141pp,ours,-8.84427893910606,23621.8715,-1347.878138308466
LPLIPAL2ATG180,ours,-8.84427893910606,38977.781800000055,-816.860342236863
AMALT1,ours,-8.909333062134325,78502.5889000005,-408.5674048857179
HEPT4,ours,-9.175820927287514,41728.92550000005,-791.6080977986124
3OAS140_num1,ours,-9.253985836158174,42612.87280000006,-781.790731794299
GUAD,ours,-9.40254448004729,50243.629500000025,-673.7005360683632
ARGDCpp,ours,-9.842768415007038,73897.61930000031,-479.5007827001159
KDOPP,ours,-9.87769789098624,20014.91889999999,-1776.6603294880445
CPH4S,ours,-9.908558199221194,13772.725599999989,-2589.960081481354
G6PP,ours,-9.939241520639277,30412.456100000025,-1176.5333702956455
MANPGH,ours,-10.294701002668184,100013.82900000057,-370.5579916313898
IPDPS,ours,-10.502223970493628,34774.147200000014,-1087.2446727831486
AP5AH,ours,-11.126578414837354,31296.348000000005,-1279.8835919582204
KAS15,ours,-11.19565334960051,33514.741300000045,-1202.585802402174
FUMt2_3pp_num1,ours,-11.365799989146993,45750.16070000011,-894.3548904502335
SPMDt3pp,ours,-12.765587576994012,13114.679399999985,-1850.4813334121461
AM4PCP,ours,-12.869401239525532,33567.06660000001,-1380.2172532494064
THRS,ours,-13.445964656182865,47113.25360000006,-1027.4279329810124
PPC,ours,-13.999636758495743,99061.43350000068,-508.7619929362756
NI2t3pp_num1,ours,-14.32248517716817,32926.87360000004,-1565.9229377248055
ACACT3r_num1,ours,-15.814019214080249,46529.971200000095,-1223.522553366394
CHTBSptspp,ours,-16.14829723496527,63561.09830000026,-914.61399504915
