reac_id,pred_kcats_inverse_10
2AGPEAT120,2.4899015765830605
2AGPEAT140,2.4899015765830605
2AGPEAT160,1.2059199415890822
2AGPEAT160,0.7792043438530378
2AGPEAT161,2.4509514799994396
2AGPEAT180,1.2059199415890822
2AGPEAT180,0.7792043438530378
2AGPEAT181,2.4509514799994396
2AGPGAT140,1.2059199415890822
2AGPGAT160,1.2059199415890822
2AGPGAT160,0.7792043438530378
2AGPGAT161,0.7792043438530378
2AGPGAT180,1.2059199415890822
2AGPGAT180,0.7792043438530378
2AGPGAT181,2.4509514799994396
2DGULRGx,7.199838814615703
2DGULRGy,7.199838814615703
2DGULRx,7.199838814615703
2DGULRy,7.199838814615703
2MAHMP_num1,2.8308133538827116
3OXCOAT,19.593935846271048
3AMACHYD,20.786758185009287
42A12BOOXpp,12.430826006037382
4HTHRS,6.863574565867916
5DGLCNR,5.791013813540917
5DGLCNt2rpp,5.430048627141841
5DOAN,-1.8903508880624378
3HCINNMH,12.24776429825161
3HPPPNH,12.851128029662291
AACPS3,2.4509514799994396
AACPS3,0.3039481047202679
3KGK,12.485544366543063
AACPS4,2.4509514799994396
AACPS4,0.46159213558556594
AACPS5,2.4509514799994396
AACPS5,0.3039481047202679
AACPS6,2.4509514799994396
AACPS6,0.3039481047202679
AACPS9,2.4509514799994396
AACPS9,0.3039481047202679
AADDGT,-7.333965759949931
AADDGT,-3.067719754765642
ACLS_num1,10.420638027330535
ACLS_num1,10.977482130953119
ACM6PH,7.391824021868057
ACMAMUT,-5.8678638064176365
ACMAMUT,7.513008386197061
ACMANAptspp,8.23557637024908
ACMANAptspp,5.320553037945171
ACMANAptspp,3.8633452692433505
ACMANAptspp,13.098479911980613
ACMANAptspp,10.234909667202453
ACMANAptspp,8.657575632463416
ACMANAptspp,6.505295909380217
ACMANAptspp,4.097683459998943
ACMANAptspp,14.185327284812416
ACMANAptspp,10.091885970645688
AB6PGH,16.168833449658422
ABTA_num1,-9.253985836158174
ABTA_num1,-9.329312075261921
ABUTD,3.0365958876321044
ABUTt2pp,6.354722559188042
ACACCT,-1.292654557401053
ACACCT,3.5289051697182563
ACACCT,6.293296283644682
ACACCT,4.474319051518525
ACMUMptspp,8.291403287491098
ACMUMptspp,13.098479911980613
ACMUMptspp,3.8633452692433505
ACMUMptspp,7.091902085546891
ACMUMptspp,9.238188721556877
ACMUMptspp,14.590459665152888
ACMUMptspp,5.557146568267797
ACMUMptspp,6.120364490863385
ACNAMt2pp,3.0437839224149026
ACOAD1f,0.39196789184650827
ACOAD3f,1.1996837365557615
ACACT2r_num1,9.510742303362559
ACACT2r_num1,9.510742303362559
ACACT3r_num1,10.163069074512604
ACACT4r_num1,9.510742303362559
ACACT4r_num1,9.510742303362559
ACACT5r_num1,10.163069074512604
ACACT5r_num1,10.913153730326211
ACACT6r_num1,9.510742303362559
ACACT6r_num1,9.510742303362559
ACACT7r_num1,9.510742303362559
ACACT7r_num1,9.510742303362559
ACACT8r_num1,9.510742303362559
ACOAD4f,0.39196789184650827
ACOAD5f,0.39196789184650827
ACOAD6f,1.1996837365557615
ACOAD7f,1.1996837365557615
ACOAD8f,0.39196789184650827
ACACt2pp,5.7081518733262
ACODA,29.377234975646306
ADNK1,-5.9864891248599434
ACOLIPAabctex,-0.48240929202822963
ACOLIPAabctex,8.719923921402657
ACOLIPAabctex,3.843174123773308
ACOLIPAabctex,2.564232981581179
ACOLIPAabctex,15.829871967692839
ACONMT,-14.145728481385563
ACONMT,-13.593430224903853
ACALD_num1,8.957477691215518
ACANTHAT,-0.1842721320525683
ACANTHAT,8.655780535072436
ADNUC,9.96723985121176
ACBIPGT,-1.5664822149316362
ACCOAC,-6.547064166965651
ACCOAC,4.816132964644989
ACCOAC,3.7001114366003
ACCOAC,8.841450791537095
ACCOAC,-3.30145492888276
ACCOAC,0.6964402624398738
ACCOAC,-2.667142204698219
ACCOAC,-0.04261196028150075
ACONTb_num1,2.286580803310227
ACOTA_num1,5.944578737877431
ACOTA_num1,5.88303549048534
ACGAMK,7.35137316882
ACGAMT,1.3477471613924876
ACGAMT,2.3722080191906936
ACS,-1.5144014549365545
ACGAptspp_num1,3.8633452692433505
ACGAptspp_num1,13.098479911980613
ACGAptspp_num1,8.589225846710205
ACGAptspp_num1,7.091902085546891
ACGAptspp_num1,5.557146568267797
ACGAptspp_num1,14.590459665152888
ACGAptspp_num1,10.266239774137047
ACGAptspp_num1,6.120364490863385
ACt4pp,4.667059606395364
ACGK,10.168923783124248
ACGS,-1.207948972655522
ACGS,-4.253678789392641
ACHBS_num1,10.420638027330535
ACHBS_num1,9.14303021130956
ACHBS_num1,10.420638027330535
ACHBS_num1,9.14303021130956
ACKr_num1,21.55495283528523
ADA,6.088523683308187
ADCS,4.5846487340940545
ADCS,-4.555655187154998
ADCS,4.5846487340940545
ADCS,-3.872252894858772
ADMDC,-11.285732758690678
ADD,9.820480700714477
ADEt2rpp_num1,4.29016866456548
ADOCBIK,-6.753940158144111
ADOCBLS,4.869331455639055
ADOCBLS,3.836829356632015
ADOCBLabcpp,7.280532570758519
ADOCBLabcpp,5.4826882526364145
ADOCBLabcpp,-2.3808558984949624
ALATA_D2_num1,1.3931589969661329
ALATA_D2_num1,1.8937648705714214
ANPRT,2.404637508598981
ANPRT,1.5750150537359
ANS,4.490509331522281
ANS,9.219283624331924
ANS,4.490509331522281
ANS,9.354431216407473
ALATA_L_num1,9.108296452933462
ALATA_L_num1,9.474204273332834
ADOCBLtonex,14.151888626513117
ADOCBLtonex,6.808993819301919
ADOCBLtonex,4.763974223417421
ADOCBLtonex,6.738045423654352
ALATA_L2_num1,7.5777389253365985
ALATA_L2_num1,9.1843434450463
ALAabcpp,13.782048105526346
ALAabcpp,4.007495871061745
ALAabcpp,3.502380082844275
ALAabcpp,6.513621552731064
ALAabcpp,2.5697237777745476
AOXSr2,-15.814019214080249
AOXSr2,-18.472817623043802
AP4AH,-4.063978355799974
AP5AH,-4.063978355799974
APCS,-6.70279115919897
APCS,-14.32248517716817
ALAt4pp,3.2579998971012283
ALCD19,13.598466522857327
APG3PAT120,8.980012738360568
ALCD2x_num1,6.748469679585372
ADPRDP_num1,-2.3864846908889583
ALDD19xr,8.498626944997731
ALDD2x,5.485581203457316
APG3PAT140,8.980012738360568
ALDD2y,-4.263489898770182
ALDD3y,-4.148958595033457
ADPT,0.6107633526367439
ADPT,-3.0866506546042873
ALLK,14.079126020427388
APG3PAT180,8.980012738360568
ALLTAMH,10.57788947620679
ALLTN,21.207667239012576
ALLTNt2rpp,7.620758571925413
ALLabcpp,0.09351727789712354
ALLabcpp,-4.617576299489804
ALLabcpp,7.368818029240536
APPLDHr,11.201866246738275
ADSK,7.370004567209363
ALPATE160pp,6.9789638542924735
ALPATE160pp,5.976291870277478
ALPATG160pp,6.9789638542924735
ALPATG160pp,5.976291870277478
APRAUR,7.067680503118833
ALR2_num1,1.8734071817609192
ALR4x,11.201866246738275
ARBTNabcpp,-9.842768415007038
ARBTNabcpp,3.9758805974632505
ARBTNabcpp,7.672535052209417
AM4PCP,10.859984291163856
AMALT1,23.91283007782114
AMALT1,23.91283007782114
AMALT2,23.91283007782114
AMALT2,23.91283007782114
ARBTptspp_num1,3.8633452692433505
ARBTptspp_num1,13.098479911980613
ARBTptspp_num1,4.804100919185335
ARBTptspp_num1,4.380738514446244
ARBTptspp_num1,14.590459665152888
ARBTptspp_num1,5.420066264861583
AMALT3,23.91283007782114
AMALT3,23.91283007782114
AMALT4,23.91283007782114
AMALT4,23.91283007782114
AMANK,14.363691770123658
AMAOTr,-13.999636758495745
AMAOTr,-5.802083960988012
AMMQLT8,-7.635907849792603
AMMQLT8,-2.7307060834379957
ARBabcpp,-5.039580148835465
ARBabcpp,9.053000113881112
ARBabcpp,8.082884529907666
ARBt2rpp,10.202166723820442
ARBt3ipp,4.878804646342486
ARGAGMt7pp,8.648936535138846
ARGAGMt7pp,7.186540720910961
AMPMS2,9.753366382330867
ARGDC,1.1562619514543162
ADSS,-1.534621912068317
ARGDCpp,-0.31997973641044025
AMPTASECG_num1,12.576947545280797
AMPTASEPG_num1,21.076982925714095
ARGORNt7pp,9.759947386735284
ARGORNt7pp,8.297551572507398
AGDC,15.091163397559729
ARGSS,8.860917047827204
ARGSS,8.375118434131853
ARGTRS,0.11160968835605907
ARGTRS,3.4284806327123856
ARGabcpp_num1,-6.869040170599625
ARGabcpp_num1,6.723365838899565
ARGabcpp_num1,10.851423175071773
ARGabcpp_num1,11.23708012485949
ARGt3pp,8.122011231047214
ASAD,17.313792131130988
ASCBPL,2.8599966833582444
ASCBptspp,3.8633452692433505
ASCBptspp,13.098479911980613
ASCBptspp,9.263489808889565
ASCBptspp,8.670823267723609
ASCBptspp,8.79078286798943
ASCBptspp,4.380738514446244
ASCBptspp,14.590459665152888
ASCBptspp,10.403251270573419
ASCBptspp,9.179675274403483
ASCBptspp,11.15217844024991
ASNN_num1,3.241290506736111
ASNNpp,10.701437742210802
ASNS1,8.567514954159483
ASNS1,8.505972471289278
ASNS2,5.0676912463863015
ASNTRS,-4.340007454104549
BSORy,7.945313403449915
AGM3PH,8.138946919890921
ASNt2rpp,3.1976133713243646
BTS5,-0.9825732719827569
BTS5,3.4639590354065484
ASO3t8pp,1.9279588764952056
BUTCT,-1.292654557401053
BUTCT,3.5289051697182563
AGM3Pt2pp,5.8112637047653335
BUTSO3abcpp_num1,2.92149100134956
BUTSO3abcpp_num1,0.27639282460337866
BUTSO3abcpp_num1,5.841682501610468
ASP1DC,-3.933418850699565
ASPCT_num1,2.595788622472477
ASPCT_num1,16.789073237205614
ASPCT_num1,1.8763979913833724
ASPCT_num1,16.524629703578608
ASPK_num1,7.7358726324706035
ASPO3,-4.880749484436105
ASPO4,-4.880749484436105
ASPO4,-6.431723879615797
ASPO5,-4.880749484436105
ASPO5,-4.880749484436105
ASPO6,-4.880749484436105
BWCOS,2.0247656959311766
ASPTA,7.941753789543436
ASPTA,7.941753789543436
ASPTRS,-11.126578414837354
ASPTRS,-10.418719449632778
ASPabcpp,-1.1696949732501332
ASPabcpp,5.9862451807260255
ASPabcpp,11.645174262990706
ASPabcpp,13.720877180293288
ASPt2_2pp,8.35058339773007
CBIAT,-1.640126697014168
CBItonex,14.151888626513117
CBItonex,6.808993819301919
CBItonex,4.763974223417421
CBItonex,6.738045423654352
CBIuabcpp,7.280532570758519
CBIuabcpp,5.4826882526364145
CBIuabcpp,-2.3808558984949624
CBL1abcpp,7.280532570758519
CBL1abcpp,5.4826882526364145
CBL1abcpp,-2.3808558984949624
ASPt2_3pp_num1,1.4415624066841184
ASR,2.3195492806489413
ASR,7.12398754010597
ASR,2.3195492806489413
ASR,7.394579358749275
AST,5.527158961767003
AST,-3.2552678681155647
ATHRDHr,-0.008741729376916276
ATPPRT,8.01353474952609
CBL1tonex,14.151888626513117
CBL1tonex,6.808993819301919
CBL1tonex,4.763974223417421
CBL1tonex,6.738045423654352
CBLAT,-2.5470950666763215
CBPS,6.306534744642228
CBPS,1.5990692058706766
CBPS,6.321136348164527
CBPS,1.746505722759956
CCGS,0.07059041328492036
BALAt2pp,5.698561710774039
BETALDHx,-8.788967118485493
BETALDHy,-8.788967118485493
BMOCOS,4.042268620054086
BMOCOS,2.0247656959311766
CDAPPA120,7.908539900678953
CDAPPA140,6.1299645922000785
CDAPPA141,7.908539900678953
BPNT,-7.505333723211103
BSORx,7.945313403449915
CDAPPA161,7.908539900678953
CDAPPA180,6.1299645922000785
CDAPPA181,7.908539900678953
CDGR,-11.49546213668238
CHLabcpp,11.969219922938379
CHLabcpp,9.442776307596686
CHLabcpp,6.598562992478775
CHLabcpp,0.395331788149881
CHLt2pp_num1,2.833726182272678
CDPMEK,0.2124856755362804
CHOLD,13.131516431767283
CFAS160E,-12.869401239525532
CFAS160E,-8.909333062134325
CFAS160G,-12.869401239525532
CFAS160G,-8.909333062134325
CFAS180E,-12.869401239525532
CFAS180E,-8.909333062134325
CHTBSptspp,13.098479911980613
CHTBSptspp,12.172217303452955
CINNDO,4.14864648899504
CINNDO,15.012047614591951
CINNDO,4.720209167988654
CINNDO,8.748596550257586
CFAS180G,-12.869401239525532
CFAS180G,-8.909333062134325
CGLYabcpp,2.255671183413554
CGLYabcpp,1.1432490244134734
CGLYabcpp,0.5875624069280045
CGLYabcpp,7.130489034234125
CGLYabcpp,4.983818608236799
CITt7pp,1.4924466899258413
CITt7pp,1.4924466899258413
COLIPAabcpp,4.173141770258691
COLIPAabctex,-0.48240929202822963
COLIPAabctex,8.719923921402657
COLIPAabctex,3.843174123773308
COLIPAabctex,2.564232981581179
COLIPAabctex,15.829871967692839
CLIPAabctex,-0.48240929202822963
CLIPAabctex,8.719923921402657
CLIPAabctex,3.843174123773308
CLIPAabctex,2.564232981581179
CLIPAabctex,15.829871967692839
CPGNabcpp,-9.842768415007038
CPGNabcpp,3.9758805974632505
CPGNabcpp,7.672535052209417
CPGNtonex,14.151888626513117
CPGNtonex,5.849086131565437
CPGNtonex,4.763974223417421
CPGNtonex,6.808993819301919
CPH4S,0.9437325120509995
CPPPGO,4.089073414506083
CPPPGO2,-7.1469570167913785
CPPPGO2,-12.939039244658558
CRNBTCT,7.939449520575626
CRNBTCT,0.8960645723884332
CRNCAL2,-6.664453874690501
AGMT,-2.9770616026069154
CRNCBCT,0.8960645723884332
CRNCBCT,7.939449520575626
CRNDCAL2,-6.664453874690501
CRNDabcpp,6.175759453239176
CRNDabcpp,7.942097824392645
CRNDabcpp,-2.1995640588778977
CRNDt2rpp,4.101292003306197
CRNabcpp,6.175759453239176
CRNabcpp,7.942097824392645
CRNabcpp,-2.1995640588778977
CRNt2rpp,4.101292003306197
CRNt7pp,-0.39990017866442357
CRNt7pp,-0.39990017866442357
CRNt8pp,-0.39990017866442357
CRNt8pp,-0.39990017866442357
CMtpp,16.087236028645016
CMtpp,3.7050441318160643
CMtpp,6.940210239833845
CS,2.6408579522406876
CS,7.125320866277125
CSND,27.490379667771297
CSNt2pp,13.10309762417888
CTBTCAL2,-6.664453874690501
CTBTabcpp,6.175759453239176
CTBTabcpp,7.942097824392645
CTBTabcpp,-2.1995640588778977
CTBTt2rpp,4.101292003306197
COLIPAKpp,2.9739738998572722
COLIPAKpp,-1.9239760897021971
AGPAT140,5.399737627882791
CTPS2,2.3629121975650778
CYNTAH,6.028676909983638
CYNTAH,9.38077052446288
CYNTt2pp,8.331323562349487
CYSDDS,18.39856153347357
CYSDS_num1,3.0146992162628092
CYANST,11.470526883094688
CYANST,11.470526883094688
CYSS_num1,16.504625223879962
CYSSADS,5.986804046225518
CYSTL_num1,15.43406522533158
CYANSTpp,13.257006583364603
CYANSTpp,13.336044385099894
AGPAT160,5.399737627882791
CYSTRS,5.579641860274715
CYSTRS,4.882472057835049
CYSabc2pp,1.8994819652433808
CYSabc2pp,3.2733660225106576
CYTBD2pp,2.4076573700531454
CYTBD2pp,-4.381012012129361
DASYN161,5.32559353074702
DASYN180,5.953776700701495
DBTS,9.106403496740928
DC6PH,7.932408273995157
CYTD,4.630610260904546
CYTDH_num1,12.243440162458002
CYTDK2,4.003190848315315
AGPAT180,5.399737627882791
DCYTD,4.630610260904546
DCYTt2pp_num1,0.10959937805385028
D_LACt2pp_num1,2.759767863955479
DAAD,-0.14165462397638393
DDGALK,4.227203406463326
DDGLCNt2rpp,8.641395291244194
DDGLK,8.13575886362159
DDPA_num1,8.906074297612435
DDPA_num1,8.906074297612435
DADA,6.088523683308187
DADNt2pp_num1,0.306644573416176
DGSNt2pp,0.306644573416176
DHACOAH,11.661698639059138
DAGK160,5.7089462115669285
DAGK161,4.678022850256811
DAGK180,5.7089462115669285
AGPR,6.392976176332487
DHAPT,5.751475799626093
DHAPT,4.027745762286162
DHAPT,7.079732426147553
DHAPT,13.098479911980613
DHAPT,9.28163038422739
DHAPT,6.454117285211948
DHAPT,4.655419760663808
DHAPT,6.497794420623695
DHAPT,14.590459665152888
DHAPT,11.154580568019274
DHBD,6.719796286208554
DHBS,-3.3843268078820095
DAGK181,4.678022850256811
DALAt2pp,5.698561710774039
DAPAL,11.48508796695697
DAPDC,5.439825333034462
DHCIND,6.272654192692167
DHCINDO,11.17946881353291
DHDPRy,13.684036399596259
DASYN140,5.953776700701495
DHDPS,14.739964978268741
DHDPS,14.646482299998013
DHFR_num1,10.565739694376518
DHFS,2.044142503160491
DHFS,0.9888018418192103
DHPPD,3.7249897433294032
AHCYSNS,-0.9048890562486294
DHPPDA2,6.223966380832169
DHPS2,-5.498278755197713
DHPS2,-7.330504195975477
DHNAOT4,4.6968117401549225
DHNAOT4,2.3703349405672243
DHPTDNR,9.768595658322502
DHPTDNRN,9.768595658322502
DHORD2,5.167546979108148
DHORD5,6.4003010605330815
DHORD5,5.711907969357671
AICART,3.365818889799422
AICART,4.4340746193799925
DINSt2pp,0.306644573416176
DHORTS,7.311128736681468
AIRC2,-7.962017241009347
AIRC2,-7.27591809775627
DKGLCNR2x,7.199838814615703
DKGLCNR2y,7.199838814615703
DXPRIi,11.317059817559727
DMATT,5.3909708554030695
DMATT,-4.941944874369552
DMPPS,8.866505702822124
DXPS,-6.16469188990075
DXPS,-5.121211686638081
AKGDH,11.62798475288047
AKGDH,5.387950993948905
AKGDH,-2.1193890308355
DXYLK,27.261787623519375
E4PD_num1,-5.68459125783018
DMQMT,-19.64926925461292
DMQMT,-16.14829723496527
DMSOR1,4.84969929809944
DMSOR1,5.244152836720478
DMSOR1,8.504579512410928
DMSOR1,7.63402608475467
DMSOR1,1.54996014245087
DMSOR1,-1.9383276945674046
DMSOR1,2.470985776051686
DMSOR1,3.873906374592167
AKGt2rpp,-0.4380658757918489
DNTPPA_num1,1.923104927033816
DOGULNR,6.415745931696885
EAR141x,6.3476125056377315
EAR141y,6.3476125056377315
DOXRBCNtpp,16.087236028645016
DOXRBCNtpp,3.7050441318160643
DOXRBCNtpp,6.940210239833845
DPCOAK,1.3490025063311555
DPR_num1,11.284150208406322
DSBAO2,0.7428528571637724
DSBAO2,0.4262895729254431
EAR181x,3.635979518098386
DSBCGT,5.8895759752297385
EAR181y,3.635979518098386
ALAALAD,9.803751432780295
DSBGGT,0.6465957289646479
DSERDHr,-0.008741729376916276
DSERt2pp,5.698561710774039
ALAALAabcpp_num1,2.285913375702762
ALAALAabcpp_num1,1.8221008824375005
ALAALAabcpp_num1,8.759333495640442
ALAALAabcpp_num1,5.331369493604289
ALAALAabcpp_num1,3.4898381012859048
DURADx,-1.5503217512814786
DURADx,3.460076028741814
DURIK1,4.2511107703957745
DURIPP_num1,12.77437614836952
DURIt2pp_num1,0.306644573416176
ECA4OALpp,-3.6533005159512033
ECA4OALpp,-9.908558199221194
ECAP2pp,7.08992044481545
ECAP2pp,9.590593556385757
ECAP2pp,4.346377842751065
ECAP2pp,6.929618553609544
ECAP3pp,7.08992044481545
ECAP3pp,9.590593556385757
ECAP3pp,4.346377842751065
ECAP3pp,6.929618553609544
ALAALAr_num1,0.732115147259029
EDTXS1,17.78211530353032
ENTCS,0.27448037310272255
ENTCS,0.27448037310272255
ENTERES,-7.1501244309697585
ENTERES2,-7.1501244309697585
ETHSO3abcpp,5.2114687615237765
ETHSO3abcpp,1.255794291417906
ETHSO3abcpp,10.381453222527565
EDTXS3,10.427963676053015
EDTXS3,13.172869420642154
ENLIPAabctex,-0.48240929202822963
ENLIPAabctex,8.719923921402657
ENLIPAabctex,3.843174123773308
ENLIPAabctex,2.564232981581179
ENLIPAabctex,15.829871967692839
FCLK,10.656378351227122
F6PP,11.137900229485869
F6Pt6_2pp,-0.15631471342304856
FEENTERtonex,14.151888626513117
FEENTERtonex,6.808993819301919
FEENTERtonex,7.328651578334491
FEENTERtonex,4.763974223417421
FEENTERtpp,3.1208806030787706
FEOXAMR2,1.0227213843855147
FEOXAMR3,0.7022261640816749
FACOAE100,5.848850658824201
FACOAE120,7.677898937769522
FACOAE140,7.677898937769522
FACOAE160,-0.6306298261127612
FCLT,-2.3467498125881985
FACOAE180,-0.6306298261127612
FACOAE181,3.284486757880853
FHL_num1,0.876001224504476
FHL_num1,7.118034972692774
FHL_num1,-1.104150218300802
FHL_num1,11.231951712040622
FHL_num1,3.150171730140389
FHL_num1,4.116697883853757
FHL_num1,10.312465825520485
FHL_num1,10.225171187404188
FHL_num1,13.804876729076053
FHL_num1,7.199623219443533
FHL_num1,1.454839858297908
FACOAE80,-0.6306298261127612
FLVR_num1,9.199925930149787
FDH4pp_num1,6.750725019152406
FDH4pp_num1,8.36010475331239
FDH4pp_num1,11.003723580206975
FLVRx,9.199925930149787
FMETTRS,5.472431426998677
FMETTRS,3.08011629605699
FACOAL160t2pp_num1,-13.445964656182865
FACOAL161t2pp_num1,-6.195497988755644
FACOAL180t2pp_num1,-13.445964656182865
FOMETRi,-6.9050877120561385
FORCT,2.0969388556419264
FORCT,3.38026376633486
FORt2pp_num1,8.444408581806234
FACOAL181t2pp_num1,-6.195497988755644
FACOAL60t2pp_num1,-6.195497988755644
FACOAL80t2pp_num1,-6.875875091835805
FDH5pp_num1,3.3838035026722726
FDH5pp_num1,3.469215123380568
FDH5pp_num1,2.024774870193822
FDH5pp_num1,4.139516568618931
FDH5pp_num1,4.32917762933441
FDH5pp_num1,3.2971265982407765
FALDH2,13.598466522857327
FRD2,1.480345837496345
FRD2,12.459656126401061
FRD2,0.5032876302658713
FRD2,2.7424399753836735
FRD2,-1.7977412937868116
FRD2,5.74420901908892
FRD2,3.4312160920245374
FRD2,4.472779304437845
FRD3,-3.1144609027705346
FRD3,4.427484440712931
FRD3,5.0169927419631515
FRD3,5.2903697138412715
FRD3,1.480345837496345
FRD3,12.459656126401061
FRD3,2.242531345739448
FRD3,3.976940224798813
FRUK,0.5617521480184899
FRULYSK,-1.5191969184735787
FBP_num1,2.2539846481305448
FRULYSt2pp,7.118799494579904
FRUURt2rpp,0.7579154673840109
FDMO,-4.254889792061855
FDMO,0.47345751527382623
FRUpts2pp,8.23557637024908
FRUpts2pp,5.320553037945171
FRUpts2pp,3.8633452692433505
FRUpts2pp,13.098479911980613
FRUpts2pp,10.464568984008809
FRUpts2pp,8.938483909451657
FRUpts2pp,6.546599968854311
FRUpts2pp,4.380738514446244
FRUpts2pp,14.590459665152888
FRUpts2pp,10.59488326871392
FRUptspp,13.098479911980613
FRUptspp,8.653182689699968
FRUptspp,3.8633452692433505
FRUptspp,7.696765808900121
FRUptspp,14.590459665152888
FRUptspp,9.110700109746599
FRUptspp,4.380738514446244
FRUptspp,7.096461694081735
FUCtpp,8.14707531659489
FUM_num1,6.879332891005443
FUMt2_2pp,8.35058339773007
FTHFD,6.477642388200831
FDMO2,-5.0267977251435925
FDMO2,-0.10823507872426269
FUMt2_3pp_num1,1.4415624066841184
FUSAtpp,16.087236028645016
FUSAtpp,3.7050441318160643
FUSAtpp,6.940210239833845
G1PACT,10.207697275151942
G1PACT,11.027807548695348
G1PPpp,11.830275715171341
G6Pt6_2pp,-0.15631471342304856
GAL1PPpp,11.830275715171341
G1PTT_num1,12.171835042509391
FDMO3,-0.10823507872426269
FDMO3,-5.0267977251435925
GALCTLO,10.765530670096473
G2PP,5.262941726618589
G2PPpp,15.455207313598278
G3PAT120,5.691442482961083
G3PAT120,1.603129581613225
GALCTNLt2pp,0.7080900469559633
GALCTNt2pp,7.008793969284518
G3PAT140,5.691442482961083
G3PAT140,1.603129581613225
FDMO4,-0.10823507872426269
FDMO4,-5.0267977251435925
GALCTt2rpp_num1,6.658017566075227
GALKr_num1,1.4287948911690445
GALS3,5.655090996271817
G3PAT180,5.691442482961083
G3PAT180,1.603129581613225
G3PCabcpp,6.18394748265034
G3PCabcpp,6.50115755240518
G3PCabcpp,3.8878114986752905
G3PCabcpp,12.874996402978496
G3PD2,15.206268283842274
GALT1,-5.19791062479017
GALT1,-4.034726410485072
GALTptspp,7.605333578330675
GALTptspp,13.098479911980613
GALTptspp,3.8633452692433505
GALTptspp,10.129257329532386
GALTptspp,8.050906108412786
GALTptspp,14.590459665152888
GALTptspp,4.380738514446244
GALTptspp,11.738097311240056
G3PD5_num1,4.051006340702097
G3PD5_num1,7.02147432930446
G3PD5_num1,6.246913505274381
G3PD6,4.051006340702097
G3PD6,7.02147432930446
G3PD6,6.246913505274381
G3PD6,0.8685287875796658
G3PD6,4.218584186707821
G3PD6,4.8871692803095765
GALURt2rpp,4.96423538009796
FDMO6,-5.1737335757620375
FDMO6,-0.25516089499293926
GALUi,8.961517424867115
G3PD7,2.156913304121627
G3PD7,4.641220295654139
G3PD7,5.899637083264372
G3PD7,-0.48861682749078306
G3PD7,2.1843611689133744
G3PD7,3.8672970828779265
G3PEabcpp,6.18394748265034
G3PEabcpp,6.50115755240518
G3PEabcpp,3.8878114986752905
G3PEabcpp,12.874996402978496
G3PGabcpp,6.18394748265034
G3PGabcpp,6.50115755240518
G3PGabcpp,3.8878114986752905
G3PGabcpp,12.874996402978496
GALabcpp_num1,-5.064522102011671
GALabcpp_num1,7.7172611116503065
GALabcpp_num1,13.044359407590669
GALt2pp,10.009228922296723
GAM6Pt6_2pp,-0.15631471342304856
G3PIabcpp,6.18394748265034
G3PIabcpp,6.50115755240518
G3PIabcpp,3.8878114986752905
G3PIabcpp,12.874996402978496
GAMptspp,8.23557637024908
GAMptspp,5.320553037945171
GAMptspp,3.8633452692433505
GAMptspp,13.098479911980613
GAMptspp,10.234909667202453
GAMptspp,8.938483909451657
GAMptspp,6.916135445608115
GAMptspp,5.557146568267797
GAMptspp,14.590459665152888
GAMptspp,10.82454411456405
G3PSabcpp,6.18394748265034
G3PSabcpp,6.50115755240518
G3PSabcpp,3.8878114986752905
G3PSabcpp,12.874996402978496
G3PT,11.137900229485869
G5SD,13.735213494720751
GAPD,11.588691385969529
GARFT,-0.22242789039546093
GARFT,3.7566837626822718
GART,10.477935884683392
GART,11.673200106329125
GCALDD,-2.662175488258478
G6PDA,16.80663583399677
G6PDH2r,25.906015089758213
GDPMNH,-0.29589576792206557
GDPMNP,-1.415967350663827
GDPTPDP,6.2982779082612215
GGGABAH,4.814162027219968
GGPTRCO,-0.5585541429426206
GGPTRCS,7.51734322529709
GGPTRCS,7.5199701225012685
GHBDHx,10.669518953423117
GF6PTA,10.224622260689229
GF6PTA,8.874438381922987
GGGABADr,5.243123790260401
GHMT2r,1.8937648705714214
GHMT2r,2.5408447280100925
GLCATr,4.666510679680405
GLCATr,10.394720735356822
GLUTRS,-0.06475442543750838
GLUTRS,4.75287336561629
GLUabcpp,-1.1696949732501332
GLUabcpp,5.9862451807260255
GLUabcpp,11.645174262990706
GLUabcpp,13.720877180293288
GLUt2rpp,4.873999626281872
GLCDpp_num1,29.743866033750905
GLCNt2rpp_num1,0.7579154673840109
GLUt4pp,9.85120377727069
GLXCL,13.429947550408546
GLYAT,-7.775150698921801
GLYAT,-5.235767359509959
GLYBabcpp,11.969219922938379
GLYBabcpp,9.442776307596686
GLYBabcpp,6.598562992478775
GLYBabcpp,0.395331788149881
GLCRt2rpp_num1,7.136764229883689
GLYC2Pabcpp,6.18394748265034
GLYC2Pabcpp,6.50115755240518
GLYC2Pabcpp,3.8878114986752905
GLYC2Pabcpp,12.874996402978496
GLCTR1,-4.398898575070186
GLCTR1,-4.95061847074428
FE3DCITabcpp,5.905049898225253
FE3DCITabcpp,-5.149585769696087
FE3DCITabcpp,7.202230239078646
FE3DCITabcpp,4.742576784840422
GLCTR2,10.062438116597209
GLCTR2,5.1167414416208
GLCTR3,0.6445162294316539
GLCTR3,-0.20036417099382772
GLCURt2rpp_num1,8.641395291244194
GLYC3Pabcpp,6.18394748265034
GLYC3Pabcpp,6.50115755240518
GLYC3Pabcpp,3.8878114986752905
GLYC3Pabcpp,12.874996402978496
GLYC3Pt6pp,2.1148646003294673
GLYCAt2rpp_num1,6.658017566075227
GLCabcpp,-5.064522102011671
GLCabcpp,7.7172611116503065
GLCabcpp,13.044359407590669
GLCptspp_num1,13.098479911980613
GLCptspp_num1,7.706817742672109
GLCptspp_num1,3.8633452692433505
GLCptspp_num1,7.091902085546891
GLCptspp_num1,14.590459665152888
GLCptspp_num1,9.221156702955392
GLCptspp_num1,5.557146568267797
GLCptspp_num1,7.09970785401449
GLCt2pp,10.009228922296723
GLYCDx,11.201866246738275
GLYCK,4.011467562265386
GLYCK2,4.236734700830178
GLYCL,12.999035492034043
GLYCL,-2.612267117205677
GLYCL,-2.8031636452907582
GLYCL,5.327515538771265
GLYCL,15.197609308948637
GLYCL,-2.5872561659291566
GLYCL,-3.5344005430209444
GLYCL,7.087567246446863
GLGC,7.677516676825958
GLNS_num1,5.158927759352642
GLNTRS,-0.3973015687700681
GLNabcpp,15.993282404891817
GLNabcpp,0.7622694195312173
GLNabcpp,17.74827450671839
GLYCLTDx_num1,7.199838814615703
GLYCLTt2rpp_num1,2.759767863955479
GLYCLTt4pp,4.667059606395364
GLTPD,14.51269708592533
GLYCTO2,2.7097857165405697
GLYCTO2,6.651731667119242
GLYCTO2,8.2536695452299
GLU5K,10.922566523800558
GLYCTO3,2.7097857165405697
GLYCTO3,6.651731667119242
GLYCTO3,8.2536695452299
GLYCTO3,1.1645677172360984
GLYCTO3,5.571110560536229
GLYCTO3,8.022144795018948
GLYCTO4,-1.5094985760743889
GLYCTO4,4.22616365669683
GLYCTO4,4.441115101438575
GLYCTO4,-1.7590266699444266
GLYCTO4,3.4279118284283605
GLYCTO4,3.993531878793312
GLYK,16.62061389746403
GLYOX,2.4089906962243
GLUABUTt7pp,9.320423753824148
GLUABUTt7pp,9.16314325311618
GLUCYS,2.297112092305445
GLUCYS,3.137521186474046
GLUDC_num1,10.681688612822454
GLUDy,18.639087764383593
GLUN_num1,-3.872252894858772
GLUNpp,10.701437742210802
GLUPRT,17.09079027091776
GLUPRT,15.899113185966444
GLYTRS,6.3120951123273255
GLYTRS,-2.9647254685666544
GLYTRS,5.829199388237408
GLYTRS,-4.032784907152704
GLUTRR,-8.783004994548708
GMHEPPA,6.777377781181538
GLYt4pp,3.2579998971012283
GMPS2,3.1479653199741313
GMHEPAT,-3.7614920219389014
GMHEPK,-2.7014493598612983
GND,13.006928415996775
GNK_num1,11.604851849619687
GOFUCR,6.100898999095164
GP4GH,-4.063978355799974
GPDDA1,2.4220036232651427
GPDDA1pp,9.515841664349717
GPDDA2,2.2646634898499793
GPDDA2pp,9.03178921864457
GPDDA3,3.7958104638218195
HACD1_num1,15.81730016978087
GPDDA3pp,11.135606663824477
GPDDA4,3.7958104638218195
GPDDA4pp,11.135606663824477
GPDDA5,3.7958104638218195
GPDDA5pp,11.135606663824477
HACD2_num1,15.81730016978087
HACD3_num1,15.81730016978087
HACD4_num1,15.81730016978087
GRTT,6.856631178089
GRTT,-4.941944874369552
GRXR_num1,7.31042231845776
GSNK,-1.2381418532830102
GSNt2pp,0.306644573416176
GSPMDA,8.2511389777835
GSPMDS,8.2511389777835
GSPMDS,10.007022512130465
HACD5_num1,15.81730016978087
HACD6_num1,15.81730016978087
HACD7_num1,15.81730016978087
HACD8_num1,15.81730016978087
HADPCOADH3,17.112903301981113
HBZOPT,-1.1507493563651603
HBZOPT,-4.697354445107545
HCINNMt2rpp,5.207390037255936
GTHOr,8.835793329572331
GTHRDHpp,0.7771844770272398
GTHRDabc2pp,1.8994819652433808
GTHRDabc2pp,3.2733660225106576
HCYSMT,-8.387526805468443
HCYSMT,-9.370625691259605
HCYSMT2,-8.387526805468443
HCYSMT2,-8.387526805468443
GTHRDabcpp,7.047646971588474
GTHRDabcpp,3.1514362493417023
GTHRDabcpp,4.4288965126384605
GTHS,-0.4759961001780382
GTHS,-1.1077297097763454
HEMEOS,4.008162534147322
HEPK1,-0.9323560340875551
HEPK2,-3.967485563729142
HEPT1,-6.481730491731094
HEPT1,-7.33587792475488
HEPT2,1.3856383951624334
HEPT2,2.0604107643967335
HEPT3,-11.365799989146991
HEPT3,-14.710814895473296
GTPDPDP,8.025999514373858
HEPT4,3.306344438633905
HEPT4,1.0159056717617492
HETZK,-4.119760739642069
HEX1,23.357643457649854
HEX7,6.908507046218331
HEXt2rpp,5.7081518733262
GUAD,9.498337171221985
GUAPRT_num1,7.0732202287129775
GUAPRT_num1,5.165595919252191
GUAt2pp,4.29016866456548
HISTD,6.336708129961594
HISTP,26.24647503462257
HISTRS,13.59205371326808
HISTRS,13.371080894143297
HISabcpp,-6.869040170599625
HISabcpp,8.4781224679849
HISabcpp,6.723365838899565
HISabcpp,10.851423175071773
HISt2rpp,5.178824441465205
HKNDDH,8.280440043629651
HPPK2,-4.191257679743652
HPPPNDO,11.931084042164551
HPPPNt2rpp,5.207390037255936
HKNTDH,8.280440043629651
HMBS,6.920410652000948
HMPK1_num1,-6.430424574668619
HOMt2pp_num1,8.852404861135897
HSDy_num1,9.579718997063218
HSK,4.932964141348674
HSST,14.421598186898672
HSST,8.836920234833961
ILEabcpp,13.782048105526346
ILEabcpp,4.007495871061745
ILEabcpp,3.502380082844275
ILEabcpp,6.513621552731064
ILEabcpp,2.5697237777745476
ILEt2rpp,14.282025542140413
HSTPT,-0.3050157495136414
HSTPT,-1.1485035733217153
HXAND,5.377791262590833
HXAND,7.95873840778792
HXAND,20.54452707029096
HXCT,-1.292654557401053
HXCT,3.5289051697182563
HXCT,6.030157024357122
HXCT,3.741767940664362
HXPRT_num1,7.0732202287129775
HXPRT_num1,5.864579932130018
INDOLEt2rpp,4.171906302889088
HYD2pp_num1,3.552322475121054
HYD2pp_num1,5.974301055283391
HYD2pp_num1,1.8400564434786397
HYD3pp_num1,3.552322475121054
HYD3pp_num1,5.974301055283391
HYD3pp_num1,2.308164020705799
INOSTt4pp,2.798472549013331
INSH,9.96723985121176
INSK,-0.5823831433816373
IPDPS,-0.037277508814049974
IPMD,7.122565529395908
ICDHyr,8.704830730306933
IPPMIb,10.74425096789009
IPPMIb,8.305337463405932
IPPS,10.530192484712513
IPPS,3.8786624652520034
ICHORT,2.296936252271405
ISETACabcpp_num1,6.138878152882129
ISETACabcpp_num1,14.784593178908079
ISETACabcpp_num1,13.362079413444226
ICYSDS,7.457907764747816
K2L4Aabcpp,4.173141770258691
K2L4Aabctex,-0.48240929202822963
K2L4Aabctex,8.719923921402657
K2L4Aabctex,3.843174123773308
K2L4Aabctex,2.564232981581179
K2L4Aabctex,15.829871967692839
IDOND,13.824401089029584
IDOND2,13.824401089029584
IDONt2rpp,5.430048627141841
KARA1,1.3735276039484043
KARA2,1.3735276039484043
KDOCT2,-3.021846530233114
IG3PS,4.95547854640277
IG3PS,3.7151052398506974
IG3PS,4.715286411557423
IG3PS,4.336424532302518
IGPS,3.0870099899132426
KDOPP,4.501541382353569
ILETA,5.063955027923897
ILETA,4.873734337187038
ILETRS,6.832998277514032
ILETRS,8.511620758991397
KDOPS,3.8198355641248853
KDOPS,3.8198355641248853
KG6PDC_num1,13.276657853951397
LA4NTpp,12.77516972208836
LACZ,22.611393643622094
LACZpp,8.295207548401457
L_LACD2_num1,6.178338185564466
L_LACD3_num1,-1.5697084972953257
L_LACD3_num1,-1.1297444997772024
L_LACt2rpp_num1,2.759767863955479
LALADGLUtpp_num1,4.499697355561811
LALALGLUtpp_num1,4.499697355561811
LALDO2x,11.201866246738275
LALGP,12.055161357314455
LCADi,-1.1943477460225327
LPLIPAL1E180pp,13.623934275961407
LPLIPAL1G120pp,14.17128454678961
LPLIPAL1G140pp,14.17128454678961
LCARS,11.514153560061885
LCTSt3ipp_num1,-1.2972929116902718
LCTStpp,2.828097007617738
LPLIPAL1G160pp,14.17128454678961
LPLIPAL1G180pp,14.17128454678961
LPLIPAL1G181pp,14.17128454678961
LDH_D_num1,6.4794176080227475
LDH_D2,6.4794176080227475
LEUTAi_num1,5.063955027923897
LEUTAi_num1,5.2615495322621255
LEUTRS,1.7602143647180872
LEUTRS,6.336805988763147
LEUabcpp_num1,13.782048105526346
LEUabcpp_num1,4.007495871061745
LEUabcpp_num1,3.502380082844275
LEUabcpp_num1,6.513621552731064
LEUabcpp_num1,2.5697237777745476
LEUt2rpp,14.282025542140413
LPLIPAL2A160,3.7601546920498428
LGTHL,17.834686886576936
LGTHL,17.27773422084638
LIPACabcpp,4.173141770258691
LPLIPAL2A180,3.7601546920498428
LPLIPAL2ATE120,3.7601546920498428
LIPAHT2ex,4.459531669177653
LIPAHT2ex,4.459531669177653
LPLIPAL2ATE140,3.7601546920498428
LPLIPAL2ATE140,3.878083722183446
LIPAHTex,4.459531669177653
LIPAHTex,4.964834000735583
FECRMabcpp,-9.842768415007038
FECRMabcpp,3.9758805974632505
FECRMabcpp,7.672535052209417
LIPATPT,-5.7085624354488935
LIPAabcpp,4.173141770258691
LPLIPAL2ATE160,3.7601546920498428
LPLIPAL2ATE160,3.878083722183446
LPLIPAL2ATE161,3.7601546920498428
LPLIPAL2ATE180,3.7601546920498428
LPLIPAL2ATE180,3.878083722183446
LPLIPAL2ATE181,3.7601546920498428
LPLIPAL2ATG140,3.7601546920498428
LPLIPAL2ATG140,3.878083722183446
LIPAabctex,-0.48240929202822963
LIPAabctex,8.719923921402657
LIPAabctex,3.843174123773308
LIPAabctex,2.564232981581179
LIPAabctex,15.829871967692839
LIPOS,-2.5083605652648715
LPLIPAL2ATG160,3.7601546920498428
LPLIPAL2ATG160,3.878083722183446
LPLIPAL2ATG161,3.7601546920498428
LPADSS,0.7477465617632926
LPADSS,1.8558147686161668
LPLIPAL1A120pp,13.623934275961407
LPLIPAL1A140pp,13.623934275961407
LPLIPAL2ATG180,3.7601546920498428
LPLIPAL2ATG180,3.878083722183446
LPLIPAL2ATG181,3.7601546920498428
LPLIPAL2E120,3.7601546920498428
LPLIPAL2E140,3.7601546920498428
LPLIPAL1A160pp,13.261428577959764
FECRMtonex,14.151888626513117
FECRMtonex,6.808993819301919
FECRMtonex,-0.19703964756764217
FECRMtonex,4.763974223417421
LPLIPAL1A161pp,13.623934275961407
LPLIPAL1A180pp,13.623934275961407
LPLIPAL1A181pp,13.623934275961407
LPLIPAL1E120pp,13.623934275961407
LPLIPAL1E140pp,13.623934275961407
LPLIPAL2E160,3.7601546920498428
LPLIPAL2E180,3.7601546920498428
LPLIPAL1E160pp,13.623934275961407
LPLIPAL2G140,3.7601546920498428
LPLIPAL2G160,3.7601546920498428
MALCOAMT,-0.48584161304050055
MALCOAMT,-1.2870257650070571
MALDDH,12.684266540664808
MALDt2_2pp,8.35058339773007
LPLIPAL2G180,3.7601546920498428
LSERDHr,-0.008741729376916276
MALS_num1,5.420605252792009
MALS_num1,6.910046793299011
MALTATr,4.666510679680405
MALTATr,10.394720735356822
LYSDC,3.9297332918341863
LYSTRS_num1,-0.07513930849134108
LYSTRS_num1,0.642760887178803
LYSabcpp,-6.869040170599625
LYSabcpp,6.723365838899565
LYSabcpp,10.851423175071773
LYSabcpp,11.23708012485949
LYSt2pp,4.592306949837438
LYSt3pp,8.122011231047214
MALTHXabcpp,7.4271067069591155
MALTHXabcpp,9.125036424174064
MALTHXabcpp,6.947054239767434
MALTHXabcpp,2.9669922859839994
MALTPTabcpp,7.4271067069591155
MALTPTabcpp,9.125036424174064
MALTPTabcpp,6.947054239767434
MALTPTabcpp,2.9669922859839994
MALTTRabcpp,7.4271067069591155
MALTTRabcpp,9.125036424174064
MALTTRabcpp,6.947054239767434
MALTTRabcpp,2.9669922859839994
LYXt2pp,1.946139206971161
FEENTERabcpp,10.840646474550786
FEENTERabcpp,10.063213341790759
FEENTERabcpp,12.229946351150154
FEENTERabcpp,-8.062427443229835
MALTTTRabcpp,7.4271067069591155
MALTTTRabcpp,9.125036424174064
MALTTTRabcpp,6.947054239767434
MALTTTRabcpp,2.9669922859839994
MALTabcpp,7.4271067069591155
MALTabcpp,9.125036424174064
MALTabcpp,6.947054239767434
MALTabcpp,2.9669922859839994
M1PD,10.905445820660164
MALTptspp,13.098479911980613
MALTptspp,7.706817742672109
MALTptspp,3.8633452692433505
MALTptspp,7.091902085546891
MALTptspp,14.590459665152888
MALTptspp,9.221156702955392
MALTptspp,5.557146568267797
MALTptspp,7.09970785401449
MALt2_2pp,8.35058339773007
MALt2_3pp_num1,5.78150239674313
MAN1PT2,3.312748073960507
MAN6Pt6_2pp,-0.15631471342304856
MDH,25.34836670911037
MDH2,6.51871097493369
MDH3,7.0372219511355665
MDH3,6.777466465720445
MANAO,16.380225280493686
MANGLYCptspp,13.612185103599991
MANGLYCptspp,13.098479911980613
MANGLYCptspp,3.8633452692433505
MANGLYCptspp,13.447383236566436
MANGLYCptspp,14.590459665152888
MANGLYCptspp,4.380738514446244
ME1,19.911074815490387
G6PP,11.137900229485869
MANPGH,10.40043783002878
MANptspp,8.23557637024908
MANptspp,5.320553037945171
MANptspp,3.8633452692433505
MANptspp,13.098479911980613
MANptspp,10.234909667202453
MANptspp,8.938483909451657
MANptspp,6.916135445608115
MANptspp,5.557146568267797
MANptspp,14.590459665152888
MANptspp,10.82454411456405
ME2,17.061949447247663
MECDPDH5_num1,2.9507721896266457
MECDPDH5_num1,20.41822193836196
MCITS,8.547374389564926
MCITS,1.658073476075609
MCOATA,1.4454851684869832
MCOATA,-7.74091732012083
MCPST,3.716919450288857
MCPST,3.716919450288857
MELIBt2pp,7.490542146021854
MELIBt3ipp,4.878804646342486
MEPCT,12.947836990296711
MDDCP1pp_num1,15.201717849570075
METAT,-2.6564583935865187
MDDCP2pp_num1,15.201717849570075
MLTG1,21.987455099184963
METDabcpp,-3.2435592154141664
METDabcpp,12.727746429429676
METDabcpp,9.586367279393702
METS_num1,1.9672812952378589
METS_num1,3.381763758277409
MSO3abcpp,5.2114687615237765
MSO3abcpp,1.255794291417906
MSO3abcpp,10.381453222527565
MLTG2,21.987455099184963
MTAN,-1.8903508880624378
MTHFC,10.292088259140918
MTHFD,10.292088259140918
MTHFR2,9.943645176731147
METSOXR1_num1,-0.5612609326840049
METSOXR1_num1,7.235915073425602
METSOXR2_num1,-4.341934431521061
METSOXR2_num1,7.235915073425602
METTRS,-5.932986628904853
METTRS,2.2771863583611713
METabcpp,-3.2435592154141664
METabcpp,12.727746429429676
METabcpp,9.586367279393702
MTRPOX,1.6779992100198826
NACODA,29.53487938877255
MI1PP,5.85223443269664
MICITDr,2.286580803310227
MLTG3,21.987455099184963
MINCYCtpp,16.087236028645016
MINCYCtpp,3.7050441318160643
MINCYCtpp,6.940210239833845
NADH10,-7.263905547604737
NADH17pp,-3.2308209428612753
NADH17pp,-11.16832322117938
NADH17pp,-7.859096348911525
NADH17pp,0.310772991606679
NADH17pp,-4.179833429184265
NADH17pp,-5.27549220346095
NADH17pp,-3.82319256970927
NADH17pp,-8.085820092801772
NADH17pp,2.654831883293653
NADH17pp,-1.527247716206003
NADH17pp,7.764919877050227
NADH17pp,1.0343512913325388
NADH17pp,12.161705127504916
NADH18pp,-4.547540551844998
NADH18pp,-12.48504779955537
NADH18pp,-9.175820927287514
NADH18pp,-1.005951204508367
NADH18pp,-4.179833429184265
NADH18pp,-6.592216686271705
NADH18pp,-5.139921830781819
NADH18pp,-9.40254448004729
NADH18pp,2.654831883293653
NADH18pp,-1.527247716206003
NADH18pp,8.233027454277387
NADH18pp,1.502458868559698
NADH18pp,11.305703609448296
NADH9,-7.931039387534248
MLTG4,21.987455099184963
NADPHQR3,7.635281429693339
NI2abcpp,12.164607252588462
NADPHQR4,6.779281440680492
MLTG5,21.986259386953492
NADS1,4.006398017631826
NI2t3pp_num1,7.670113046870989
NI2uabcpp_num1,0.3253157269436691
NI2uabcpp_num1,6.5837748456160154
NI2uabcpp_num1,11.349694198833765
NI2uabcpp_num1,4.50872865261448
NI2uabcpp_num1,1.9169467032329826
NMNAT_num1,0.8315106378048228
NAMNPP,-4.02163531108127
NAMNPP,-7.493433844472686
NNAM,6.6034268807246965
NNATr,7.382282788716673
NNDMBRT,5.419536451193801
NNDMBRT,6.3905151803778155
NNDPR,-6.044345578935068
NNDPR,-2.209635105697063
NO3R2bpp,1.9467569406559622
NO3R2bpp,4.33185498498314
NO3R2bpp,0.7905207968263386
NO3R2pp_num1,1.0236235202123283
NO3R2pp_num1,-3.383733538897596
NO3R2pp_num1,9.581092078372503
NO3R2pp_num1,-3.857259282738847
NOVBCNtpp,16.087236028645016
NOVBCNtpp,3.7050441318160643
NOVBCNtpp,6.940210239833845
MLTP1,-6.922469117160043
MLTP2,-6.922469117160043
OAADC,5.104610772837705
OBTFL_num1,6.292158675076632
OBTFL_num1,-0.9495069358424898
OBTFL_num1,12.847186154812249
OCBT_num1,19.087524193454893
OCBT_num1,17.708216617920314
OCTDPS,5.652393763054022
OCTDPS,1.4059662676193374
OCTNLL,-5.7085624354488935
OGMEACPS,0.412639799152621
OGMEACPS,-6.963895309005607
MLTP3,-6.189079851404495
OHPBAT,-1.15532884246907
OHPBAT,-1.490552959189416
OHPHM,-16.14829723496527
OHPHM,-20.808350184384558
OMBZLM,-2.7307060834379957
OMBZLM,-9.340946951601211
NTRIR4pp,25.184278905519395
NTRIR4pp,0.890160934376014
NTRIR4pp,5.88084819336626
NTRIR4pp,3.5205604133202306
O16A4Lpp,-3.6533005159512033
O16AP2pp,-3.2564591843461854
O16AP2pp,4.437800899057866
O16AP2pp,0.08834949220106714
O16AP2pp,9.590202121179546
OMMBLHX,4.638406090587613
OMPDC,3.7911132413472917
OMPHHX,8.463559855078845
OP4ENH,16.124498825423743
O16AP3pp,0.08834949220106714
O16AP3pp,9.590202121179546
OPHBDC,11.369649749131638
OPHBDC,-3.1434724059519352
MMCD,5.671408186908836
OPHHX,0.7316342629920242
O16GALFT,2.3447509801363005
O16GALFT,-2.162452637432825
O16GLCT1,-0.794098749236104
O16GLCT1,-3.5838238249363616
PGCD,10.269975228077564
ORNDC_num1,-10.502223970493628
MMETt2pp,-1.27982817370067
ORNabcpp,-6.869040170599625
ORNabcpp,6.723365838899565
ORNabcpp,10.851423175071773
ORNabcpp,11.23708012485949
OROTt2_2pp,8.35058339773007
ORPT,3.066328908344484
OXCDC,11.808496015650777
PACCOAE,0.09338004621838367
PACCOAE,1.4855430572850559
PACCOAE,3.7448673123947875
PACCOAE,-2.3925840465044828
PACCOAL,7.303107373041698
PANTS,8.59727779122546
PANTS,8.59727779122546
OXCOAHDH,-2.588854781195146
OXDHCOAT,8.028803780655853
OXDHCOAT,19.593935846271048
P5CD,6.877166235977317
P5CR,2.6025255893418677
PA140abcpp,4.173141770258691
PAPPT3,-4.134563221290211
PAPPT3,-4.607833805951632
PAPSR_num1,-2.151651089950506
PAPSR_num1,7.753299144365849
PA160abcpp,4.173141770258691
PA161abcpp,-0.8542008728709554
PA180abcpp,4.173141770258691
PAPSR2_num1,2.0649413210998673
PAPSR2_num1,-2.151651089950506
PDE1,-11.19565334960051
PDE4,-11.19565334960051
PDH,11.62798475288047
PDH,10.631921296057829
PDH,3.920260101130756
PGK,21.94153179846883
PGL,13.495678084176449
PGLYCP,16.858334333048283
PDX5POi,-9.87769789098624
PDX5PS,-0.8976322144959898
PDX5PS,8.485241695797857
PDX5PS,-0.8976322144959898
PDX5PS,8.895982608702315
PDXPP,9.520950199599522
PE120abcpp,-0.8542008728709554
PE140abcpp,-0.8542008728709554
PGP160abcpp,4.173141770258691
PGP161abcpp,4.173141770258691
PGP180abcpp,4.173141770258691
PE160abcpp,4.173141770258691
PE161abcpp,-0.8542008728709554
PE180abcpp,4.173141770258691
PGP181abcpp,-0.31655735418270203
PE181abcpp,-0.8542008728709554
PEAMNOpp,12.430826006037382
PERD,6.887531623723027
PETNT161pp,8.548314751486096
PETNT161pp,4.589041676857504
MN6PP,11.137900229485869
PGPP160_num1,4.146047879100684
PGPP160pp_num1,4.146047879100684
PETNT181pp,8.548314751486096
PETNT181pp,4.589041676857504
PFK_num1,15.052203362191575
PFK_2,15.052203362191575
PFK_3,15.052203362191575
PFL_num1,2.0929480513911067
PFL_num1,1.7481333898576563
PG140abcpp,4.173141770258691
PGPP161_num1,9.41187586196266
PGPP161pp_num1,4.146047879100684
PGPP180_num1,4.146047879100684
PGPP180pp_num1,4.146047879100684
PGSA120,7.24926209653112
PGSA120,7.085438817513093
PGSA140,6.052525405730776
PGSA140,7.085438817513093
PG160abcpp,4.173141770258691
PG161abcpp,4.173141770258691
PG180abcpp,4.173141770258691
PGSA141,7.24926209653112
PGSA141,7.085438817513093
PG181abcpp,-0.8542008728709554
PGSA160,7.24926209653112
MNLptspp,3.8633452692433505
MNLptspp,13.098479911980613
MNLptspp,4.997969143845691
MNLptspp,4.380738514446244
MNLptspp,14.590459665152888
MNLptspp,4.756295365583085
PGSA161,7.085438817513093
PGSA161,7.24926209653112
PGSA180,5.888703655756522
PGSA180,7.24926209653112
PGSA181,7.24926209653112
PGSA181,7.085438817513093
PLIPA1E120pp,-1.4261951244698545
PLIPA1E140pp,-1.4261951244698545
PLIPA1E160pp,-1.708642384016887
PHETA1_num1,10.814797989546914
PHETA1_num1,10.814797989546914
PHETRS,-6.718961513851042
PHETRS,1.4841218110968808
PHETRS,-5.178911204677391
PHETRS,0.8447590375869015
PHEt2rpp_num1,14.442189819406638
PLIPA1E180pp,-1.708642384016887
PLIPA1E181pp,-1.8403003159386304
PHYTSpp,36.2082380371544
PLIPA1G140pp,-1.5401723409688821
PLIPA1G160pp,-1.5401723409688821
PLIPA1G180pp,-1.5401723409688821
PLIPA1G181pp,-2.0087653895943687
PLIPA1A160pp,-1.7527602662965642
PLIPA1A180pp,-1.7527602662965642
PLIPA2A140pp,-1.708642384016887
PLIPA2A160pp,-1.7527602662965642
PLIPA2A180pp,-1.708642384016887
PPC,1.9546705067096466
PPCDC,-2.1691406749014397
PPCK,8.54848141725749
PLIPA2E120pp,-1.4261951244698545
PPCSCT,5.859500448711924
PPCSCT,1.8706908354959457
PPGPPDP,6.2982779082612215
PLIPA2E140pp,-1.4261951244698545
PLIPA2E160pp,-1.708642384016887
PLIPA2E180pp,-1.708642384016887
PLIPA2E181pp,-1.8403003159386304
MOAT,0.08650584767025273
MOAT,1.101347108823643
PLIPA2G140pp,-1.5401723409688821
PLIPA2G160pp,-1.5401723409688821
PLIPA2G180pp,-1.5401723409688821
PLIPA2G181pp,-1.5401723409688821
PMEACPE,18.57452389101545
PMPK,-8.435567258420514
PNTK,2.789441251960662
PPNCL2,-2.1691406749014397
PPNCL2,-3.035280899964237
PPND,9.002596714906392
PPNDH,21.48553730602136
PPPGO,-8.84427893910606
PPPGO3,-8.84427893910606
PPPGO3,-8.84427893910606
PPPNDO,3.6692125200100474
PPPNDO,13.548258841485714
PPPNDO,2.5478462194524307
PPPNDO,7.897076659503323
PPPNt2rpp,3.807459483816022
PPS,9.751699724616923
PPTHpp,10.446575196873312
PRAGSr,10.34494424432955
PRAGSr,10.863661641440952
PRAIS,5.419918712137366
PRAMPC,7.2032011818753015
PNTOt4pp,5.205163749520613
POAACR,11.633730899384142
POR5_num1,3.7079172050678992
POR5_num1,1.6772637399644634
POX,7.952903576745343
PPAKr,14.43339475961709
PRATPP,6.234106234621176
PRFGS,3.0668579574903783
PRFGS,1.8772213814558116
PROD2,5.74371896055927
PROGLYabcpp,2.255671183413554
PROGLYabcpp,1.1432490244134734
PROGLYabcpp,0.5875624069280045
PROGLYabcpp,7.130489034234125
PROGLYabcpp,4.983818608236799
PROTRS,4.782566631190539
PROTRS,4.349780729670681
MOAT2,0.08650584767025273
MOAT2,0.8971723646028849
PROabcpp,6.175759453239176
PROabcpp,7.942097824392645
PROabcpp,-2.1995640588778977
PROt2rpp,4.101292003306197
PROt4pp,2.5312247491043336
PRPPS,-1.6327819352445083
PSSA120,5.978067090099395
PSSA120,5.373830274693611
PSCLYSt2pp,7.118799494579904
MOAT3C,7.79482797327476
MOAT3C,7.7388252159987
PSCVT,10.76814992208178
PSCVT,10.76814992208178
PSD160,3.6472172253173123
PSD180,3.6472172253173123
PSSA140,5.738698345326486
PSSA140,5.373830274693611
PSSA141,6.251119904697371
PSSA141,5.373830274693611
PSSA160,4.9201079412946935
PSERT,-1.369927078098961
PSERT,-1.15532884246907
MOBDabcpp_num1,4.169964417295778
MOBDabcpp_num1,-7.120808839207752
MOBDabcpp_num1,7.498347914489453
PSP_L,7.13186211554341
PSP_Lpp,15.455207313598278
MOCDS,1.2964806172071996
MOCOS,2.225184344120464
MOCOS,2.0247656959311766
PSSA161,6.251119904697371
PSSA161,5.373830274693611
MOGDS_num1,-0.932807102000962
PSSA180,5.505213360996931
PSSA180,4.9201079412946935
RBFK,4.52708635216825
PSSA181,6.251119904697371
PSSA181,5.373830274693611
MOHMT,1.2303670579738437
MOHMT,-2.439246639885473
PTA2,4.379405188275088
PTAr_num1,4.379405188275088
RBFSa,0.9303174464975263
RBFSa,3.393962469508458
RBK,3.4718825402447653
RBK_L1,5.999630429925901
PTHRpp,15.455207313598278
PTPATi,-1.0760850020851969
PTRCORNt7pp,9.184441303847853
PTRCORNt7pp,9.184441303847853
PTRCTA,-5.926602799473389
PTRCTA,-0.6997043786149723
PTRCabcpp_num1,6.995899543136181
PTRCabcpp_num1,6.15962804142073
PTRCabcpp_num1,13.234138204676766
PTRCabcpp_num1,-0.4015377845466564
RFAMPtpp,16.087236028645016
RFAMPtpp,3.7050441318160643
RFAMPtpp,6.940210239833845
RHAT1,-0.7913235347858215
RHAT1,3.517490857943403
PTRCt2pp_num1,7.986568533523233
PUNP1,13.703294705933068
PUNP2,9.304038520739175
PUNP3_num1,39.14438434467783
RIBabcpp_num1,10.806794974432435
RIBabcpp_num1,8.356329544233741
RIBabcpp_num1,-1.665210660130909
RIBabcpp_num1,7.105100791406306
PUNP4_num1,39.90433439092296
MPTAT,2.016204579839093
PUNP5_num1,39.14438434467783
RMK,15.044848661637383
PUNP6_num1,40.06616532590313
PUNP7,40.06616532590313
PYAM5PO,-9.939241520639277
PYDAMK,-10.294701002668184
RMNtpp,1.946139206971161
PYDXK_num1,-1.8231689094918175
PYDXNK,-9.990076874480222
PYDXPP_num1,4.603387930069502
PYK_num1,18.924191737488403
PYNP2r,9.34848017803805
PYROX,-8.909597968968214
PYROX,6.503256164985353
MPTG2_num1,-1.6119043715507577
MPTG2_num1,1.5599524435156613
QMO3,-4.734367816620593
RZ5PP,7.5843780334044375
MPTS,2.430995929701568
MPTS,3.342980327465183
QUINDH,-7.7897127384364415
QULNS,8.15800033436198
QULNS,7.0401944122327285
R15BPK,3.903520894412041
R5PP,11.137900229485869
SADH,3.4638711153895283
R5PPpp,15.455207313598278
SARCOX,4.609487285685026
SBTPD,6.254326309491995
SERTRS,-0.5391184675279973
SERTRS,-0.06900057999862935
SERTRS2,-0.5391184675279973
SERt2rpp_num1,6.414451596141974
SBTptspp,5.8138921310132865
SBTptspp,3.8633452692433505
SBTptspp,7.736598928263377
SBTptspp,13.098479911980613
SBTptspp,-4.933232096248109
SBTptspp,6.5664377827815645
SBTptspp,4.380738514446244
SBTptspp,8.677502130929577
SBTptspp,14.590459665152888
SBTptspp,-4.75179337286348
MSAR_num1,10.562817691723907
SCYSDS,2.1855767587139114
SCYSDS,-8.221655372314794
SDPDS,21.062154259191317
SDPTA,-3.9754922103225847
SDPTA,-3.9754922103225847
SELCYSS,13.120219856363047
SERt4pp,1.1019258518922006
SFGTHi_num1,8.232154370282284
SGDS,6.733691471507146
SGSAD,1.7974289966179227
SHCHD2,-1.5611378246796528
SHCHF,-0.31808716247884955
SHK3Dr_num1,-8.457385948557322
SELNPS,8.696564719663282
SELR,2.9813874685967736
SELR,-1.0648472948662704
SELR,4.572665618035177
SELR,5.085371579548074
SELR,3.8445861956988376
SELR,4.604594345607394
SELR,6.63681660962322
SELR,6.234743845875043
SELtpp,7.200485600132215
SELtpp,11.27870834161373
SELtpp,-5.539602023284222
SELtpp,14.592039167371698
SEPHCHCS,-6.690263751339073
SEPHCHCS,-7.159474629214596
SHKK_num1,7.79998543792534
SHSL1,10.352847871598701
SHSL1,10.39027733414882
SKMt2pp,4.62293140307021
SERASr,-1.5600789618659774
SUCOAS,14.736405364362264
SUCOAS,11.416592922045204
SERAT,7.932654450042813
SERAT,7.530904314531004
SLNTtpp,7.200485600132215
SLNTtpp,11.27870834161373
SLNTtpp,-5.539602023284222
SLNTtpp,14.592039167371698
SOTA,5.88303549048534
SOTA,5.541898179228985
SPMDAT1,-1.3832733366825924
SPMDAT1,-0.21682853209411954
SPMDAT2,-1.880083741379223
SPMDAT2,-0.6926929483881015
SPMDabcpp_num1,2.2599372155437405
SPMDabcpp_num1,4.795677417032935
SPMDabcpp_num1,5.407700123337252
SPMDabcpp_num1,15.36231331718064
SPMDt3pp,12.57323043986557
SPMDt3pp,4.806022927209581
THRS,6.807071811277674
THRTRS,7.698354485381578
THRTRS,7.7619382416904195
THRabcpp,13.782048105526346
THRabcpp,4.007495871061745
THRabcpp,3.502380082844275
THRabcpp,6.513621552731064
THRabcpp,2.5697237777745476
THRt2pp_num1,8.852404861135897
THRt2rpp,4.545825548143697
THRt4pp,1.1019258518922006
SPMS,-14.32248517716817
SPMS,-6.70279115919897
THZPSN3,3.882300824912856
THZPSN3,1.7798365834731702
THZPSN3,11.793688755740838
THZPSN3,7.316247975237691
THZPSN3,-5.104070436971972
THZPSN3,3.1143791089506156
THZPSN3,1.9455902802562015
THZPSN3,12.457656137144328
THZPSN3,7.457907764747816
THZPSN3,-4.833527834425151
TKT1,50.68916636670139
TKT1,50.68916636670139
TKT2,50.68916636670139
TKT2,50.68916636670139
TMAOR1,2.9813874685967736
TMAOR1,-1.0648472948662704
TMAOR1,4.572665618035177
TMAOR1,5.085371579548074
TMAOR1,3.8445861956988376
TMAOR1,4.604594345607394
TMAOR1,6.63681660962322
TMAOR1,6.234743845875043
TMAOR1pp,-1.0367132716808236
TMAOR1pp,0.5877489502684643
TMAOR1pp,5.916621701508856
TMAOR1pp,6.822692522475517
TMAOR2pp,-1.0367132716808236
TMAOR2pp,0.4013332849638529
TMAOR2pp,5.916621701508856
TMAOR2pp,6.636267682908261
TMDK1,4.2511107703957745
SSALx,5.877965181329892
SSALy_num1,5.322190643827404
SUCASPtpp_num1,1.4415624066841184
SUCASPtpp_num1,1.767137874927938
SUCBZL,8.375491520812771
SUCCt2_2pp,8.35058339773007
SUCCt2_3pp_num1,5.78150239674313
TMDPP,12.405722165351577
TMDS,-2.7586829973756375
TMK,4.341406156919057
TMPK,-1.402964362407517
TMPPP,-0.37055018341749624
TMPPP,4.882795450593305
SUCDi,9.762555935414172
SUCDi,2.357429811112467
SUCDi,16.519845325608948
SUCDi,9.240563326538304
SUCFUMtpp_num1,5.78150239674313
SUCFUMtpp_num1,5.78150239674313
SUCMALtpp_num1,1.4415624066841184
SUCMALtpp_num1,1.4415624066841184
TPRDCOAS,-6.33499578204289
TRE6PH,22.290496284805624
TSULabcpp_num1,7.200485600132215
TSULabcpp_num1,11.27870834161373
TSULabcpp_num1,-5.539602023284222
TSULabcpp_num1,14.592039167371698
SUCTARTtpp,5.78150239674313
SUCTARTtpp,5.78150239674313
TRE6PP,6.337914545499485
TRE6PS,4.520094034988557
TRE6PS,4.303181591606323
TREH,20.31761085801563
TREHpp,22.869404490090783
SUCptspp,8.291403287491098
SUCptspp,13.098479911980613
SUCptspp,3.8633452692433505
SUCptspp,6.975061734580561
SUCptspp,8.684532674203627
SUCptspp,14.590459665152888
SUCptspp,4.380738514446244
SUCptspp,6.98286750304816
TTRCYCtpp,16.087236028645016
TTRCYCtpp,3.7050441318160643
TTRCYCtpp,6.940210239833845
TREptspp,3.8633452692433505
TREptspp,13.098479911980613
TREptspp,4.2147394061374435
TREptspp,6.975061734580561
TREptspp,4.380738514446244
TREptspp,14.590459665152888
TREptspp,5.488994029161464
TREptspp,6.98286750304816
TUNGSabcpp,4.169964417295778
TUNGSabcpp,-7.120808839207752
TUNGSabcpp,7.498347914489453
TRPAS2,2.793403004379771
SULFACabcpp,5.2114687615237765
SULFACabcpp,1.255794291417906
SULFACabcpp,10.381453222527565
TRPS1,4.833636693250835
TRPS1,-6.5427592397844565
TRPS1,7.428764190410413
TRPS1,-3.5393330471062363
TRPS2,7.123174088818064
TRPS2,-4.848952923585125
TRPS2,4.833636693250835
TRPS2,-6.5427592397844565
TYRL,-0.05411457433431777
TYRL,4.615763245856479
TYROXDApp,12.430826006037382
TYRPpp,15.455207313598278
TRPTRS,8.824368314491059
TRPTRS,8.792440351440728
TRPt2rpp_num1,4.171906302889088
TRSARr_num1,5.439060811147332
TYRTA_num1,10.814797989546914
TYRTA_num1,10.814797989546914
TYRTRS,0.26686114797558325
TYRTRS,-2.19459237304589
TYRt2rpp_num1,14.442189819406638
UDPKAAT,-1.0133452779397465
UDPKAAT,-2.2263987771161666
UGLCURPpp,21.56539620426343
UGLT,19.961939985684932
UGLT,19.11990322441863
UGLYCH,8.29550265384989
UGMDDS,3.8087247675392226
UGMDDS,5.306108161409733
U23GAAT,6.314477362527623
UAAGDS,1.62951781906941
UAAGDS,5.5173432652581385
UACGALPpp,21.56539620426343
UACGAMPpp,21.56539620426343
UHGADA,2.9717476121219493
ULA4NFT,2.9042128067004183
ULA4NFT,3.5659042064459214
UACMAMO,3.255273612051722
UAGAAT,11.946831663995658
UAGAAT,1.603129581613225
UM3PL,2.139546424933578
UM4PL,1.9114841943494374
UAGCVT,8.6382286415877
UAGCVT,9.040055229288223
UAGDP,11.38462367481297
UAGPT3,-0.8663212206085736
UAGPT3,5.099100099075271
UPLA4FNF,12.410919385140287
UPLA4FNT,6.206923658924263
UPLA4FNT,5.7832478002114485
UAMAGS,5.710279537738083
UAMAGS,8.481182084577195
UAMAS,5.09430501779919
UAMAS,6.299228973488812
UAPGR,11.29503547103528
UPP3MT_num1,11.653353118139224
UPP3MT_num1,9.002410171565932
UDCPDP_num1,16.762558089116165
TAGURr,8.560377377821235
UDCPDPS,-0.03113878032133825
UDCPDPS,-0.012350272684170691
UDCPDPpp_num1,-4.815695265842604
UPPDC1,7.430675495128239
UPPRT,6.0018368400921585
UPPRT,5.416143503058717
URACPAH,9.625925170877592
URDGLYCD,6.007740478104578
UDPGALPpp,21.56539620426343
UDPGD,11.897712661791319
UDPGDC,3.2738469067776625
URIH_num1,11.67351508934662
UDPGPpp,21.56539620426343
TALA_num1,6.836382051386471
TALA_num1,6.836382051386471
URIK2,-0.9687468936540078
XYLK_num1,5.999630429925901
XYLK2_num1,5.999630429925901
USHD,-3.181285085097978
VALTA,5.063955027923897
VALTA,1.802547470652259
VALTRS,8.509354716117942
VALTRS,-5.347445037520353
VALabcpp,13.782048105526346
VALabcpp,4.007495871061745
VALabcpp,3.502380082844275
VALabcpp,6.513621552731064
VALabcpp,2.5697237777745476
VALt2rpp_num1,14.282025542140413
XYLUt2pp,5.903030031399455
XYLUt2pp,9.735176877592266
XYLUt2pp,6.739938379846886
WCOS,2.0247656959311766
WCOS,2.225184344120464
XAND,5.377791262590833
XAND,10.00797510640183
XAND,20.54452707029096
XYLabcpp,11.238875222250472
XYLabcpp,8.239293475664306
XYLabcpp,-2.9914866015732873
XYLt2pp,10.784055035421636
XANt2pp_num1,4.29016866456548
TARTRt7pp,-0.24581576170560362
TARTRt7pp,-0.24581576170560362
XPPT,6.685807936672409
XPPT,6.237891382484358
XTSNH,7.169851208114909
XTSNt2rpp,0.02966937927627786
TARTt2_3pp,5.78150239674313
TAUDO,6.2663981100897805
TAUDO,-0.45050005976413404
TAURabcpp,6.138878152882129
TAURabcpp,14.784593178908079
TAURabcpp,13.362079413444226
TDP,-1.8334062398214341
TDPADGAT,-5.979355132218042
TDPADGAT,2.0338757387382196
TDPAGTA,-9.031336611665388
TDPAGTA,-6.478146341450301
TDPDRR,2.2952000230657323
TDSK,6.25077663437005
THDPS,6.132475282077414
THDPS,2.5562506085576526
THFAT,1.6653884214916705
THMabcpp,4.039934534732678
THMabcpp,5.119124456342984
THMabcpp,3.7401601511357274
THRD,15.713091249433704
O16AT,2.2611925604824084
O16AT,10.623106358699218
5DGLCNR_reverse,5.791013813540917
5DGLCNt2rpp_reverse,5.430048627141841
ACACT1r_reverse_num1,16.69631685472766
ACOAD1f_reverse,0.39196789184650827
ACOAD3f_reverse,1.1996837365557615
ACACT2r_reverse_num1,9.510742303362559
ACACT3r_reverse_num1,10.163069074512604
ACACT4r_reverse_num1,9.510742303362559
ACACT5r_reverse_num1,10.163069074512604
ACACT6r_reverse_num1,9.510742303362559
ACACT7r_reverse_num1,9.510742303362559
ACACT8r_reverse_num1,9.510742303362559
ACACT8r_reverse_num1,9.510742303362559
ACOAD5f_reverse,0.39196789184650827
ACOAD6f_reverse,1.1996837365557615
ACOAD7f_reverse,1.1996837365557615
ACOAD8f_reverse,0.39196789184650827
ACACt2pp_reverse,5.7081518733262
ACALD_reverse_num1,8.957477691215518
ACONTa_reverse_num1,2.286580803310227
ACOTA_reverse_num1,5.944578737877431
ACOTA_reverse_num1,5.944578737877431
ACKr_reverse_num1,21.55495283528523
ADEt2rpp_reverse_num1,4.29016866456548
ALATA_L_reverse_num1,9.108296452933462
ALATA_L_reverse_num1,9.108296452933462
ALCD19_reverse,13.598466522857327
ALCD2x_reverse_num1,6.748469679585372
ALDD19xr_reverse,8.498626944997731
ALLTNt2rpp_reverse,7.620758571925413
APPLDHr_reverse,11.201866246738275
ADSL1r_reverse,1.5073716862063964
ADSL2r_reverse,6.944025204050624
ADSL2r_reverse,4.19099870797639
AMAOTr_reverse,-13.999636758495745
AMAOTr_reverse,-6.120333643134325
ARBt2rpp_reverse,10.202166723820442
ARGAGMt7pp_reverse,8.648936535138846
ARGAGMt7pp_reverse,7.186540720910961
ARGORNt7pp_reverse,9.759947386735284
ARGORNt7pp_reverse,8.297551572507398
ARGSL_reverse,5.698856051700584
ARGSL_reverse,5.698856051700584
ASAD_reverse,17.313792131130988
ASNt2rpp_reverse,3.1976133713243646
ASPK_reverse_num1,7.7358726324706035
ASPTA_reverse,7.941753789543436
ASPTA_reverse,7.941753789543436
CBIAT_reverse,-1.640126697014168
ATHRDHr_reverse,-0.008741729376916276
CBLAT_reverse,-2.5470950666763215
CBMKr_reverse_num1,5.942970948348797
CLPNS140pp_reverse_num1,7.943333291762247
CLPNS140pp_reverse_num1,7.850057034401043
CRNBTCT_reverse,7.939449520575626
CRNBTCT_reverse,0.8960645723884332
CRNCBCT_reverse,0.8960645723884332
CRNCBCT_reverse,7.939449520575626
CLPNS160pp_reverse_num1,3.393610024918491
CLPNS160pp_reverse_num1,1.8662092081935886
CLPNS161pp_reverse_num1,7.943333291762247
CLPNS161pp_reverse_num1,7.850057034401043
CLPNS180pp_reverse_num1,1.8662092081935886
CRNCDH_reverse,11.318795282243512
CRNDt2rpp_reverse,4.101292003306197
CRNt2rpp_reverse,4.101292003306197
CTBTt2rpp_reverse,4.101292003306197
D_LACt2pp_reverse_num1,2.759767863955479
DDGLCNt2rpp_reverse,8.641395291244194
DDPGALA_reverse,12.083795760075029
DDPGALA_reverse,11.548005060180236
AGPR_reverse,6.392976176332487
DHBD_reverse,6.719796286208554
DHFR_reverse_num1,10.565739694376518
DHNPA2r_reverse,-2.7217676757946134
DHNPA2r_reverse,-2.962112141625972
AICART_reverse,3.365818889799422
AICART_reverse,3.9990433170776334
DHORTS_reverse,7.311128736681468
E4PD_reverse_num1,-5.68459125783018
AKGt2rpp_reverse,-0.4380658757918489
DSERDHr_reverse,-0.008741729376916276
DURADx_reverse,-1.5503217512814786
DURADx_reverse,3.460076028741814
DURIPP_reverse_num1,12.77437614836952
DURIPP_reverse_num1,15.014205095357433
ECOAH1_reverse_num1,15.81730016978087
ALAALAr_reverse_num1,0.732115147259029
ECOAH2_reverse_num1,15.81730016978087
ECOAH3_reverse_num1,15.81730016978087
ECOAH4_reverse_num1,15.81730016978087
ECOAH5_reverse_num1,15.81730016978087
ECOAH6_reverse_num1,15.81730016978087
ECOAH7_reverse_num1,15.81730016978087
ECOAH8_reverse_num1,15.81730016978087
ENO_reverse,14.40028943286058
F6PA_reverse_num1,9.113366762088909
F6PA_reverse_num1,9.374799608524395
FCLPA_reverse_num1,6.613703583931501
FCLPA_reverse_num1,6.727935386218943
FORCT_reverse,2.0969388556419264
FORCT_reverse,3.38026376633486
FALDH2_reverse,13.598466522857327
FBA_reverse_num1,12.61334796137084
FBA_reverse_num1,11.550986695540043
FBA3_reverse,-14.535000090655632
FBA3_reverse,-14.07217306610288
FRUURt2rpp_reverse,0.7579154673840109
FUCtpp_reverse,8.14707531659489
GALCTt2rpp_reverse_num1,6.658017566075227
GALKr_reverse_num1,1.4287948911690445
G3PD2_reverse,15.206268283842274
GALURt2rpp_reverse,4.96423538009796
GAPD_reverse,11.588691385969529
GARFT_reverse,-0.22242789039546093
GARFT_reverse,3.2552155083883
G6PDH2r_reverse,25.906015089758213
GHBDHx_reverse,10.669518953423117
GGGABADr_reverse,5.243123790260401
GHMT2r_reverse,1.8937648705714214
GHMT2r_reverse,2.5901800899084897
GLCATr_reverse,4.666510679680405
GLUt2rpp_reverse,4.873999626281872
GLCNt2rpp_reverse_num1,0.7579154673840109
GLYAT_reverse,-7.775150698921801
GLCRt2rpp_reverse_num1,7.136764229883689
GLCURt2rpp_reverse_num1,8.641395291244194
GLYCAt2rpp_reverse_num1,6.658017566075227
GLYCLTt2rpp_reverse_num1,2.759767863955479
GLTPD_reverse,14.51269708592533
GLUABUTt7pp_reverse,9.320423753824148
GLUABUTt7pp_reverse,9.16314325311618
GLUDy_reverse,18.639087764383593
HACD1_reverse_num1,15.81730016978087
HACD2_reverse_num1,15.81730016978087
HACD3_reverse_num1,15.81730016978087
HACD4_reverse_num1,15.81730016978087
HACD5_reverse_num1,15.81730016978087
HACD6_reverse_num1,15.81730016978087
HACD7_reverse_num1,15.81730016978087
HACD8_reverse_num1,15.81730016978087
HADPCOADH3_reverse,17.112903301981113
HCINNMt2rpp_reverse,5.207390037255936
HCO3E_reverse_num1,52.39253336357761
GTHOr_reverse,8.835793329572331
HEXt2rpp_reverse,5.7081518733262
HISt2rpp_reverse,5.178824441465205
HPPPNt2rpp_reverse,5.207390037255936
HSDy_reverse_num1,9.579718997063218
ILEt2rpp_reverse,14.282025542140413
INDOLEt2rpp_reverse,4.171906302889088
ICDHyr_reverse,8.704830730306933
IPPMIa_reverse,10.74425096789009
IPPMIa_reverse,8.305337463405932
IDOND_reverse,13.824401089029584
IDONt2rpp_reverse,5.430048627141841
KARA1_reverse,1.3735276039484043
KARA2_reverse,1.3735276039484043
ILETA_reverse,5.063955027923897
ILETA_reverse,5.2615495322621255
L_LACt2rpp_reverse_num1,2.759767863955479
LCARS_reverse,11.514153560061885
LCTStpp_reverse,2.828097007617738
LDH_D_reverse_num1,6.4794176080227475
LEUt2rpp_reverse,14.282025542140413
LSERDHr_reverse,-0.008741729376916276
MALTATr_reverse,4.666510679680405
M1PD_reverse,10.905445820660164
MDH_reverse,25.34836670911037
MANAO_reverse,16.380225280493686
MCITL2_reverse,12.774934249347124
MCITL2_reverse,12.774934249347124
MCOATA_reverse,0.2046214211443159
MCOATA_reverse,-7.387046705703851
MTHFC_reverse,10.292088259140918
MTHFD_reverse,10.292088259140918
NNATr_reverse,7.382282788716673
MLTP1_reverse,-6.922469117160043
MLTP1_reverse,-6.759735616309501
MLTP2_reverse,-6.922469117160043
MLTP2_reverse,-6.759735616309501
OCBT_reverse_num1,19.087524193454893
MLTP3_reverse,-6.189079851404495
MLTP3_reverse,-5.5488884317341025
OHPBAT_reverse,-1.15532884246907
OHPBAT_reverse,-1.490552959189416
ORPT_reverse,3.066328908344484
ORPT_reverse,1.6922476044303276
PGK_reverse,21.94153179846883
PERD_reverse,6.887531623723027
PHETA1_reverse_num1,10.814797989546914
PHETA1_reverse_num1,10.814797989546914
PHEt2rpp_reverse_num1,14.442189819406638
PPPNt2rpp_reverse,3.807459483816022
PRAGSr_reverse,10.34494424432955
POR5_reverse_num1,3.7079172050678992
POR5_reverse_num1,1.6772637399644634
PROt2rpp_reverse,4.101292003306197
PRPPS_reverse,-1.6327819352445083
PSCVT_reverse,10.76814992208178
PTAr_reverse_num1,4.379405188275088
PTRCORNt7pp_reverse,9.184441303847853
PTRCORNt7pp_reverse,9.184441303847853
PUNP1_reverse,13.703294705933068
PUNP1_reverse,9.304038520739175
PUNP2_reverse,9.304038520739175
PUNP2_reverse,13.703294705933068
PUNP3_reverse_num1,39.14438434467783
PUNP3_reverse_num1,39.90433439092296
PUNP4_reverse_num1,39.90433439092296
PUNP4_reverse_num1,38.30397601503111
PUNP5_reverse_num1,39.14438434467783
PUNP5_reverse_num1,40.06616532590313
PUNP6_reverse_num1,40.06616532590313
PUNP6_reverse_num1,38.30397601503111
PUNP7_reverse,40.06616532590313
PUNP7_reverse,39.14438434467783
RMPA_reverse,11.623149916466259
RMPA_reverse,11.004988099408287
PYNP2r_reverse,9.34848017803805
PYNP2r_reverse,9.554350631804464
QUINDH_reverse,-7.7897127384364415
SBTPD_reverse,6.254326309491995
SERt2rpp_reverse_num1,6.414451596141974
SDPTA_reverse,-3.9754922103225847
SDPTA_reverse,-3.9754922103225847
SHK3Dr_reverse_num1,-8.457385948557322
SERASr_reverse,-1.5600789618659774
SUCOAS_reverse,14.736405364362264
SUCOAS_reverse,11.416592922045204
SERAT_reverse,7.932654450042813
THRt2rpp_reverse,4.545825548143697
TKT1_reverse,50.68916636670139
TKT1_reverse,50.68916636670139
TKT2_reverse,50.68916636670139
TKT2_reverse,50.68916636670139
TMDPP_reverse,12.405722165351577
TMDPP_reverse,14.309297566898122
TRPAS2_reverse,2.793403004379771
TRPAS2_reverse,1.7151259219026982
TRPt2rpp_reverse_num1,4.171906302889088
TRSARr_reverse_num1,5.439060811147332
TYRTA_reverse_num1,10.814797989546914
TYRTA_reverse_num1,10.814797989546914
TYRt2rpp_reverse_num1,14.442189819406638
UDPKAAT_reverse,-1.0133452779397465
UDPKAAT_reverse,-2.441036385623245
UGLT_reverse,19.961939985684932
UGLT_reverse,19.11990322441863
UAGAAT_reverse,11.946831663995658
UAGAAT_reverse,1.603129581613225
TAGURr_reverse,8.560377377821235
TALA_reverse_num1,6.836382051386471
TALA_reverse_num1,6.836382051386471
VALTA_reverse,5.063955027923897
VALTA_reverse,5.2615495322621255
VALt2rpp_reverse_num1,14.282025542140413
TARTRt7pp_reverse,-0.24581576170560362
TARTRt7pp_reverse,-0.24581576170560362
XTSNt2rpp_reverse,0.02966937927627786
TGBPA_reverse_num1,5.627545272678518
TGBPA_reverse_num1,-6.3102155730284295
TGBPA_reverse_num1,5.627545272678518
TGBPA_reverse_num1,-7.321036261360021
2MAHMP_num2,-1.8334062398214341
ACLS_num2,12.27087732394333
ACLS_num2,10.786957160505182
ABTA_num2,-11.288753002405786
ABTA_num2,-11.288753002405786
ACACT2r_num2,16.938627479722243
ACACT2r_num2,16.938627479722243
ACACT3r_num2,17.59095425087229
ACACT4r_num2,16.938627479722243
ACACT4r_num2,16.938627479722243
ACACT5r_num2,17.59095425087229
ACACT5r_num2,18.341038906685895
ACACT6r_num2,16.938627479722243
ACACT6r_num2,16.938627479722243
ACACT7r_num2,16.938627479722243
ACACT7r_num2,16.938627479722243
ACACT8r_num2,16.938627479722243
ACALD_num2,11.82430327018908
ACONTb_num2,-0.872871644137505
ACOTA_num2,-3.9754922103225847
ACOTA_num2,-3.9754922103225847
ACGAptspp_num2,13.098479911980613
ACGAptspp_num2,3.8633452692433505
ACGAptspp_num2,5.310452939294294
ACGAptspp_num2,14.590459665152888
ACGAptspp_num2,5.557146568267797
ACGAptspp_num2,5.032163149769476
ACHBS_num2,11.544376639303916
ACHBS_num2,9.564852104446084
ACHBS_num2,11.544376639303916
ACHBS_num2,9.564852104446084
ACKr_num2,33.5750931601135
ACKr_num3,11.262174791282652
ADEt2rpp_num2,7.524187225230679
ALATA_D2_num2,7.5777389253365985
ALATA_D2_num2,9.1843434450463
ALATA_L_num2,12.34310935183939
ALATA_L_num2,12.34310935183939
ALATA_L2_num2,1.3931589969661329
ALATA_L2_num2,1.8937648705714214
ALCD2x_num2,13.695233587155167
ALCD2x_num3,13.598466522857327
ADPRDP_num2,-6.641786899737305
ALR2_num2,10.323615612722392
ALR2_num3,3.4465829819558538
ALR2_num4,-0.2732043760510985
ARBTptspp_num2,13.098479911980613
ARBTptspp_num2,4.365548993592741
ARBTptspp_num2,3.8633452692433505
ARBTptspp_num2,14.590459665152888
ARBTptspp_num2,5.236347068252879
ARBTptspp_num2,4.380738514446244
AMPTASECG_num2,5.923799797507121
AMPTASECG_num3,21.076982925714095
AMPTASECG_num4,6.579489700438651
AMPTASEPG_num2,12.576947545280797
AMPTASEPG_num3,6.579489700438651
AMPTASEPG_num4,5.923799797507121
ARGabcpp_num2,10.844608226969894
ARGabcpp_num2,-2.525825303254473
ARGabcpp_num2,11.286180778538538
ARGabcpp_num2,13.487794334476362
ARGabcpp_num2,14.889990166267845
ASNN_num2,9.790464042381972
BUTSO3abcpp_num2,5.884182273316035
BUTSO3abcpp_num2,6.92454977349787
BUTSO3abcpp_num2,10.296020959728317
ASPCT_num2,16.789073237205614
ASPCT_num2,16.524629703578608
ASPK_num2,9.0121960517212
ASPK_num3,6.135034136833639
ASPt2_3pp_num2,5.78150239674313
CHLt2pp_num2,1.2442232526561912
CYSDS_num2,0.03604319824928211
CYSS_num2,17.841501834678816
CYSTL_num2,0.5217730049747917
CYTDH_num2,9.726546954530342
CYTDH_num3,10.17784728259083
DCYTt2pp_num2,0.306644573416176
D_LACt2pp_num2,1.5250030899673925
DDPA_num2,8.382717781689927
DDPA_num2,8.382717781689927
DDPA_num3,10.933598574631846
DDPA_num3,10.933598574631846
DADNt2pp_num2,0.10959937805385028
DHFR_num2,15.446401550502312
E4PD_num2,11.588691385969529
DNTPPA_num2,8.12928795036892
DPR_num2,2.5765685422300244
ALAALAabcpp_num2,2.255671183413554
ALAALAabcpp_num2,1.1432490244134734
ALAALAabcpp_num2,0.5875624069280045
ALAALAabcpp_num2,7.130489034234125
ALAALAabcpp_num2,4.983818608236799
DURIPP_num2,13.56742999232739
DURIt2pp_num2,0.10959937805385028
ALAALAr_num2,0.732115147259029
FHL_num2,10.52299527566707
FHL_num2,9.885013993207135
FHL_num2,8.453391713980013
FHL_num2,5.89059584742717
FHL_num2,10.312465825520485
FHL_num2,8.825437116089267
FHL_num2,7.285485143543347
FLVR_num2,7.872188413989687
FLVR_num2,6.055398478982611
FDH4pp_num2,6.750725019152406
FDH4pp_num2,7.1457764138891795
FDH4pp_num2,12.358847799407851
FACOAL160t2pp_num2,-6.875875091835805
FACOAL161t2pp_num2,-12.765587576994012
FACOAL180t2pp_num2,-6.875875091835805
FORt2pp_num2,9.831835379782135
FACOAL181t2pp_num2,-12.765587576994012
FACOAL60t2pp_num2,-12.765587576994012
FACOAL80t2pp_num2,-13.445964656182865
FDH5pp_num2,3.3838035026722726
FDH5pp_num2,5.119016658756899
FDH5pp_num2,3.7661860052174125
FDH5pp_num2,4.139516568618931
FDH5pp_num2,6.498255427321634
FDH5pp_num2,5.097011425279631
FBP_num2,11.098764354083674
FBP_num3,3.149916379830087
FUM_num2,9.567804687974181
FUMt2_3pp_num2,5.78150239674313
G1PTT_num2,11.430066855783986
GALCTt2rpp_num2,7.136764229883689
GALKr_num2,0.9275422320472438
G3PD5_num2,14.224885176296304
GALabcpp_num2,10.806794974432435
GALabcpp_num2,8.356329544233741
GALabcpp_num2,-1.665210660130909
GALabcpp_num2,7.105100791406306
GLCDpp_num2,17.46197329233833
GLCNt2rpp_num2,2.5863551869071775
GLCNt2rpp_num3,4.7858219653859395
GLCNt2rpp_num4,5.430048627141841
GLCRt2rpp_num2,6.658017566075227
GLCURt2rpp_num2,4.96423538009796
GLYCAt2rpp_num2,7.136764229883689
GLCptspp_num2,3.8633452692433505
GLCptspp_num2,13.098479911980613
GLCptspp_num2,8.589225846710205
GLCptspp_num2,7.091902085546891
GLCptspp_num2,5.557146568267797
GLCptspp_num2,14.590459665152888
GLCptspp_num2,10.266239774137047
GLCptspp_num2,7.09970785401449
GLCptspp_num3,8.23557637024908
GLCptspp_num3,5.320553037945171
GLCptspp_num3,3.8633452692433505
GLCptspp_num3,13.098479911980613
GLCptspp_num3,10.234909667202453
GLCptspp_num3,8.938483909451657
GLCptspp_num3,6.916135445608115
GLCptspp_num3,5.557146568267797
GLCptspp_num3,14.590459665152888
GLCptspp_num3,10.82454411456405
GLNS_num2,7.581514134415247
GLYCLTDy_num2,7.199838814615703
GLYCLTt2rpp_num2,1.5250030899673925
GLUDC_num2,10.995102831407694
GLUN_num2,3.628281547216872
GLUN_num3,2.066627856382876
GNK_num2,14.060730094779263
HACD1_num2,11.448815990543967
HACD2_num2,11.448815990543967
HACD3_num2,10.5964230157946
HACD4_num2,11.448815990543967
GRXR_num2,6.099222402596687
GRXR_num3,5.663935749984026
GRXR_num4,2.0621462290805193
HACD5_num2,11.448815990543967
HACD6_num2,10.5964230157946
HACD7_num2,11.448815990543967
HACD8_num2,11.448815990543967
GUAPRT_num2,2.287649604908435
GUAPRT_num2,3.6708203095386818
HMPK1_num2,-10.294701002668184
HOMt2pp_num2,8.434827593516719
HPYRRx_num2,7.199838814615703
HPYRRy_num2,7.199838814615703
HSDy_num2,8.275889609357453
HXPRT_num2,2.287649604908435
HXPRT_num2,3.6168572966574857
HYD2pp_num2,-0.5083269662628861
HYD2pp_num2,12.776396015195317
HYD2pp_num2,1.3337342397232788
HYD2pp_num2,-1.0351639680765543
HYD3pp_num2,-1.8250515446388755
HYD3pp_num2,12.567621907301584
HYD3pp_num2,0.4851172385744485
HYD3pp_num2,-2.3518835770602777
ISETACabcpp_num2,5.2114687615237765
ISETACabcpp_num2,1.255794291417906
ISETACabcpp_num2,10.381453222527565
KG6PDC_num2,3.093854754368719
L_LACD2_num2,3.066514687163057
L_LACD2_num2,5.174088228374433
L_LACD2_num2,10.683099920226097
L_LACD3_num2,-3.598121148747583
L_LACD3_num2,4.101880685159287
L_LACD3_num2,3.0519230224252905
L_LACD3_num2,-1.6258977979118447
L_LACD3_num2,5.8842021508851
L_LACD3_num2,7.419839161900056
L_LACt2rpp_num2,1.5250030899673925
LALADGLUtpp_num2,4.908752497705149
LALADGLUtpp_num3,3.3772729567124067
LALADGLUtpp_num4,6.741066049630403
LALALGLUtpp_num2,4.908752497705149
LALALGLUtpp_num3,3.3772729567124067
LALALGLUtpp_num4,6.741066049630403
LCTSt3ipp_num2,2.556622930716685
LCTSt3ipp_num3,4.878804646342486
LDH_D_num2,20.74790518270533
LEUTAi_num2,10.40405554759868
LEUTAi_num2,10.814797989546914
LEUabcpp_num2,4.007495871061745
LEUabcpp_num2,3.502380082844275
LEUabcpp_num2,6.513621552731064
LEUabcpp_num2,2.5697237777745476
LEUabcpp_num2,9.420250434714283
MALS_num2,-0.4966771817467965
MALS_num2,1.8391734206990042
LYSTRS_num2,0.49121659418997304
LYSTRS_num2,0.743843677529493
MALt2_3pp_num2,1.4415624066841184
MECDPDH5_num2,0.29583843880253463
MECDPDH5_num2,20.41822193836196
MDDCP1pp_num2,13.467240928062756
MDDCP1pp_num3,10.60808350361711
MDDCP1pp_num4,10.292403242158416
MDDCP2pp_num2,13.467240928062756
MDDCP2pp_num3,10.60808350361711
MDDCP2pp_num4,10.292403242158416
METS_num2,-5.99261798624205
METS_num2,-8.00041325035527
METSOXR1_num2,7.140589897406889
METSOXR1_num2,-0.5612609326840049
METSOXR1_num3,7.235915073425602
METSOXR1_num3,6.5965721774846875
METSOXR1_num4,7.140589897406889
METSOXR1_num4,6.5965721774846875
METSOXR2_num2,7.140589897406889
METSOXR2_num2,-4.341934431521061
NI2t3pp_num2,5.5940179298403105
NI2uabcpp_num2,9.721751873254261
NMNAT_num2,7.382282788716673
NO3R2pp_num2,-7.257002010529187
NO3R2pp_num2,1.5034588631880643
NO3R2pp_num2,-0.08480821679787637
OBTFL_num2,6.292158675076632
OBTFL_num2,12.847186154812249
OBTFL_num3,6.292158675076632
OBTFL_num3,12.91356500314044
OCBT_num2,18.676223650529053
OCBT_num2,16.594008535791897
ORNDC_num2,-7.766580026306128
PAPSR_num2,-2.151651089950506
PAPSR_num2,7.679447859112848
PAPSR2_num2,-2.151651089950506
PAPSR2_num2,7.1594858203691984
PAPSR2_num3,-2.151651089950506
PAPSR2_num3,5.165860443825139
PAPSR2_num4,-2.151651089950506
PAPSR2_num4,5.853057822769078
PGPP160_num2,9.41187586196266
PGPP160pp_num2,9.41187586196266
PFK_num2,4.521320328095514
PFL_num2,2.0929480513911067
PFL_num2,2.478614939963358
PFL_num3,2.7376158422758823
PFL_num3,0.10729510908603994
PFL_num4,2.0929480513911067
PFL_num4,-0.7494510532886455
PFL_num4,1.7481333898576563
PGPP161_num2,4.146047879100684
PGPP161pp_num2,9.41187586196266
PGPP180_num2,9.41187586196266
PGPP180pp_num2,9.41187586196266
PHETA1_num2,7.941753789543436
PHETA1_num2,8.41820688769051
PHETA1_num3,5.2615495322621255
PHETA1_num3,5.071328841525267
PHEt2rpp_num2,5.178824441465205
PHEt2rpp_num3,6.3043573863076805
POR5_num2,3.7079172050678992
POR5_num2,-0.5780880594197401
MOBDabcpp_num2,11.27870834161373
MOBDabcpp_num2,-5.539602023284222
MOBDabcpp_num2,4.233538234820087
MOBDabcpp_num2,14.592039167371698
MOBDabcpp_num3,7.200485600132215
MOBDabcpp_num3,11.27870834161373
MOBDabcpp_num3,-5.539602023284222
MOBDabcpp_num3,14.592039167371698
MOGDS_num2,-0.932807102000962
MOGDS_num2,0.4545118983888534
PTAr_num2,13.66626738189558
PTRCabcpp_num2,2.2599372155437405
PTRCabcpp_num2,4.795677417032935
PTRCabcpp_num2,5.407700123337252
PTRCabcpp_num2,15.36231331718064
PTRCabcpp_num3,-5.6100986342791135
PTRCabcpp_num3,7.229855472948207
PTRCabcpp_num3,8.122569332024819
PTRCabcpp_num3,9.675368330362073
PTRCt2pp_num2,9.184441303847853
PUNP3_num2,13.703294705933068
RIBabcpp_num2,3.7038476550627055
RIBabcpp_num2,-3.1459337841675508
RIBabcpp_num2,13.678799424669418
RIBabcpp_num2,10.610445876248342
RIBabcpp_num3,0.09351727789712354
RIBabcpp_num3,-4.617576299489804
RIBabcpp_num3,7.368818029240536
PUNP4_num2,9.462152350304114
PUNP5_num2,13.703294705933068
PUNP6_num2,10.20953059863728
PYDXK_num2,-10.294701002668184
PYDXPP_num2,16.52295387160202
PYDXPP_num3,9.541788008155141
PYK_num2,20.109532465039184
MPTG2_num2,-1.6119043715507577
MPTG2_num2,2.624158500660103
MPTG2_num3,7.5290801653083115
MPTG2_num3,-1.6119043715507577
SERt2rpp_num2,4.545825548143697
MSAR_num2,-0.008741729376916276
SFGTHi_num2,11.484980933892773
SHK3Dr_num2,21.51123747377913
SHKK_num2,9.509908974505587
SPMDabcpp_num2,-5.6100986342791135
SPMDabcpp_num2,7.229855472948207
SPMDabcpp_num2,8.122569332024819
SPMDabcpp_num2,9.675368330362073
THRt2pp_num2,9.245976141499186
SSALy_num2,5.877965181329892
SUCASPtpp_num2,5.78150239674313
SUCASPtpp_num2,5.78150239674313
SUCCt2_3pp_num2,1.4415624066841184
SUCFUMtpp_num3,1.4415624066841184
SUCFUMtpp_num3,1.4415624066841184
SUCMALtpp_num2,5.78150239674313
SUCMALtpp_num2,5.78150239674313
TSULabcpp_num2,11.27870834161373
TSULabcpp_num2,-5.539602023284222
TSULabcpp_num2,4.233538234820087
TSULabcpp_num2,14.592039167371698
TRPt2rpp_num3,14.442189819406638
TRPt2rpp_num4,5.178824441465205
TRSARr_num2,12.393327736517422
TYRTA_num2,7.941753789543436
TYRTA_num2,8.41820688769051
TYRt2rpp_num2,5.07499625301783
TYRt2rpp_num3,5.178824441465205
TYRt2rpp_num4,6.3043573863076805
UPP3MT_num2,3.1699017464815573
UPP3MT_num2,-7.285268296001108
UDCPDP_num2,-4.815695265842604
UDCPDP_num3,4.763140130038562
UDCPDPpp_num2,4.763140130038562
UDCPDPpp_num3,16.762558089116165
URIH_num2,10.448566011867399
URIH_num3,9.45879915730716
TALA_num2,4.119227686778271
TALA_num2,4.119227686778271
XYLK_num2,27.261787623519375
XYLK2_num2,12.485544366543063
VALt2rpp_num2,11.780205647739411
VALt2rpp_num2,6.156225919023
XANt2pp_num2,5.45245599913174
ACACT1r_reverse_num2,9.510742303362559
ACACT1r_reverse_num3,16.938627479722243
ACACT2r_reverse_num2,16.938627479722243
ACACT3r_reverse_num2,17.59095425087229
ACACT4r_reverse_num2,16.938627479722243
ACACT5r_reverse_num2,17.59095425087229
ACACT6r_reverse_num2,16.938627479722243
ACACT7r_reverse_num2,16.938627479722243
ACACT8r_reverse_num2,16.938627479722243
ACACT8r_reverse_num2,16.938627479722243
ACALD_reverse_num2,11.82430327018908
ACONTa_reverse_num2,-0.7866656851884809
ACOTA_reverse_num2,-3.9754922103225847
ACOTA_reverse_num2,-3.9754922103225847
ACKr_reverse_num2,33.5750931601135
ACKr_reverse_num3,11.262174791282652
ADEt2rpp_reverse_num2,7.524187225230679
ALATA_L_reverse_num2,12.34310935183939
ALATA_L_reverse_num2,12.299598882199037
ALCD2x_reverse_num2,13.695233587155167
ALCD2x_reverse_num3,13.598466522857327
ASPK_reverse_num2,9.0121960517212
ASPK_reverse_num3,6.135034136833639
CBMKr_reverse_num2,5.107759073968907
CBMKr_reverse_num3,7.3460582126606715
CLPNS140pp_reverse_num2,3.393610024918491
CLPNS140pp_reverse_num2,1.8662092081935886
CLPNS160pp_reverse_num2,7.943333291762247
CLPNS160pp_reverse_num2,7.850057034401043
CLPNS161pp_reverse_num2,3.393610024918491
CLPNS161pp_reverse_num2,1.8662092081935886
CLPNS180pp_reverse_num2,7.850057034401043
D_LACt2pp_reverse_num2,1.5250030899673925
DHFR_reverse_num2,15.446401550502312
E4PD_reverse_num2,11.588691385969529
DURIPP_reverse_num2,13.56742999232739
DURIPP_reverse_num2,13.703294705933068
ECOAH1_reverse_num2,11.448815990543967
ALAALAr_reverse_num2,0.732115147259029
ECOAH2_reverse_num2,11.448815990543967
ECOAH3_reverse_num2,10.5964230157946
ECOAH4_reverse_num2,11.448815990543967
ECOAH5_reverse_num2,10.5964230157946
ECOAH6_reverse_num2,11.448815990543967
ECOAH7_reverse_num2,10.5964230157946
ECOAH8_reverse_num2,11.448815990543967
F6PA_reverse_num2,10.104026578213315
F6PA_reverse_num2,11.276697649050577
FCLPA_reverse_num2,9.30447888534616
FCLPA_reverse_num2,9.466427556696946
FBA_reverse_num2,-2.629373676691158
FBA_reverse_num2,-2.2569303409396535
FBA_reverse_num3,-14.07217306610288
FBA_reverse_num3,-14.535000090655632
GALCTt2rpp_reverse_num2,7.136764229883689
GALKr_reverse_num2,0.9275422320472438
GLCNt2rpp_reverse_num2,2.5863551869071775
GLCNt2rpp_reverse_num3,4.7858219653859395
GLCNt2rpp_reverse_num4,5.430048627141841
GLCRt2rpp_reverse_num2,6.658017566075227
GLCURt2rpp_reverse_num2,4.96423538009796
GLYCAt2rpp_reverse_num2,7.136764229883689
GLYCLTt2rpp_reverse_num2,1.5250030899673925
HACD1_reverse_num2,11.448815990543967
HACD2_reverse_num2,11.448815990543967
HACD3_reverse_num2,10.5964230157946
HACD4_reverse_num2,11.448815990543967
HACD5_reverse_num2,11.448815990543967
HACD6_reverse_num2,10.5964230157946
HACD7_reverse_num2,11.448815990543967
HACD8_reverse_num2,11.448815990543967
HCO3E_reverse_num2,24.977221913784156
HSDy_reverse_num2,8.275889609357453
L_LACt2rpp_reverse_num2,1.5250030899673925
LDH_D_reverse_num2,20.74790518270533
OCBT_reverse_num2,18.676223650529053
PHETA1_reverse_num2,7.941753789543436
PHETA1_reverse_num2,7.941753789543436
PHETA1_reverse_num3,5.2615495322621255
PHETA1_reverse_num3,5.063955027923897
PHEt2rpp_reverse_num2,5.178824441465205
PHEt2rpp_reverse_num3,6.3043573863076805
POR5_reverse_num2,3.7079172050678992
POR5_reverse_num2,-0.5780880594197401
PTAr_reverse_num2,13.66626738189558
PUNP3_reverse_num2,13.703294705933068
PUNP3_reverse_num2,9.462152350304114
PUNP4_reverse_num2,9.462152350304114
PUNP4_reverse_num2,13.703294705933068
PUNP5_reverse_num2,13.703294705933068
PUNP5_reverse_num2,10.20953059863728
PUNP6_reverse_num2,10.20953059863728
PUNP6_reverse_num2,13.703294705933068
SERt2rpp_reverse_num2,4.545825548143697
SHK3Dr_reverse_num2,21.51123747377913
TRPt2rpp_reverse_num3,14.442189819406638
TRPt2rpp_reverse_num4,5.178824441465205
TRSARr_reverse_num2,12.393327736517422
TYRTA_reverse_num2,7.941753789543436
TYRTA_reverse_num2,7.941753789543436
TYRt2rpp_reverse_num2,5.07499625301783
TYRt2rpp_reverse_num3,5.178824441465205
TYRt2rpp_reverse_num4,6.3043573863076805
TALA_reverse_num2,4.119227686778271
TALA_reverse_num2,4.119227686778271
VALt2rpp_reverse_num2,11.780205647739411
VALt2rpp_reverse_num2,6.156225919023
TGBPA_reverse_num2,7.413141950168796
TGBPA_reverse_num2,1.674253052772945
TGBPA_reverse_num2,7.413141950168796
TGBPA_reverse_num2,0.5264602886647869
