organisms.gene	proteome
511145.b3495	45935
511145.b3986	12183
511145.b3339	10296
511145.b1779	8675
511145.b3980	8595
511145.b0440	8148
511145.b1823	7607
511145.b1237	7523
511145.b1094	7063
511145.b4015	6737
511145.b3236	6597
511145.b1677	6011
511145.b2779	5839
511145.b3065	5808
511145.b3510	5773
511145.b2926	5619
511145.b0957	5583
511145.b3908	5547
511145.b3341	5543
511145.b2096	5508
511145.b3315	5469
511145.b4000	5456
511145.b3303	5130
511145.b4143	5112
511145.b3298	4873
511145.b0605	4833
511145.b2185	4803
511145.b0014	4741
511145.b3296	4591
511145.b4142	4556
511145.b3314	4539
511145.b0755	4480
511145.b3460	4471
511145.b0023	4401
511145.b4203	4337
511145.b3637	4182
511145.b3317	4159
511145.b1136	4117
511145.b2417	4115
511145.b3305	4110
511145.b3985	4071
511145.b2609	4070
511145.b2093	4058
511145.b3294	4028
511145.b2414	4010
511145.b3308	4001
511145.b4202	3890
511145.b3307	3871
511145.b3321	3843
511145.b4243	3826
511145.b3984	3815
511145.b3304	3768
511145.b2551	3754
511145.b3340	3698
511145.b0903	3655
511145.b0170	3538
511145.b4200	3534
511145.b1716	3505
511145.b2095	3504
511145.b3312	3482
511145.b3301	3470
511145.b3310	3455
511145.b3309	3445
511145.b2606	3419
511145.b0169	3405
511145.b3231	3383
511145.b3732	3329
511145.b3320	3328
511145.b0911	3309
511145.b2579	3276
511145.b3319	3240
511145.b3230	3209
511145.b0623	3201
511145.b3983	3190
511145.b3165	3140
511145.b1324	3133
511145.b2665	3075
511145.b1415	3070
511145.b1482	2951
511145.b2007	2888
511145.b4226	2812
511145.b3302	2808
511145.b3313	2804
511145.b3928	2785
511145.b2925	2783
511145.b1480	2723
511145.b3306	2692
511145.b3734	2663
511145.b1712	2653
511145.b4245	2647
511145.b3316	2580
511145.b1241	2569
511145.b0436	2559
511145.b3636	2527
511145.b3342	2492
511145.b0114	2473
511145.b0812	2436
511145.b3708	2417
511145.b4177	2371
511145.b1243	2357
511145.b3544	2354
511145.b3919	2342
511145.b3297	2323
511145.b0197	2301
511145.b3703	2288
511145.b0008	2267
511145.b3186	2248
511145.b2415	2247
511145.b0116	2230
511145.b0811	2207
511145.b3185	2186
511145.b1923	2177
511145.b0474	2164
511145.b2150	2164
511145.b1089	2144
511145.b3774	2107
511145.b3609	2107
511145.b2518	2106
511145.b0329	2038
511145.b3831	2037
511145.b4244	2023
511145.b1004	2017
511145.b2029	2016
511145.b3829	2005
511145.b2310	2003
511145.b0912	1996
511145.b2094	1972
511145.b4014	1972
511145.b1288	1968
511145.b2323	1955
511145.b0728	1948
511145.b1676	1935
511145.b0729	1908
511145.b3781	1907
511145.b3295	1905
511145.b3098	1896
511145.b3203	1891
511145.b2913	1881
511145.b3751	1880
511145.b3311	1834
511145.b0118	1786
511145.b0172	1766
511145.b1920	1755
511145.b3433	1717
511145.b3517	1699
511145.b4034	1676
511145.b0178	1668
511145.b0607	1656
511145.b3783	1630
511145.b0753	1622
511145.b0115	1607
511145.b0928	1602
511145.b2498	1592
511145.b0720	1557
511145.b0407	1556
511145.b0525	1552
511145.b3649	1514
511145.b2614	1476
511145.b2942	1467
511145.b0166	1464
511145.b0415	1457
511145.b4401	1436
511145.b4045	1434
511145.b2476	1431
511145.b3764	1427
511145.b0907	1421
511145.b4069	1420
511145.b2416	1416
511145.b3988	1414
511145.b4139	1414
511145.b3870	1413
511145.b3509	1401
511145.b0954	1398
511145.b1718	1394
511145.b3936	1393
511145.b0727	1392
511145.b1817	1381
511145.b0426	1371
511145.b2914	1370
511145.b1739	1369
511145.b2508	1369
511145.b4255	1353
511145.b3987	1352
511145.b3349	1323
511145.b1093	1298
511145.b3164	1296
511145.b1656	1289
511145.b0889	1270
511145.b2687	1256
511145.b4025	1250
511145.b1092	1238
511145.b0631	1234
511145.b1376	1230
511145.b3942	1220
511145.b3403	1219
511145.b2309	1211
511145.b1641	1206
511145.b1251	1199
511145.b2592	1196
511145.b2215	1194
511145.b2597	1174
511145.b1857	1164
511145.b1283	1161
511145.b2935	1148
511145.b1215	1137
511145.b3357	1133
511145.b1850	1131
511145.b0953	1124
511145.b2530	1116
511145.b1304	1115
511145.b1905	1108
511145.b2809	1104
511145.b0655	1095
511145.b4411	1091
511145.b1493	1086
511145.b2153	1083
511145.b0163	1060
511145.b1003	1054
511145.b4376	1043
511145.b1654	1042
511145.b3318	1038
511145.b3926	1038
511145.b1761	1035
511145.b3736	1035
511145.b0897	1033
511145.b4172	1027
511145.b1550	1015
511145.b3336	1015
511145.b1175	1013
511145.b0930	1011
511145.b0437	1011
511145.b2464	1011
511145.b2266	1010
511145.b2669	1009
511145.b0074	1004
511145.b1261	1004
511145.b0471	1000
511145.b1260	995
511145.b2480	992
511145.b2962	990
511145.b4384	988
511145.b3731	986
511145.b0237	983
511145.b3733	982
511145.b2696	982
511145.b2097	981
511145.b3229	972
511145.b0814	963
511145.b1207	958
511145.b0325	947
511145.b3982	934
511145.b0884	931
511145.b2296	927
511145.b3024	925
511145.b2091	916
511145.b1103	908
511145.b0134	906
511145.b3414	903
511145.b0929	898
511145.b2890	890
511145.b0004	889
511145.b3169	888
511145.b0724	887
511145.b3912	883
511145.b0222	883
511145.b3735	882
511145.b0565	880
511145.b2297	877
511145.b1967	876
511145.b2529	876
511145.b0095	868
511145.b0863	858
511145.b0071	855
511145.b3251	850
511145.b0073	845
511145.b3588	834
511145.b4147	833
511145.b3713	828
511145.b1667	824
511145.b1440	820
511145.b1174	817
511145.b3556	813
511145.b1854	810
511145.b1123	809
511145.b0684	804
511145.b3610	803
511145.b3916	802
511145.b4383	801
511145.b3956	797
511145.b4207	796
511145.b0723	796
511145.b0754	791
511145.b3619	790
511145.b2080	772
511145.b1219	769
511145.b0893	769
511145.b1452	768
511145.b0473	766
511145.b1809	759
511145.b1051	757
511145.b3559	756
511145.b0161	753
511145.b0578	752
511145.b0194	748
511145.b1333	747
511145.b3181	742
511145.b3168	741
511145.b2465	738
511145.b0733	738
511145.b0740	733
511145.b1539	732
511145.b4051	731
511145.b1604	729
511145.b3347	729
511145.b0185	724
511145.b1091	724
511145.b3363	723
511145.b2507	721
511145.b1131	719
511145.b0767	718
511145.b1064	718
511145.b0145	711
511145.b1836	705
511145.b3858	705
511145.b3299	700
511145.b3233	700
511145.b1444	697
511145.b0726	692
511145.b2699	692
511145.b1635	691
511145.b2922	686
511145.b2294	686
511145.b0072	684
511145.b1719	683
511145.b2217	680
511145.b3180	676
511145.b4006	675
511145.b3426	674
511145.b3029	672
511145.b0126	668
511145.b0453	663
511145.b1866	660
511145.b0523	660
511145.b1973	656
511145.b0880	650
511145.b0782	648
511145.b2400	642
511145.b0854	642
511145.b0838	640
511145.b0180	637
511145.b3737	636
511145.b3384	631
511145.b2042	629
511145.b2463	628
511145.b3192	628
511145.b3031	625
511145.b1611	623
511145.b1062	620
511145.b0741	619
511145.b4381	614
511145.b1431	613
511145.b3255	609
511145.b4391	608
511145.b1740	603
511145.b3506	602
511145.b1852	599
511145.b1308	597
511145.b3067	596
511145.b1426	595
511145.b3386	591
511145.b0763	591
511145.b1714	588
511145.b2425	588
511145.b2499	586
511145.b0053	586
511145.b3871	585
511145.b1516	585
511145.b0391	584
511145.b2531	582
511145.b3167	580
511145.b1732	579
511145.b2523	579
511145.b0642	578
511145.b1702	573
511145.b0734	573
511145.b0683	572
511145.b4037	571
511145.b3172	571
511145.b0819	571
511145.b0595	568
511145.b2155	567
511145.b2697	563
511145.b0033	563
511145.b1602	563
511145.b0032	557
511145.b1130	553
511145.b2898	553
511145.b1236	552
511145.b1002	552
511145.b0756	550
511145.b4059	546
511145.b1713	544
511145.b4144	544
511145.b0492	539
511145.b1886	538
511145.b4227	537
511145.b3938	536
511145.b1101	535
511145.b2019	534
511145.b1882	533
511145.b2521	531
511145.b1710	528
511145.b0888	527
511145.b3612	526
511145.b1619	523
511145.b0382	523
511145.b1831	521
511145.b2330	520
511145.b0688	519
511145.b0220	518
511145.b3012	517
511145.b0680	515
511145.b3176	512
511145.b0026	511
511145.b3728	510
511145.b0133	508
511145.b1717	508
511145.b2904	504
511145.b0606	503
511145.b0438	499
511145.b0002	498
511145.b3405	497
511145.b2316	496
511145.b1881	496
511145.b3458	495
511145.b1783	492
511145.b1541	485
511145.b1048	484
511145.b2478	482
511145.b3209	477
511145.b2239	475
511145.b0463	473
511145.b3178	471
511145.b0439	471
511145.b2000	470
511145.b1108	469
511145.b1276	468
511145.b0965	468
511145.b3729	467
511145.b2600	466
511145.b1864	466
511145.b3611	465
511145.b0871	464
511145.b3256	459
511145.b2514	459
511145.b4234	458
511145.b2231	456
511145.b2114	451
511145.b3553	450
511145.b2557	449
511145.b2143	449
511145.b3929	446
511145.b3744	443
511145.b1642	442
511145.b4108	440
511145.b3560	439
511145.b1637	439
511145.b2989	435
511145.b0337	433
511145.b4005	432
511145.b0643	432
511145.b3453	430
511145.b2599	428
511145.b1084	428
511145.b1765	427
511145.b0860	425
511145.b1743	425
511145.b2525	425
511145.b0154	423
511145.b0917	423
511145.b2513	418
511145.b2477	418
511145.b3498	417
511145.b0674	416
511145.b0932	413
511145.b0758	412
511145.b0078	412
511145.b4258	411
511145.b3847	410
511145.b3931	409
511145.b1178	406
511145.b4129	406
511145.b2171	404
511145.b1819	403
511145.b0181	403
511145.b1406	403
511145.b0710	403
511145.b1221	401
511145.b2780	401
511145.b2959	401
511145.b3253	401
511145.b2891	401
511145.b1614	401
511145.b1259	400
511145.b2976	398
511145.b3234	395
511145.b2234	394
511145.b2908	393
511145.b3860	392
511145.b1095	390
511145.b1067	388
511145.b2516	388
511145.b3213	388
511145.b0434	388
511145.b4219	387
511145.b3261	387
511145.b0584	385
511145.b3035	385
511145.b2924	384
511145.b1109	383
511145.b3600	383
511145.b4174	383
511145.b4153	383
511145.b4252	382
511145.b0839	382
511145.b1778	381
511145.b1849	380
511145.b3156	379
511145.b1273	378
511145.b1258	378
511145.b0441	375
511145.b3042	371
511145.b3742	371
511145.b2020	370
511145.b2617	369
511145.b2581	369
511145.b2036	365
511145.b1263	365
511145.b1613	365
511145.b4214	362
511145.b1919	359
511145.b0168	356
511145.b0759	354
511145.b3671	353
511145.b3001	352
511145.b0171	349
511145.b2343	349
511145.b0469	349
511145.b1847	346
511145.b3212	345
511145.b2039	342
511145.b1492	342
511145.b2661	340
511145.b1446	340
511145.b1000	340
511145.b3092	340
511145.b0722	340
511145.b4054	339
511145.b1232	337
511145.b2937	335
511145.b3699	335
511145.b2021	335
511145.b1603	333
511145.b2286	333
511145.b1200	331
511145.b1818	330
511145.b0104	330
511145.b3359	329
511145.b1662	328
511145.b1479	328
511145.b0098	328
511145.b3830	327
511145.b0296	327
511145.b2553	327
511145.b0678	326
511145.b3006	325
511145.b3962	325
511145.b3775	324
511145.b1203	324
511145.b0865	323
511145.b2905	323
511145.b3941	322
511145.b0809	321
511145.b1380	321
511145.b4232	320
511145.b1764	317
511145.b3472	315
511145.b1612	315
511145.b2569	315
511145.b4057	315
511145.b4175	313
511145.b4160	313
511145.b4216	313
511145.b3836	313
511145.b3554	312
511145.b4517	310
511145.b1647	310
511145.b4260	310
511145.b0125	309
511145.b3362	309
511145.b2763	307
511145.b0177	305
511145.b0866	304
511145.b2283	304
511145.b3602	303
511145.b3429	303
511145.b3113	301
511145.b1651	300
511145.b0410	300
511145.b3008	299
511145.b2262	299
511145.b1197	299
511145.b1262	299
511145.b2903	298
511145.b0660	296
511145.b3430	296
511145.b3183	296
511145.b2796	295
511145.b3995	295
511145.b1638	295
511145.b2662	294
511145.b3464	294
511145.b3644	293
511145.b1257	291
511145.b2133	289
511145.b0416	289
511145.b0386	289
511145.b1658	288
511145.b3005	287
511145.b0632	287
511145.b2131	286
511145.b0757	286
511145.b3866	285
511145.b1685	285
511145.b3640	284
511145.b0156	283
511145.b1901	282
511145.b0432	282
511145.b3846	282
511145.b1264	281
511145.b2027	280
511145.b0422	280
511145.b2495	280
511145.b2585	279
511145.b0742	279
511145.b3770	278
511145.b2022	276
511145.b3401	276
511145.b2608	275
511145.b2103	275
511145.b2512	274
511145.b1888	272
511145.b3448	272
511145.b1414	272
511145.b1930	271
511145.b0800	270
511145.b1538	270
511145.b1887	270
511145.b3204	269
511145.b1267	269
511145.b4235	268
511145.b3011	267
511145.b0891	267
511145.b2938	267
511145.b0159	265
511145.b3748	265
511145.b1449	263
511145.b2900	263
511145.b1908	262
511145.b4154	262
511145.b1827	262
511145.b2977	261
511145.b0031	261
511145.b3175	261
511145.b3833	260
511145.b2764	260
511145.b0801	257
511145.b2388	256
511145.b3201	256
511145.b3052	255
511145.b0435	255
511145.b0238	255
511145.b1127	255
511145.b4393	253
511145.b3287	252
511145.b4002	252
511145.b0882	252
511145.b2901	252
511145.b2287	249
511145.b3863	248
511145.b2235	248
511145.b2842	247
511145.b0598	246
511145.b3300	244
511145.b0450	244
511145.b0963	244
511145.b0015	243
511145.b0945	243
511145.b0526	243
511145.b0028	243
511145.b4135	242
511145.b1412	242
511145.b1780	242
511145.b4518	241
511145.b4107	240
511145.b2610	240
511145.b0243	239
511145.b2320	239
511145.b4506	239
511145.b2281	239
511145.b2672	239
511145.b2893	238
511145.b0966	237
511145.b3346	237
511145.b1042	236
511145.b1071	235
511145.b3698	234
511145.b1749	234
511145.b3617	231
511145.b2951	231
511145.b0419	231
511145.b4407	230
511145.b0679	230
511145.b3945	229
511145.b0570	229
511145.b1517	229
511145.b0699	228
511145.b3939	227
511145.b2511	227
511145.b2533	227
511145.b2827	226
511145.b3599	226
511145.b2426	225
511145.b1035	224
511145.b2241	222
511145.b0594	222
511145.b3190	222
511145.b2595	221
511145.b0451	221
511145.b2104	221
511145.b2684	219
511145.b2751	218
511145.b2564	217
511145.b0389	216
511145.b3922	215
511145.b2041	215
511145.b0593	214
511145.b3291	213
511145.b0287	213
511145.b3959	212
511145.b2947	212
511145.b1983	211
511145.b0345	210
511145.b2957	210
511145.b3780	209
511145.b0721	209
511145.b0344	208
511145.b3923	208
511145.b1128	208
511145.b1955	207
511145.b0179	207
511145.b0910	206
511145.b2026	206
511145.b2752	206
511145.b3566	206
511145.b4179	205
511145.b4355	205
511145.b2284	205
511145.b3845	205
511145.b0557	204
511145.b2741	203
511145.b3390	203
511145.b2303	203
511145.b1723	202
511145.b1033	201
511145.b0387	201
511145.b1334	201
511145.b3701	200
511145.b2909	200
511145.b4254	200
511145.b3511	199
511145.b1876	198
511145.b0864	198
511145.b2285	198
511145.b1830	197
511145.b1928	196
511145.b0573	196
511145.b3661	196
511145.b4406	196
511145.b1256	195
511145.b3687	195
511145.b0411	195
511145.b0369	194
511145.b2524	194
511145.b2431	194
511145.b3150	193
511145.b3409	193
511145.b4322	193
511145.b0687	192
511145.b2910	191
511145.b0918	190
511145.b1623	190
511145.b0528	189
511145.b1738	189
511145.b2016	188
511145.b2300	187
511145.b0393	185
511145.b3288	185
511145.b3500	185
511145.b0596	185
511145.b1792	184
511145.b4024	184
511145.b1646	184
511145.b2515	183
511145.b2958	183
511145.b0990	182
511145.b3028	182
511145.b0830	182
511145.b1896	181
511145.b0003	181
511145.b3932	181
511145.b1279	181
511145.b1430	180
511145.b1682	180
511145.b0212	180
511145.b1725	179
511145.b2025	179
511145.b3417	179
511145.b0773	178
511145.b0923	178
511145.b0641	176
511145.b4554	176
511145.b0077	176
511145.b2790	175
511145.b1586	175
511145.b3388	175
511145.b3003	175
511145.b3279	175
511145.b3743	173
511145.b1286	173
511145.b2023	173
511145.b3356	172
511145.b3803	171
511145.b2576	171
511145.b3389	171
511145.b2107	171
511145.b4382	171
511145.b4558	170
511145.b0908	169
511145.b2312	169
511145.b2601	169
511145.b2954	168
511145.b0870	168
511145.b0927	168
511145.b3697	167
511145.b3865	167
511145.b4035	166
511145.b0196	166
511145.b0586	165
511145.b3526	165
511145.b3807	164
511145.b0121	164
511145.b3960	164
511145.b2843	164
511145.b3200	164
511145.b2762	162
511145.b0529	162
511145.b2187	162
511145.b3102	161
511145.b0381	161
511145.b3228	161
511145.b1832	161
511145.b3670	160
511145.b2916	159
511145.b3993	159
511145.b1583	159
511145.b1018	158
511145.b3439	158
511145.b2676	157
511145.b2834	157
511145.b0109	157
511145.b3068	157
511145.b2169	157
511145.b3616	156
511145.b3463	156
511145.b0094	156
511145.b3189	155
511145.b3816	155
511145.b0827	155
511145.b1678	155
511145.b2532	154
511145.b3191	154
511145.b4396	153
511145.b0825	153
511145.b3055	153
511145.b1087	152
511145.b0068	152
511145.b1199	152
511145.b3961	151
511145.b2679	151
511145.b4162	151
511145.b1748	151
511145.b2988	150
511145.b0851	149
511145.b3461	149
511145.b3592	149
511145.b2288	149
511145.b0480	149
511145.b1105	148
511145.b0628	148
511145.b1680	147
511145.b1274	147
511145.b2183	147
511145.b1070	145
511145.b2319	145
511145.b4013	144
511145.b2232	144
511145.b0242	144
511145.b0805	143
511145.b0356	143
511145.b2113	143
511145.b4375	142
511145.b0686	142
511145.b4021	142
511145.b4303	141
511145.b0481	140
511145.b3705	140
511145.b3385	140
511145.b0431	140
511145.b1478	140
511145.b2799	139
511145.b1704	139
511145.b1564	139
511145.b2304	137
511145.b0956	137
511145.b2571	137
511145.b3639	136
511145.b4565	136
511145.b2421	135
511145.b3910	135
511145.b0610	135
511145.b3153	135
511145.b2242	134
511145.b0677	134
511145.b2567	133
511145.b1187	133
511145.b0931	133
511145.b0820	133
511145.b3114	133
511145.b0424	132
511145.b0675	132
511145.b1867	132
511145.b0357	131
511145.b3607	131
511145.b0651	130
511145.b3428	130
511145.b0131	130
511145.b2299	130
511145.b3725	130
511145.b2329	129
511145.b0785	129
511145.b1272	129
511145.b0189	129
511145.b3608	128
511145.b2960	128
511145.b1661	128
511145.b4041	128
511145.b3957	127
511145.b4537	127
511145.b2471	127
511145.b4068	126
511145.b3087	126
511145.b4064	125
511145.b1536	125
511145.b1727	125
511145.b3730	125
511145.b2168	124
511145.b1189	124
511145.b4208	124
511145.b0452	124
511145.b3648	123
511145.b4122	123
511145.b1056	122
511145.b1305	122
511145.b0207	122
511145.b1133	122
511145.b3408	122
511145.b3885	122
511145.b1782	121
511145.b0394	121
511145.b0408	121
511145.b1275	121
511145.b3041	120
511145.b3686	120
511145.b2065	120
511145.b3193	119
511145.b0085	119
511145.b0443	119
511145.b3244	119
511145.b3407	119
511145.b1760	119
511145.b2412	118
511145.b1861	118
511145.b3924	118
511145.b1329	116
511145.b3724	116
511145.b0849	115
511145.b0902	115
511145.b1179	115
511145.b4233	114
511145.b0484	114
511145.b1917	114
511145.b1976	113
511145.b2009	113
511145.b2149	112
511145.b1487	112
511145.b1088	112
511145.b0783	112
511145.b4111	112
511145.b3259	111
511145.b1737	111
511145.b4036	110
511145.b1946	110
511145.b1829	110
511145.b0571	110
511145.b2872	110
511145.b1217	110
511145.b2688	110
511145.b1059	109
511145.b2040	109
511145.b4305	109
511145.b0658	109
511145.b0334	109
511145.b1953	108
511145.b0199	108
511145.b0082	108
511145.b2897	107
511145.b3887	107
511145.b0413	107
511145.b1846	106
511145.b0637	106
511145.b3440	106
511145.b2994	106
511145.b3161	105
511145.b2948	105
511145.b1117	104
511145.b2167	104
511145.b1557	104
511145.b2418	104
511145.b0150	103
511145.b3089	103
511145.b3706	103
511145.b3844	103
511145.b3997	103
511145.b2568	101
511145.b3455	101
511145.b1209	101
511145.b4222	101
511145.b3125	100
511145.b4138	99.8
511145.b3527	99.7
511145.b1537	99.2
511145.b3282	98.7
511145.b1045	98.6
511145.b1581	98.6
511145.b0659	98.1
511145.b4487	98.1
511145.b1729	97.4
511145.b2253	97.3
511145.b1423	97.3
511145.b1281	97.1
511145.b3170	96.4
511145.b4168	96.3
511145.b4067	96.1
511145.b1083	95.9
511145.b2024	95.7
511145.b2186	94.8
511145.b4213	94.7
511145.b3197	94.6
511145.b2450	94.2
511145.b0390	94.1
511145.b1912	93.8
511145.b0924	93.4
511145.b0054	93.4
511145.b0048	93.1
511145.b2742	93.1
511145.b0120	92.6
511145.b0112	92.4
511145.b4395	92.3
511145.b4113	92.2
511145.b0804	92.2
511145.b0123	92.1
511145.b4263	91.9
511145.b0592	90.5
511145.b1186	90.5
511145.b3070	90.4
511145.b3802	89.6
511145.b1693	89.5
511145.b4137	89.4
511145.b3605	89.2
511145.b3037	89.1
511145.b2290	88.6
511145.b4173	88.4
511145.b0456	86.8
511145.b0029	86.4
511145.b3438	86.4
511145.b2833	86.1
511145.b0091	86.1
511145.b2620	86.1
511145.b1461	85.7
511145.b4180	85.7
511145.b2573	85.1
511145.b1462	85.0
511145.b3198	84.4
511145.b4397	84.4
511145.b3994	84.1
511145.b4161	83.7
511145.b1982	83.6
511145.b3552	83.5
511145.b2594	83.1
511145.b2034	82.8
511145.b1126	82.8
511145.b2392	82.6
511145.b3843	82.5
511145.b3454	82.1
511145.b0581	82.1
511145.b3162	81.8
511145.b4055	81.8
511145.b0331	81.5
511145.b1885	81.4
511145.b1252	81.3
511145.b2240	81.2
511145.b2746	81.0
511145.b0006	80.3
511145.b0506	78.9
511145.b3894	78.9
511145.b2279	78.8
511145.b0088	78.7
511145.b0772	78.3
511145.b3146	78.2
511145.b1768	77.9
511145.b1703	77.9
511145.b2795	77.9
511145.b1277	77.8
511145.b0268	77.4
511145.b0124	77.1
511145.b1377	76.5
511145.b3838	76.3
511145.b3432	75.9
511145.b2804	75.8
511145.b0102	75.6
511145.b1848	75.5
511145.b1204	75.5
511145.b3147	75.4
511145.b0009	75.3
511145.b2081	75.3
511145.b3447	75.2
511145.b2700	75.2
511145.b0904	75.0
511145.b1269	74.9
511145.b0462	74.6
511145.b1593	74.4
511145.b3205	74.2
511145.b4046	74.1
511145.b0779	74.1
511145.b3034	74.0
511145.b0080	73.9
511145.b0922	73.7
511145.b0221	73.0
511145.b3541	72.9
511145.b1079	72.9
511145.b2494	72.6
511145.b3999	72.2
511145.b1684	72.0
511145.b0030	71.9
511145.b2243	71.9
511145.b3891	71.5
511145.b2527	71.3
511145.b0961	71.3
511145.b4392	71.0
511145.b2587	71.0
511145.b0522	70.7
511145.b0711	70.6
511145.b3528	70.5
511145.b4043	70.4
511145.b4360	70.3
511145.b4206	70.3
511145.b1839	70.0
511145.b3487	69.9
511145.b0388	69.8
511145.b1724	69.6
511145.b1687	69.5
511145.b1498	69.4
511145.b3868	69.4
511145.b3225	69.0
511145.b3518	69.0
511145.b4354	68.5
511145.b2526	68.4
511145.b4314	68.4
511145.b0712	68.1
511145.b0409	68.1
511145.b1247	67.7
511145.b2500	67.6
511145.b0127	67.5
511145.b0051	67.4
511145.b4511	67.4
511145.b1787	67.3
511145.b4110	67.2
511145.b3071	67.1
511145.b3888	67.1
511145.b2137	67.1
511145.b0384	67.0
511145.b0784	67.0
511145.b0778	66.9
511145.b1043	66.9
511145.b0737	66.9
511145.b3771	66.8
511145.b3940	66.8
511145.b4269	66.3
511145.b0182	66.1
511145.b1767	65.8
511145.b4019	65.7
511145.b2818	65.6
511145.b0333	65.5
511145.b4058	65.3
511145.b3738	65.3
511145.b0515	65.0
511145.b1180	64.7
511145.b2293	64.6
511145.b3809	64.6
511145.b1284	64.6
511145.b2038	64.4
511145.b0661	64.3
511145.b1422	63.8
511145.b2675	63.4
511145.b1014	63.0
511145.b0485	62.7
511145.b3155	62.5
511145.b1624	62.5
511145.b4371	62.4
511145.b1244	62.4
511145.b1686	62.0
511145.b0421	61.7
511145.b3927	61.6
511145.b2154	61.3
511145.b1584	61.2
511145.b2344	61.2
511145.b3348	61.1
511145.b0092	60.9
511145.b3727	60.5
511145.b1198	60.5
511145.b0572	60.5
511145.b0947	60.1
511145.b3543	59.5
511145.b0420	59.5
511145.b1814	59.5
511145.b2066	59.4
511145.b3099	59.3
511145.b0241	59.1
511145.b0494	59.0
511145.b0086	59.0
511145.b0414	58.9
511145.b1246	58.9
511145.b0968	58.9
511145.b0354	58.8
511145.b3752	58.7
511145.b1400	58.7
511145.b0423	58.5
511145.b1307	58.5
511145.b3195	58.5
511145.b2473	58.4
511145.b0174	58.0
511145.b3540	58.0
511145.b3400	57.9
511145.b2325	57.8
511145.b0761	57.7
511145.b0574	57.6
511145.b4323	57.5
511145.b1245	57.5
511145.b3361	57.4
511145.b1981	56.8
511145.b3481	56.5
511145.b1914	56.5
511145.b2439	56.1
511145.b0187	56.1
511145.b1038	56.1
511145.b3493	55.8
511145.b3450	55.4
511145.b1924	55.4
511145.b0597	55.3
511145.b1120	55.3
511145.b0662	55.2
511145.b4127	54.3
511145.b2566	54.3
511145.b2301	54.2
511145.b1347	54.2
511145.b2132	54.2
511145.b2369	54.0
511145.b2501	53.9
511145.b3418	53.8
511145.b2668	53.7
511145.b3179	53.6
511145.b3054	53.5
511145.b2079	53.4
511145.b1132	53.4
511145.b3202	53.4
511145.b0489	53.1
511145.b2794	53.1
511145.b4295	53.0
511145.b4090	52.8
511145.b0444	52.7
511145.b3958	52.6
511145.b1194	52.4
511145.b2517	52.0
511145.b3210	51.8
511145.b2255	51.7
511145.b1034	51.6
511145.b1441	51.6
511145.b0676	51.4
511145.b3893	51.3
511145.b3992	51.3
511145.b2528	51.3
511145.b1870	51.1
511145.b2379	51.1
511145.b2678	51.0
511145.b3839	51.0
511145.b1124	50.6
511145.b1625	50.6
511145.b1325	50.5
511145.b1114	49.5
511145.b0633	49.3
511145.b3634	49.3
511145.b1834	49.1
511145.b1675	49.1
511145.b4194	49.1
511145.b1922	48.9
511145.b3097	48.9
511145.b2315	48.8
511145.b1636	48.8
511145.b0059	48.5
511145.b2811	48.4
511145.b4152	48.4
511145.b3038	48.4
511145.b0273	48.2
511145.b2306	48.2
511145.b4192	48.1
511145.b2209	47.6
511145.b3019	47.5
511145.b3072	47.4
511145.b0739	47.3
511145.b2895	47.3
511145.b0835	47.2
511145.b4149	47.0
511145.b2125	46.9
511145.b3677	46.5
511145.b0090	46.4
511145.b2593	46.2
511145.b1521	46.1
511145.b0967	45.9
511145.b3470	45.8
511145.b1945	45.7
511145.b0417	45.7
511145.b1049	45.5
511145.b1990	45.5
511145.b3247	45.5
511145.b0652	45.4
511145.b3513	45.3
511145.b1102	45.2
511145.b0119	45.2
511145.b1608	45.2
511145.b0914	45.2
511145.b2475	45.1
511145.b3289	45.0
511145.b3187	44.9
511145.b2411	44.7
511145.b0406	44.3
511145.b0887	44.0
511145.b2584	43.9
511145.b0055	43.5
511145.b1681	43.2
511145.b1063	43.0
511145.b3850	42.9
511145.b4328	42.8
511145.b3281	42.8
511145.b2193	42.7
511145.b0608	42.5
511145.b1082	42.5
511145.b3813	42.3
511145.b0200	42.3
511145.b4119	42.2
511145.b3812	42.2
511145.b0962	42.1
511145.b3572	42.1
511145.b2249	42.0
511145.b3820	41.9
511145.b3221	41.9
511145.b2252	41.9
511145.b4049	41.8
511145.b2032	41.8
511145.b3449	41.8
511145.b0738	41.8
511145.b3755	41.7
511145.b4480	41.7
511145.b0096	41.6
511145.b0579	41.6
511145.b0810	41.6
511145.b1224	41.6
511145.b1421	41.5
511145.b3963	41.4
511145.b1805	41.3
511145.b3523	41.3
511145.b1295	41.3
511145.b1270	41.3
511145.b2784	41.2
511145.b4056	41.2
511145.b0239	41.2
511145.b2259	41.2
511145.b3786	41.1
511145.b2105	41.0
511145.b0149	41.0
511145.b2552	40.9
511145.b3972	40.7
511145.b1323	40.7
511145.b1939	40.6
511145.b1225	40.4
511145.b1356	40.3
511145.b3991	40.3
511145.b2393	40.2
511145.b0458	40.1
511145.b3117	40.0
511145.b1176	40.0
511145.b0493	40.0
511145.b1098	39.9
511145.b1897	39.8
511145.b3785	39.6
511145.b2870	39.6
511145.b2936	39.5
511145.b0611	39.5
511145.b3826	39.4
511145.b1427	39.3
511145.b4390	39.3
511145.b3149	39.3
511145.b2291	38.9
511145.b0397	38.8
511145.b0383	38.6
511145.b3966	38.5
511145.b4352	38.4
511145.b2012	38.3
511145.b4238	38.3
511145.b2497	38.2
511145.b1519	38.1
511145.b3741	38.0
511145.b3397	37.8
511145.b2422	37.7
511145.b2342	37.6
511145.b4088	37.4
511145.b4349	37.1
511145.b2346	36.8
511145.b3512	36.7
511145.b0999	36.7
511145.b1915	36.6
511145.b1683	36.5
511145.b1271	36.2
511145.b0970	35.7
511145.b0143	35.6
511145.b4302	35.4
511145.b1177	35.3
511145.b0973	35.3
511145.b3590	35.2
511145.b2086	35.0
511145.b4052	35.0
511145.b1321	35.0
511145.b1192	34.9
511145.b0585	34.8
511145.b0025	34.6
511145.b2182	34.5
511145.b2351	34.5
511145.b3355	34.5
511145.b4211	34.3
511145.b1185	34.2
511145.b3981	34.1
511145.b3965	34.0
511145.b3462	33.9
511145.b2413	33.9
511145.b3933	33.8
511145.b1086	33.8
511145.b3177	33.4
511145.b2745	33.3
511145.b3884	33.2
511145.b1382	33.1
511145.b1874	33.0
511145.b2664	32.7
511145.b1650	32.6
511145.b1580	32.6
511145.b0750	32.5
511145.b4256	32.5
511145.b1255	32.4
511145.b2502	32.4
511145.b2052	32.3
511145.b2582	32.3
511145.b1927	32.2
511145.b0905	32.2
511145.b1757	32.1
511145.b2829	32.1
511145.b0949	32.0
511145.b3469	31.9
511145.b0886	31.9
511145.b0122	31.9
511145.b1282	31.8
511145.b0588	31.7
511145.b1119	31.7
511145.b2838	31.4
511145.b1424	31.3
511145.b1190	31.2
511145.b0312	31.2
511145.b0429	31.1
511145.b4239	31.0
511145.b2302	30.7
511145.b1330	30.6
511145.b1040	30.6
511145.b2580	30.5
511145.b0822	30.3
511145.b1921	30.3
511145.b3702	30.2
511145.b4167	30.2
511145.b4178	30.2
511145.b1944	30.1
511145.b0630	30.1
511145.b1726	29.9
511145.b3132	29.9
511145.b1211	29.7
511145.b3974	29.7
511145.b2011	29.5
511145.b1777	29.3
511145.b2366	29.1
511145.b1378	29.0
511145.b2314	28.9
511145.b2750	28.8
511145.b1890	28.8
511145.b1668	28.6
511145.b0736	28.6
511145.b4394	28.5
511145.b4070	28.5
511145.b1806	28.2
511145.b2472	28.1
511145.b4023	28.0
511145.b2147	27.8
511145.b0460	27.8
511145.b3630	27.7
511145.b1322	27.5
511145.b0226	27.4
511145.b3053	27.3
511145.b2906	27.2
511145.b1555	27.2
511145.b0113	27.1
511145.b4262	27.1
511145.b3412	27.0
511145.b1640	27.0
511145.b1112	26.8
511145.b0890	26.8
511145.b2677	26.6
511145.b0627	26.6
511145.b1807	26.5
511145.b2993	26.5
511145.b3410	26.5
511145.b3032	26.5
511145.b1851	26.4
511145.b2146	26.4
511145.b3094	26.3
511145.b0982	26.3
511145.b1107	26.3
511145.b2099	26.2
511145.b1490	26.2
511145.b1015	25.8
511145.b0636	25.8
511145.b4280	25.8
511145.b0467	25.8
511145.b0948	25.8
511145.b1188	25.8
511145.b0101	25.7
511145.b2053	25.6
511145.b3499	25.6
511145.b3237	25.6
511145.b2428	25.6
511145.b4388	25.6
511145.b3704	25.2
511145.b4386	25.1
511145.b3223	25.0
511145.b3574	25.0
511145.b2765	25.0
511145.b3791	25.0
511145.b3950	24.9
511145.b1570	24.7
511145.b2331	24.6
511145.b1205	24.5
511145.b3524	24.5
511145.b3789	24.5
511145.b0198	24.3
511145.b2927	24.2
511145.b3081	24.2
511145.b3892	24.2
511145.b0969	24.2
511145.b2468	23.9
511145.b2607	23.9
511145.b3459	23.9
511145.b1342	23.8
511145.b2432	23.7
511145.b0774	23.6
511145.b2806	23.5
511145.b2216	23.4
511145.b3650	23.3
511145.b1066	23.3
511145.b3834	23.3
511145.b3805	23.2
511145.b3062	23.2
511145.b2017	23.1
511145.b0223	23.0
511145.b3821	23.0
511145.b4190	22.9
511145.b2980	22.9
511145.b2708	22.8
511145.b1306	22.8
511145.b3425	22.8
511145.b1326	22.7
511145.b4291	22.7
511145.b3655	22.6
511145.b3740	22.6
511145.b3869	22.6
511145.b4261	22.5
511145.b0855	22.5
511145.b0765	22.4
511145.b2282	22.4
511145.b2048	22.3
511145.b0167	22.3
511145.b1171	22.2
511145.b3002	22.2
511145.b3642	22.1
511145.b0343	22.0
511145.b1100	22.0
511145.b3749	22.0
511145.b1663	21.9
511145.b2340	21.9
511145.b3352	21.9
511145.b0760	21.8
511145.b4240	21.8
511145.b0951	21.7
511145.b3290	21.7
511145.b2159	21.6
511145.b3129	21.6
511145.b0049	21.5
511145.b3917	21.5
511145.b0261	21.5
511145.b0342	21.4
511145.b3163	21.4
511145.b3365	21.4
511145.b3794	21.3
511145.b3345	21.3
511145.b3061	21.2
511145.b1860	21.1
511145.b4377	21.0
511145.b3641	20.8
511145.b2267	20.7
511145.b4265	20.7
511145.b4316	20.7
511145.b1250	20.6
511145.b1379	20.6
511145.b1335	20.6
511145.b1563	20.5
511145.b3772	20.5
511145.b2743	20.4
511145.b1971	20.4
511145.b4367	20.3
511145.b3064	20.3
511145.b2479	20.3
511145.b3018	20.3
511145.b0604	20.3
511145.b2996	20.3
511145.b1875	20.2
511145.b2646	20.1
511145.b3058	20.1
511145.b0151	20.1
511145.b1076	20.1
511145.b2563	19.9
511145.b0477	19.8
511145.b0795	19.8
511145.b1090	19.8
511145.b0478	19.6
511145.b3160	19.5
511145.b4042	19.5
511145.b2673	19.4
511145.b1511	19.4
511145.b3049	19.4
511145.b0052	19.4
511145.b2467	19.3
511145.b2830	19.1
511145.b2793	19.0
511145.b0399	18.9
511145.b3378	18.9
511145.b3105	18.9
511145.b1552	18.8
511145.b1929	18.8
511145.b2997	18.7
511145.b2276	18.6
511145.b3825	18.6
511145.b1518	18.6
511145.b0599	18.5
511145.b4536	18.4
511145.b4053	18.4
511145.b2615	18.3
511145.b2441	18.2
511145.b2520	18.1
511145.b3465	18.1
511145.b1657	18.0
511145.b1617	18.0
511145.b0430	17.7
511145.b2690	17.7
511145.b3467	17.7
511145.b1341	17.7
511145.b3226	17.6
511145.b3232	17.6
511145.b2744	17.6
511145.b0894	17.6
511145.b1068	17.4
511145.b3998	17.4
511145.b4403	17.4
511145.b4195	17.2
511145.b1871	17.2
511145.b1634	17.2
511145.b3955	17.1
511145.b1970	17.1
511145.b3996	17.0
511145.b3206	16.9
511145.b4350	16.9
511145.b4378	16.9
511145.b1280	16.9
511145.b2844	16.8
511145.b2946	16.8
511145.b1735	16.7
511145.b1344	16.7
511145.b1182	16.7
511145.b2733	16.7
511145.b3056	16.7
511145.b3017	16.6
511145.b0952	16.6
511145.b2821	16.5
511145.b4220	16.5
511145.b2278	16.4
511145.b1705	16.4
511145.b3199	16.4
511145.b1208	16.4
511145.b3437	16.4
511145.b1858	16.3
511145.b3091	16.3
511145.b4242	16.3
511145.b1249	16.2
511145.b0208	16.1
511145.b1679	16.1
511145.b1238	16.0
511145.b2487	16.0
511145.b0807	16.0
511145.b3591	15.9
511145.b2881	15.9
511145.b3806	15.9
511145.b2434	15.9
511145.b1770	15.8
511145.b0219	15.8
511145.b3100	15.8
511145.b1448	15.8
511145.b1540	15.8
511145.b1993	15.8
511145.b0983	15.8
511145.b3779	15.7
511145.b4259	15.7
511145.b0246	15.7
511145.b1037	15.6
511145.b1234	15.6
511145.b2777	15.5
511145.b3406	15.5
511145.b2685	15.4
511145.b2440	15.4
511145.b3857	15.3
511145.b4123	15.2
511145.b0209	15.2
511145.b1855	15.2
511145.b0925	15.1
511145.b3431	15.1
511145.b2311	15.1
511145.b2952	15.0
511145.b1253	14.9
511145.b2797	14.8
511145.b1413	14.8
511145.b4187	14.7
511145.b2289	14.7
511145.b0470	14.7
511145.b4071	14.7
511145.b4097	14.6
511145.b0346	14.6
511145.b0183	14.6
511145.b2813	14.6
511145.b3651	14.6
511145.b3416	14.6
511145.b2562	14.5
511145.b0042	14.5
511145.b2798	14.5
511145.b0981	14.5
511145.b1766	14.5
511145.b0876	14.3
511145.b3133	14.3
511145.b3166	14.3
511145.b2124	14.3
511145.b1853	14.3
511145.b2965	14.2
511145.b0081	14.1
511145.b2071	14.1
511145.b0069	14.1
511145.b1191	14.0
511145.b3689	14.0
511145.b1494	14.0
511145.b1549	14.0
511145.b3920	14.0
511145.b3368	14.0
511145.b0821	14.0
511145.b3248	13.9
511145.b0920	13.8
511145.b0324	13.8
511145.b2630	13.7
511145.b1248	13.7
511145.b4072	13.7
511145.b3952	13.7
511145.b0269	13.7
511145.b2457	13.6
511145.b0465	13.6
511145.b0892	13.5
511145.b2033	13.5
511145.b3973	13.5
511145.b0291	13.4
511145.b0994	13.4
511145.b1820	13.4
511145.b1889	13.3
511145.b2964	13.3
511145.b2949	13.2
511145.b2064	13.2
511145.b1913	13.1
511145.b1938	13.1
511145.b1134	13.1
511145.b2812	13.1
511145.b1055	13.1
511145.b3030	13.1
511145.b1591	13.1
511145.b3746	13.1
511145.b0400	13.0
511145.b1047	13.0
511145.b0797	13.0
511145.b3787	12.9
511145.b3292	12.9
511145.b4196	12.9
511145.b2522	12.8
511145.b1116	12.7
511145.b2770	12.7
511145.b3194	12.7
511145.b3788	12.6
511145.b1513	12.6
511145.b0919	12.6
511145.b2840	12.6
511145.b1958	12.5
511145.b2805	12.5
511145.b1622	12.4
511145.b2735	12.4
511145.b2701	12.4
511145.b0041	12.4
511145.b4022	12.4
511145.b0405	12.2
511145.b1206	12.2
511145.b1883	12.2
511145.b1800	12.2
511145.b1629	12.2
511145.b1106	12.2
511145.b1825	12.1
511145.b0352	12.1
511145.b1652	12.1
511145.b2879	12.1
511145.b0488	12.0
511145.b2212	12.0
511145.b3925	12.0
511145.b0046	11.9
511145.b0472	11.8
511145.b1013	11.8
511145.b1589	11.8
511145.b3633	11.8
511145.b0087	11.8
511145.b3597	11.7
511145.b2085	11.7
511145.b3804	11.7
511145.b4551	11.7
511145.b2875	11.7
511145.b4471	11.6
511145.b0841	11.6
511145.b2828	11.6
511145.b3842	11.6
511145.b1457	11.6
511145.b1475	11.6
511145.b0844	11.5
511145.b3152	11.5
511145.b2455	11.5
511145.b2028	11.5
511145.b3115	11.5
511145.b1957	11.4
511145.b0537	11.4
511145.b0802	11.4
511145.b2572	11.4
511145.b4389	11.4
511145.b2157	11.4
511145.b2878	11.4
511145.b4189	11.4
511145.b2341	11.4
511145.b1019	11.4
511145.b4087	11.3
511145.b3145	11.3
511145.b2254	11.3
511145.b0878	11.3
511145.b1104	11.3
511145.b3343	11.3
511145.b1639	11.3
511145.b0062	11.2
511145.b2720	11.2
511145.b3810	11.2
511145.b2998	11.1
511145.b4209	11.1
511145.b0559	11.1
511145.b2377	11.0
511145.b4479	11.0
511145.b0766	10.9
511145.b3967	10.9
511145.b0600	10.8
511145.b1706	10.8
511145.b3828	10.8
511145.b0304	10.8
511145.b3344	10.7
511145.b0877	10.7
511145.b1822	10.7
511145.b3514	10.7
511145.b3835	10.7
511145.b2747	10.7
511145.b0192	10.6
511145.b0685	10.6
511145.b1566	10.5
511145.b1746	10.5
511145.b0111	10.5
511145.b1299	10.5
511145.b3623	10.5
511145.b1266	10.4
511145.b4171	10.4
511145.b0495	10.3
511145.b1077	10.3
511145.b0621	10.2
511145.b2222	10.2
511145.b0176	10.2
511145.b2324	10.2
511145.b3235	10.1
511145.b4467	10.1
511145.b2865	10.1
511145.b4170	10.1
511145.b4183	10.1
511145.b3515	10.1
511145.b3669	10.0
511145.b1525	9.94
511145.b1435	9.94
511145.b0551	9.89
511145.b0978	9.86
511145.b0881	9.85
511145.b0490	9.85
511145.b2265	9.77
511145.b2667	9.76
511145.b3896	9.76
511145.b2808	9.69
511145.b0713	9.68
511145.b2659	9.68
511145.b3688	9.63
511145.b3714	9.51
511145.b2381	9.48
511145.b2618	9.43
511145.b3867	9.41
511145.b2810	9.39
511145.b4596	9.39
511145.b4483	9.38
511145.b0050	9.35
511145.b0828	9.35
511145.b1664	9.34
511145.b1932	9.34
511145.b4016	9.3
511145.b4310	9.26
511145.b3568	9.23
511145.b1841	9.2
511145.b4351	9.18
511145.b3073	9.15
511145.b3546	9.12
511145.b4039	9.06
511145.b4198	9.02
511145.b1507	9.01
511145.b3486	8.98
511145.b4073	8.95
511145.b3387	8.9
511145.b1598	8.89
511145.b4131	8.83
511145.b4191	8.8
511145.b2438	8.79
511145.b2955	8.79
511145.b2436	8.78
511145.b3093	8.77
511145.b1078	8.77
511145.b4361	8.76
511145.b1294	8.74
511145.b0577	8.72
511145.b2069	8.71
511145.b1918	8.7
511145.b2206	8.64
511145.b2509	8.64
511145.b2194	8.62
511145.b1512	8.6
511145.b2470	8.6
511145.b2902	8.59
511145.b0475	8.58
511145.b2871	8.57
511145.b4362	8.57
511145.b3522	8.56
511145.b3293	8.46
511145.b4372	8.45
511145.b3618	8.44
511145.b2261	8.43
511145.b1046	8.42
511145.b1233	8.41
511145.b0418	8.4
511145.b3652	8.37
511145.b0188	8.29
511145.b3250	8.25
511145.b3329	8.24
511145.b2792	8.24
511145.b1287	8.2
511145.b0468	8.2
511145.b3551	8.14
511145.b3613	8.14
511145.b2574	8.14
511145.b1691	8.1
511145.b2173	8.09
511145.b1129	8.07
511145.b2063	8.06
511145.b0775	8.02
511145.b1531	8.01
511145.b3525	8.0
511145.b4218	8.0
511145.b0895	7.95
511145.b1590	7.95
511145.b3020	7.94
511145.b3795	7.93
511145.b4484	7.92
511145.b2245	7.9
511145.b0695	7.9
511145.b3745	7.88
511145.b4150	7.86
511145.b1072	7.86
511145.b2748	7.85
511145.b0308	7.84
511145.b1193	7.84
511145.b4094	7.82
511145.b2496	7.78
511145.b1631	7.74
511145.b1210	7.72
511145.b1110	7.7
511145.b0476	7.68
511145.b3239	7.65
511145.b0186	7.65
511145.b3911	7.65
511145.b4398	7.64
511145.b2560	7.63
511145.b3778	7.62
511145.b1467	7.62
511145.b0103	7.57
511145.b3664	7.57
511145.b4155	7.57
511145.b2210	7.56
511145.b0980	7.51
511145.b4333	7.49
511145.b1845	7.49
511145.b0654	7.49
511145.b0459	7.44
511145.b2313	7.43
511145.b3900	7.42
511145.b2781	7.42
511145.b2554	7.36
511145.b2492	7.36
511145.b2907	7.36
511145.b0084	7.35
511145.b0817	7.33
511145.b2165	7.31
511145.b2394	7.31
511145.b0019	7.28
511145.b2892	7.28
511145.b4126	7.27
511145.b3625	7.27
511145.b1842	7.21
511145.b4140	7.2
511145.b3946	7.19
511145.b1096	7.19
511145.b0587	7.18
511145.b1816	7.18
511145.b3476	7.17
511145.b2728	7.16
511145.b1520	7.12
511145.b1118	7.09
511145.b1610	7.06
511145.b1813	7.06
511145.b0355	7.03
511145.b2218	7.01
511145.b0110	7.0
511145.b3653	6.98
511145.b4336	6.96
511145.b0425	6.95
511145.b3558	6.95
511145.b0657	6.93
511145.b3529	6.89
511145.b2352	6.87
511145.b1534	6.86
511145.b4105	6.84
511145.b4461	6.83
511145.b3874	6.83
511145.b1061	6.83
511145.b1097	6.81
511145.b0798	6.78
511145.b0093	6.78
511145.b0378	6.77
511145.b3626	6.76
511145.b0707	6.75
511145.b2423	6.72
511145.b1594	6.7
511145.b1941	6.7
511145.b2802	6.69
511145.b3530	6.68
511145.b2318	6.68
511145.b0214	6.67
511145.b0058	6.66
511145.b0412	6.65
511145.b2493	6.64
511145.b2717	6.62
511145.b1618	6.6
511145.b1731	6.59
511145.b0138	6.58
511145.b2727	6.56
511145.b1418	6.55
511145.b3918	6.51
511145.b2435	6.5
511145.b4089	6.48
511145.b1327	6.48
511145.b3873	6.43
511145.b2963	6.42
511145.b3441	6.41
511145.b1099	6.39
511145.b0401	6.39
511145.b4124	6.38
511145.b2129	6.38
511145.b2447	6.37
511145.b3811	6.3
511145.b0829	6.27
511145.b0868	6.27
511145.b1784	6.26
511145.b0487	6.26
511145.b1992	6.25
511145.b3620	6.23
511145.b2983	6.21
511145.b3503	6.17
511145.b3396	6.16
511145.b2787	6.14
511145.b2619	6.14
511145.b0142	6.14
511145.b1786	6.14
511145.b0776	6.13
511145.b4464	6.13
511145.b3083	6.11
511145.b0336	6.09
511145.b2156	6.05
511145.b4079	6.04
511145.b0972	6.03
511145.b3897	6.01
511145.b0310	6.01
511145.b0063	5.99
511145.b3118	5.98
511145.b1969	5.96
511145.b0160	5.95
511145.b2256	5.93
511145.b4215	5.92
511145.b3399	5.91
511145.b0716	5.89
511145.b0227	5.85
511145.b1794	5.85
511145.b2869	5.82
511145.b1916	5.81
511145.b4112	5.8
511145.b0575	5.77
511145.b4547	5.76
511145.b1991	5.75
511145.b2880	5.72
511145.b1895	5.7
511145.b1754	5.7
511145.b1353	5.69
511145.b3606	5.68
511145.b1111	5.65
511145.b3066	5.65
511145.b0867	5.64
511145.b3182	5.64
511145.b1162	5.63
511145.b1340	5.62
511145.b1464	5.61
511145.b1195	5.61
511145.b2127	5.59
511145.b0483	5.57
511145.b1879	5.56
511145.b1884	5.56
511145.b4221	5.56
511145.b3252	5.55
511145.b1009	5.53
511145.b3220	5.53
511145.b3632	5.52
511145.b1235	5.51
511145.b1508	5.5
511145.b0376	5.5
511145.b3040	5.46
511145.b1616	5.46
511145.b3750	5.46
511145.b0479	5.46
511145.b3394	5.44
511145.b1605	5.4
511145.b0862	5.4
511145.b3353	5.4
511145.b1673	5.35
511145.b0751	5.35
511145.b4557	5.34
511145.b2670	5.31
511145.b3739	5.31
511145.b4040	5.31
511145.b0706	5.29
511145.b0840	5.28
511145.b1961	5.28
511145.b0351	5.25
511145.b3615	5.24
511145.b3497	5.21
511145.b4093	5.21
511145.b0620	5.2
511145.b0984	5.2
511145.b4001	5.19
511145.b1776	5.19
511145.b0290	5.18
511145.b0272	5.18
511145.b0616	5.17
511145.b1399	5.16
511145.b2789	5.15
511145.b1278	5.15
511145.b0195	5.13
511145.b1374	5.12
511145.b0792	5.1
511145.b3398	5.07
511145.b1872	5.06
511145.b2953	5.06
511145.b4077	5.06
511145.b1962	5.05
511145.b0524	5.04
511145.b3895	5.04
511145.b3126	5.03
511145.b2180	5.01
511145.b2176	5.01
511145.b4312	5.01
511145.b3392	5.0
511145.b4266	5.0
511145.b1450	4.99
511145.b3101	4.99
511145.b2188	4.99
511145.b4595	4.99
511145.b0508	4.98
511145.b0307	4.97
511145.b1069	4.95
511145.b4098	4.92
511145.b1648	4.92
511145.b0694	4.91
511145.b0939	4.9
511145.b4410	4.89
511145.b0955	4.88
511145.b0653	4.87
511145.b2460	4.86
511145.b1900	4.83
511145.b3480	4.81
511145.b0173	4.81
511145.b1388	4.81
511145.b4251	4.78
511145.b4044	4.77
511145.b1290	4.76
511145.b1135	4.74
511145.b4241	4.74
511145.b0833	4.73
511145.b0184	4.72
511145.b1587	4.72
511145.b2202	4.71
511145.b2611	4.68
511145.b3375	4.67
511145.b0786	4.66
511145.b2536	4.66
511145.b0848	4.65
511145.b0831	4.65
511145.b0064	4.65
511145.b1925	4.64
511145.b2160	4.63
511145.b3026	4.62
511145.b1474	4.61
511145.b0901	4.6
511145.b0617	4.59
511145.b2250	4.58
511145.b3934	4.58
511145.b4481	4.58
511145.b2874	4.57
511145.b2134	4.57
511145.b2956	4.55
511145.b3404	4.54
511145.b1892	4.54
511145.b2660	4.53
511145.b1571	4.53
511145.b3832	4.53
511145.b1763	4.53
511145.b4415	4.51
511145.b2347	4.5
511145.b0693	4.49
511145.b1956	4.45
511145.b3904	4.45
511145.b1298	4.44
511145.b0635	4.43
511145.b4253	4.43
511145.b1495	4.4
511145.b0873	4.39
511145.b1812	4.37
511145.b1383	4.37
511145.b3629	4.36
511145.b2837	4.34
511145.b3579	4.34
511145.b2961	4.34
511145.b1799	4.34
511145.b0190	4.34
511145.b2142	4.31
511145.b3325	4.29
511145.b1904	4.28
511145.b1633	4.27
511145.b3021	4.27
511145.b0330	4.27
511145.b1320	4.26
511145.b3822	4.26
511145.b1020	4.24
511145.b0083	4.24
511145.b0857	4.24
511145.b3222	4.23
511145.b3051	4.23
511145.b1801	4.23
511145.b3915	4.22
511145.b1314	4.22
511145.b0826	4.21
511145.b2328	4.21
511145.b1503	4.2
511145.b0619	4.2
511145.b2616	4.19
511145.b0634	4.18
511145.b0217	4.16
511145.b2317	4.15
511145.b1145	4.15
511145.b2308	4.15
511145.b1620	4.15
511145.b2181	4.14
511145.b1804	4.14
511145.b3131	4.13
511145.b2836	4.13
511145.b4169	4.12
511145.b0974	4.12
511145.b4387	4.08
511145.b2268	4.05
511145.b3848	4.04
511145.b1940	4.04
511145.b1810	4.03
511145.b3947	4.02
511145.b4358	4.0
511145.b4248	4.0
511145.b4145	4.0
511145.b0879	4.0
511145.b2123	3.97
511145.b4345	3.97
511145.b2100	3.96
511145.b2398	3.96
511145.b0996	3.94
511145.b0936	3.94
511145.b2803	3.94
511145.b0985	3.94
511145.b1793	3.94
511145.b2220	3.92
511145.b3565	3.92
511145.b2917	3.91
511145.b1756	3.91
511145.b3594	3.9
511145.b3549	3.88
511145.b3333	3.88
511145.b1214	3.86
511145.b4373	3.86
511145.b2776	3.81
511145.b2345	3.8
511145.b0790	3.79
511145.b1902	3.79
511145.b3379	3.77
511145.b4526	3.76
511145.b2883	3.76
511145.b2074	3.75
511145.b4292	3.75
511145.b3570	3.74
511145.b0491	3.7
511145.b1163	3.68
511145.b2642	3.68
511145.b2674	3.66
511145.b3700	3.66
511145.b2819	3.64
511145.b4472	3.63
511145.b2831	3.57
511145.b3538	3.57
511145.b3391	3.57
511145.b0146	3.56
511145.b4541	3.56
511145.b3354	3.55
511145.b3351	3.54
511145.b0612	3.54
511145.b3322	3.52
511145.b0503	3.52
511145.b2644	3.51
511145.b2912	3.5
511145.b0780	3.5
511145.b2264	3.49
511145.b2623	3.49
511145.b1947	3.48
511145.b4065	3.47
511145.b3685	3.47
511145.b1545	3.47
511145.b0295	3.46
511145.b4117	3.42
511145.b1469	3.42
511145.b4020	3.42
511145.b3243	3.41
511145.b1222	3.41
511145.b0147	3.4
511145.b0568	3.39
511145.b2817	3.36
511145.b2112	3.36
511145.b0960	3.35
511145.b4311	3.32
511145.b3456	3.32
511145.b1125	3.3
511145.b3492	3.3
511145.b4003	3.29
511145.b2453	3.29
511145.b4278	3.29
511145.b0448	3.29
511145.b1736	3.28
511145.b1392	3.28
511145.b0365	3.28
511145.b3631	3.28
511145.b3635	3.27
511145.b1828	3.27
511145.b3238	3.26
511145.b0162	3.22
511145.b0764	3.22
511145.b0278	3.22
511145.b2151	3.22
511145.b1468	3.2
511145.b0796	3.2
511145.b1621	3.19
511145.b3537	3.18
511145.b2230	3.18
511145.b3424	3.17
511145.b2172	3.16
511145.b2559	3.15
511145.b1671	3.15
511145.b0148	3.15
511145.b2561	3.14
511145.b0730	3.13
511145.b0770	3.13
511145.b4018	3.12
511145.b1747	3.11
511145.b2786	3.09
511145.b3726	3.08
511145.b2333	3.08
511145.b0271	3.06
511145.b0995	3.06
511145.b2707	3.05
511145.b2148	3.05
511145.b2211	3.04
511145.b1302	3.03
511145.b1561	3.03
511145.b4290	3.03
511145.b4264	3.02
511145.b0645	3.02
511145.b0260	3.02
511145.b1073	3.02
511145.b4348	3.01
511145.b1835	3.0
511145.b3603	3.0
511145.b0921	2.99
511145.b4379	2.99
511145.b0228	2.98
511145.b2135	2.98
511145.b0314	2.98
511145.b2504	2.97
511145.b4304	2.96
511145.b1024	2.96
511145.b2889	2.96
511145.b3889	2.94
511145.b2144	2.93
511145.b3063	2.93
511145.b3360	2.92
511145.b4327	2.92
511145.b1429	2.91
511145.b2698	2.91
511145.b1859	2.9
511145.b0567	2.9
511145.b3442	2.9
511145.b3519	2.9
511145.b3856	2.9
511145.b2822	2.89
511145.b1223	2.87
511145.b1268	2.87
511145.b3494	2.87
511145.b4066	2.87
511145.b1303	2.87
511145.b0099	2.86
511145.b2442	2.86
511145.b0556	2.86
511145.b0861	2.85
511145.b2543	2.85
511145.b1558	2.85
511145.b4197	2.85
511145.b1524	2.85
511145.b1968	2.84
511145.b2277	2.84
511145.b3542	2.84
511145.b1607	2.83
511145.b0639	2.82
511145.b2175	2.82
511145.b3582	2.81
511145.b3095	2.81
511145.b1165	2.81
511145.b2068	2.81
511145.b2430	2.79
511145.b4317	2.78
511145.b0175	2.77
511145.b1606	2.77
511145.b2705	2.76
511145.b0732	2.76
511145.b0935	2.76
511145.b2919	2.75
511145.b1216	2.75
511145.b4146	2.74
511145.b1300	2.73
511145.b3280	2.73
511145.b1393	2.73
511145.b1159	2.73
511145.b2846	2.73
511145.b1694	2.72
511145.b2226	2.72
511145.b3859	2.72
511145.b1649	2.72
511145.b3614	2.71
511145.b4374	2.7
511145.b2718	2.7
511145.b1745	2.7
511145.b3074	2.7
511145.b3906	2.69
511145.b1372	2.69
511145.b0039	2.69
511145.b0047	2.69
511145.b3415	2.68
511145.b0482	2.68
511145.b2782	2.68
511145.b1140	2.67
511145.b3084	2.67
511145.b3680	2.65
511145.b3154	2.65
511145.b2729	2.64
511145.b4217	2.64
511145.b0361	2.63
511145.b1402	2.63
511145.b1996	2.63
511145.b2860	2.63
511145.b3045	2.63
511145.b4273	2.63
511145.b0520	2.62
511145.b2867	2.61
511145.b4109	2.61
511145.b3088	2.6
511145.b2555	2.6
511145.b1390	2.59
511145.b4468	2.59
511145.b0789	2.58
511145.b3082	2.58
511145.b3668	2.58
511145.b0847	2.57
511145.b1689	2.56
511145.b2558	2.55
511145.b2714	2.55
511145.b3265	2.54
511145.b3025	2.53
511145.b0349	2.53
511145.b1985	2.53
511145.b0544	2.52
511145.b2724	2.52
511145.b2979	2.52
511145.b1863	2.52
511145.b0566	2.52
511145.b0139	2.52
511145.b1708	2.51
511145.b4182	2.5
511145.b3010	2.49
511145.b1218	2.48
511145.b0231	2.48
511145.b1054	2.47
511145.b3059	2.47
511145.b2195	2.47
511145.b3116	2.46
511145.b2791	2.45
511145.b2419	2.45
511145.b2625	2.44
511145.b0926	2.43
511145.b0215	2.42
511145.b1856	2.42
511145.b4136	2.41
511145.b0708	2.41
511145.b4237	2.41
511145.b1695	2.4
511145.b0640	2.4
511145.b1869	2.4
511145.b2409	2.4
511145.b0447	2.38
511145.b0449	2.38
511145.b2237	2.37
511145.b2721	2.36
511145.b2049	2.36
511145.b2756	2.36
511145.b0514	2.35
511145.b2703	2.35
511145.b4324	2.34
511145.b1350	2.33
511145.b1292	2.33
511145.b1227	2.31
511145.b0885	2.31
511145.b1113	2.31
511145.b0859	2.31
511145.b1771	2.31
511145.b0874	2.31
511145.b1530	2.3
511145.b1460	2.3
511145.b3484	2.3
511145.b4546	2.29
511145.b0338	2.29
511145.b3488	2.29
511145.b2375	2.28
511145.b0284	2.28
511145.b2118	2.28
511145.b3719	2.27
511145.b2015	2.27
511145.b1535	2.26
511145.b1994	2.25
511145.b3533	2.23
511145.b2382	2.23
511145.b1596	2.22
511145.b2383	2.22
511145.b0106	2.22
511145.b2101	2.22
511145.b1722	2.22
511145.b1443	2.22
511145.b2098	2.21
511145.b3124	2.2
511145.b0289	2.2
511145.b0144	2.2
511145.b2102	2.19
511145.b4298	2.19
511145.b2943	2.19
511145.b0569	2.19
511145.b1291	2.19
511145.b4359	2.18
511145.b4309	2.18
511145.b3130	2.17
511145.b3628	2.17
511145.b3075	2.17
511145.b0043	2.15
511145.b1343	2.14
511145.b2896	2.14
511145.b0516	2.13
511145.b0768	2.13
511145.b3158	2.12
511145.b0915	2.12
511145.b1709	2.12
511145.b0989	2.11
511145.b2778	2.11
511145.b1688	2.11
511145.b0846	2.1
511145.b0066	2.1
511145.b3581	2.1
511145.b0872	2.1
511145.b1542	2.08
511145.b0615	2.07
511145.b3818	2.06
511145.b0360	2.05
511145.b1403	2.05
511145.b1997	2.05
511145.b2861	2.05
511145.b3044	2.05
511145.b4272	2.05
511145.b0224	2.05
511145.b2067	2.04
511145.b3047	2.04
511145.b3475	2.04
511145.b1293	2.04
511145.b1297	2.03
511145.b0089	2.03
511145.b0045	2.03
511145.b1697	2.03
511145.b2214	2.02
511145.b2263	2.01
511145.b4485	1.99
511145.b2894	1.99
511145.b1529	1.99
511145.b3930	1.99
511145.b4092	1.98
511145.b0250	1.98
511145.b2014	1.98
511145.b2062	1.98
511145.b3882	1.97
511145.b4030	1.97
511145.b0341	1.97
511145.b2671	1.97
511145.b3587	1.97
511145.b1575	1.96
511145.b3564	1.96
511145.b4622	1.96
511145.b2427	1.96
511145.b1451	1.95
511145.b1644	1.95
511145.b2839	1.94
511145.b4469	1.94
511145.b3663	1.93
511145.b2704	1.93
511145.b2730	1.93
511145.b2556	1.92
511145.b3709	1.92
511145.b0097	1.92
511145.b3128	1.92
511145.b4017	1.92
511145.b3208	1.92
511145.b0155	1.92
511145.b0638	1.91
511145.b1781	1.91
511145.b2174	1.91
511145.b0824	1.91
511145.b0853	1.91
511145.b3009	1.91
511145.b2753	1.91
511145.b1811	1.9
511145.b3350	1.89
511145.b2510	1.89
511145.b1797	1.88
511145.b2636	1.88
511145.b1496	1.88
511145.b0251	1.88
511145.b1751	1.87
511145.b2899	1.87
511145.b0512	1.86
511145.b1653	1.85
511145.b1609	1.85
511145.b2370	1.84
511145.b0794	1.84
511145.b3555	1.84
511145.b2260	1.83
511145.b1242	1.83
511145.b1734	1.83
511145.b2755	1.83
511145.b2738	1.83
511145.b0428	1.82
511145.b2443	1.81
511145.b0496	1.81
511145.b3157	1.81
511145.b1365	1.81
511145.b2873	1.81
511145.b3421	1.81
511145.b2921	1.8
511145.b0464	1.79
511145.b1447	1.79
511145.b4335	1.79
511145.b3266	1.79
511145.b1759	1.78
511145.b1880	1.78
511145.b3899	1.78
511145.b3196	1.78
511145.b0993	1.78
511145.b1465	1.78
511145.b3148	1.78
511145.b0842	1.77
511145.b3747	1.76
511145.b3949	1.75
511145.b2295	1.75
511145.b3601	1.75
511145.b0367	1.74
511145.b0292	1.73
511145.b4380	1.73
511145.b3862	1.73
511145.b2758	1.72
511145.b3562	1.71
511145.b1375	1.71
511145.b0916	1.71
511145.b2013	1.7
511145.b1554	1.69
511145.b2251	1.69
511145.b3715	1.68
511145.b3604	1.68
511145.b3676	1.68
511145.b0543	1.68
511145.b3624	1.67
511145.b0650	1.67
511145.b3022	1.67
511145.b0771	1.67
511145.b1226	1.67
511145.b0233	1.66
511145.b0752	1.66
511145.b1597	1.66
511145.b2783	1.66
511145.b2583	1.66
511145.b1381	1.66
511145.b1486	1.65
511145.b3710	1.65
511145.b4293	1.65
511145.b0697	1.64
511145.b1659	1.64
511145.b0454	1.64
511145.b2070	1.64
511145.b2196	1.64
511145.b4080	1.64
511145.b2449	1.64
511145.b2712	1.64
511145.b1137	1.64
511145.b4063	1.63
511145.b2335	1.63
511145.b1075	1.63
511145.b4364	1.63
511145.b1576	1.62
511145.b4287	1.61
511145.b1628	1.6
511145.b2820	1.6
511145.b4400	1.59
511145.b0869	1.59
511145.b4319	1.59
511145.b1454	1.59
511145.b3260	1.59
511145.b2349	1.58
511145.b1141	1.58
511145.b2395	1.58
511145.b0256	1.58
511145.b1404	1.58
511145.b4284	1.58
511145.b1483	1.58
511145.b3674	1.58
511145.b0129	1.57
511145.b0315	1.57
511145.b2940	1.57
511145.b4313	1.57
511145.b1153	1.56
511145.b0852	1.56
511145.b2458	1.56
511145.b2575	1.55
511145.b3954	1.55
511145.b1588	1.55
511145.b3106	1.54
511145.b4159	1.53
511145.b1317	1.53
511145.b1310	1.52
511145.b3773	1.51
511145.b1398	1.51
511145.b3718	1.5
511145.b3953	1.5
511145.b3422	1.49
511145.b1701	1.49
511145.b2140	1.49
511145.b1434	1.49
511145.b3505	1.49
511145.b1844	1.49
511145.b0259	1.49
511145.b0552	1.49
511145.b0656	1.49
511145.b1331	1.49
511145.b2030	1.49
511145.b2192	1.49
511145.b2982	1.49
511145.b3218	1.49
511145.b3283	1.48
511145.b0270	1.47
511145.b3567	1.47
511145.b0545	1.45
511145.b3323	1.45
511145.b4151	1.45
511145.b2424	1.44
511145.b1022	1.44
511145.b2663	1.43
511145.b0622	1.42
511145.b1559	1.42
511145.b0306	1.42
511145.b0714	1.41
511145.b0311	1.41
511145.b2628	1.41
511145.b0781	1.41
511145.b1544	1.4
511145.b0402	1.4
511145.b2950	1.39
511145.b4297	1.39
511145.b1313	1.39
511145.b1285	1.38
511145.b3667	1.37
511145.b3665	1.37
511145.b1843	1.37
511145.b4620	1.36
511145.b4061	1.36
511145.b3085	1.34
511145.b2126	1.34
511145.b3621	1.34
511145.b2768	1.34
511145.b4101	1.34
511145.b3990	1.33
511145.b1753	1.33
511145.b4062	1.33
511145.b2161	1.33
511145.b0958	1.32
511145.b1632	1.31
511145.b4346	1.31
511145.b0016	1.31
511145.b0582	1.31
511145.b0130	1.31
511145.b0504	1.31
511145.b0210	1.31
511145.b2321	1.3
511145.b1595	1.3
511145.b4114	1.3
511145.b2373	1.3
511145.b2451	1.3
511145.b3872	1.3
511145.b1438	1.3
511145.b0834	1.29
511145.b2868	1.29
511145.b2201	1.28
511145.b3331	1.28
511145.b2121	1.28
511145.b3262	1.28
511145.b4033	1.28
511145.b2280	1.28
511145.b3358	1.27
511145.b3039	1.27
511145.b2385	1.26
511145.b0403	1.26
511145.b4320	1.26
511145.b3584	1.26
511145.b1338	1.26
511145.b0591	1.25
511145.b4399	1.25
511145.b1515	1.25
511145.b1942	1.25
511145.b4455	1.25
511145.b2429	1.25
511145.b0554	1.24
511145.b0815	1.24
511145.b1384	1.23
511145.b0564	1.23
511145.b2152	1.23
511145.b2078	1.23
511145.b2474	1.22
511145.b4120	1.22
511145.b3951	1.21
511145.b0368	1.21
511145.b0700	1.21
511145.b0507	1.2
511145.b0158	1.2
511145.b2380	1.2
511145.b2535	1.19
511145.b0946	1.19
511145.b1660	1.19
511145.b1773	1.18
511145.b0933	1.17
511145.b1655	1.17
511145.b1138	1.16
511145.b2410	1.16
511145.b1385	1.16
511145.b2326	1.16
511145.b3647	1.15
511145.b2633	1.14
511145.b3935	1.14
511145.b3861	1.14
511145.b3086	1.13
511145.b2466	1.12
511145.b3784	1.12
511145.b0036	1.11
511145.b3137	1.11
511145.b4004	1.11
511145.b0836	1.11
511145.b4512	1.11
511145.b2247	1.11
511145.b1039	1.1
511145.b0823	1.1
511145.b4201	1.1
511145.b1833	1.1
511145.b2785	1.09
511145.b2944	1.09
511145.b4084	1.09
511145.b2387	1.09
511145.b0363	1.09
511145.b0498	1.08
511145.b2057	1.08
511145.b2005	1.08
511145.b4095	1.08
511145.b1407	1.07
511145.b2702	1.07
511145.b0211	1.07
511145.b3521	1.07
511145.b0832	1.07
511145.b4301	1.06
511145.b0038	1.06
511145.b1615	1.06
511145.b1501	1.06
511145.b4096	1.06
511145.b2075	1.05
511145.b0286	1.05
511145.b3104	1.04
511145.b0321	1.04
511145.b4128	1.03
511145.b3479	1.03
511145.b2305	1.03
511145.b3532	1.03
511145.b1339	1.03
511145.b0445	1.02
511145.b1080	1.02
511145.b3531	1.02
511145.b2184	1.02
511145.b1526	1.02
511145.b1370	1.01
511145.b3264	1.01
511145.b4012	1.01
511145.b2866	1.0
511145.b0232	1.0
511145.b0107	1.0
511145.b3627	1.0
511145.b0347	0.996
511145.b0281	0.996
511145.b0313	0.996
511145.b0404	0.993
511145.b0262	0.992
511145.b1315	0.987
511145.b2731	0.987
511145.b1387	0.979
511145.b3536	0.976
511145.b2503	0.972
511145.b1394	0.97
511145.b0486	0.97
511145.b1643	0.97
511145.b3589	0.963
511145.b3575	0.961
511145.b2374	0.961
511145.b2197	0.958
511145.b3240	0.957
511145.b1484	0.956
511145.b3712	0.952
511145.b2877	0.947
511145.b1815	0.946
511145.b1360	0.945
511145.b1948	0.944
511145.b4385	0.944
511145.b3014	0.939
511145.b2706	0.926
511145.b0350	0.925
511145.b2119	0.923
511145.b2177	0.922
511145.b1485	0.919
511145.b3402	0.917
511145.b4466	0.916
511145.b2719	0.912
511145.b3483	0.905
511145.b0020	0.899
511145.b0037	0.898
511145.b4463	0.896
511145.b4555	0.895
511145.b2570	0.892
511145.b0303	0.891
511145.b1337	0.891
511145.b2975	0.887
511145.b2378	0.886
511145.b3881	0.886
511145.b1466	0.886
511145.b0366	0.884
511145.b3023	0.869
511145.b2037	0.867
511145.b2045	0.865
511145.b2800	0.864
511145.b4188	0.86
511145.b0942	0.859
511145.b1755	0.852
511145.b3989	0.849
511145.b0294	0.845
511145.b2110	0.845
511145.b2399	0.835
511145.b2506	0.833
511145.b0808	0.832
511145.b3136	0.83
511145.b1733	0.823
511145.b1878	0.816
511145.b1906	0.813
511145.b1041	0.807
511145.b1974	0.801
511145.b2043	0.801
511145.b0377	0.8
511145.b2602	0.799
511145.b2832	0.794
511145.b2709	0.791
511145.b1645	0.789
511145.b2757	0.789
511145.b1001	0.785
511145.b0191	0.781
511145.b0320	0.778
511145.b0944	0.778
511145.b0070	0.777
511145.b0252	0.777
511145.b1696	0.776
511145.b2224	0.773
511145.b2603	0.773
511145.b0245	0.764
511145.b2711	0.763
511145.b1491	0.746
511145.b0976	0.745
511145.b0906	0.744
511145.b0535	0.743
511145.b4085	0.735
511145.b1410	0.735
511145.b0940	0.733
511145.b0027	0.732
511145.b2984	0.732
511145.b2887	0.732
511145.b0061	0.731
511145.b2008	0.728
511145.b1585	0.726
511145.b3645	0.716
511145.b0531	0.716
511145.b3690	0.711
511145.b2444	0.708
511145.b0457	0.707
511145.b0646	0.707
511145.b4326	0.705
511145.b3144	0.703
511145.b1146	0.701
511145.b2725	0.701
511145.b4133	0.699
511145.b2876	0.696
511145.b3823	0.696
511145.b0837	0.695
511145.b1630	0.695
511145.b3586	0.693
511145.b2350	0.691
511145.b0614	0.683
511145.b3380	0.682
511145.b2886	0.68
511145.b3207	0.679
511145.b2044	0.678
511145.b2933	0.677
511145.b1865	0.676
511145.b2920	0.673
511145.b2128	0.666
511145.b3076	0.664
511145.b3090	0.664
511145.b0517	0.664
511145.b2716	0.663
511145.b3496	0.663
511145.b3654	0.66
511145.b1752	0.659
511145.b2547	0.659
511145.b3720	0.658
511145.b0788	0.656
511145.b0326	0.655
511145.b2088	0.652
511145.b0950	0.652
511145.b1744	0.649
511145.b0576	0.648
511145.b4166	0.647
511145.b1477	0.646
511145.b0323	0.645
511145.b1987	0.644
511145.b2405	0.642
511145.b1573	0.642
511145.b2046	0.64
511145.b3722	0.638
511145.b2307	0.637
511145.b0283	0.637
511145.b0298	0.635
511145.b0373	0.635
511145.b0540	0.635
511145.b1027	0.635
511145.b0602	0.628
511145.b2647	0.628
511145.b4212	0.623
511145.b4225	0.622
511145.b2548	0.622
511145.b0589	0.622
511145.b1556	0.62
511145.b2372	0.62
511145.b2605	0.618
511145.b0060	0.617
511145.b3151	0.617
511145.b0618	0.616
511145.b2179	0.616
511145.b4081	0.603
511145.b2111	0.603
511145.b1972	0.6
511145.b3678	0.6
511145.b3211	0.599
511145.b1408	0.594
511145.b3501	0.59
511145.b0793	0.589
511145.b2120	0.589
511145.b4706	0.588
511145.b2001	0.585
511145.b2801	0.585
511145.b2054	0.584
511145.b1960	0.581
511145.b4306	0.577
511145.b1808	0.574
511145.b2888	0.57
511145.b0546	0.568
511145.b2362	0.567
511145.b3516	0.563
511145.b4357	0.56
511145.b2710	0.56
511145.b3817	0.559
511145.b1386	0.558
511145.b3569	0.558
511145.b3138	0.557
511145.b0152	0.553
511145.b1336	0.552
511145.b1172	0.552
511145.b0583	0.55
511145.b1497	0.548
511145.b3898	0.546
511145.b1139	0.546
511145.b0548	0.545
511145.b3258	0.54
511145.b2971	0.537
511145.b0380	0.535
511145.b0698	0.532
511145.b4318	0.53
511145.b2248	0.527
511145.b2845	0.524
511145.b1212	0.519
511145.b1868	0.517
511145.b3271	0.517
511145.b2923	0.514
511145.b3473	0.512
511145.b2357	0.511
511145.b2361	0.511
511145.b3371	0.503
511145.b2736	0.502
511145.b2565	0.501
511145.b0644	0.497
511145.b3571	0.497
511145.b2992	0.497
511145.b3792	0.496
511145.b1772	0.496
511145.b3457	0.496
511145.b0022	0.494
511145.b1894	0.494
511145.b3444	0.494
511145.b2270	0.494
511145.b2726	0.493
511145.b4118	0.492
511145.b3638	0.489
511145.b0719	0.488
511145.b3878	0.485
511145.b0137	0.483
511145.b1442	0.483
511145.b4566	0.479
511145.b1144	0.479
511145.b0997	0.475
511145.b0301	0.474
511145.b3666	0.471
511145.b3790	0.465
511145.b2549	0.464
511145.b1692	0.464
511145.b1316	0.46
511145.b2739	0.46
511145.b1074	0.459
511145.b2076	0.459
511145.b3886	0.449
511145.b1439	0.448
511145.b0319	0.445
511145.b4032	0.445
511145.b0007	0.444
511145.b1891	0.443
511145.b4470	0.439
511145.b3327	0.438
511145.b0555	0.438
511145.b0845	0.437
511145.b0806	0.436
511145.b3539	0.436
511145.b0689	0.436
511145.b2760	0.431
511145.b2737	0.431
511145.b3383	0.43
511145.b0731	0.429
511145.b4031	0.429
511145.b0340	0.428
511145.b3508	0.428
511145.b2546	0.427
511145.b4299	0.425
511145.b2272	0.425
511145.b0624	0.425
511145.b3691	0.415
511145.b0497	0.415
511145.b1500	0.414
511145.b1428	0.412
511145.b4509	0.412
511145.b3057	0.409
511145.b3478	0.408
511145.b2489	0.407
511145.b3622	0.401
511145.b2715	0.4
511145.b2542	0.398
511145.b3723	0.395
511145.b4086	0.391
511145.b2774	0.39
511145.b0964	0.39
511145.b4210	0.387
511145.b2622	0.383
511145.b0856	0.38
511145.b2631	0.379
511145.b4353	0.378
511145.b4475	0.377
511145.b0213	0.377
511145.b3507	0.374
511145.b1352	0.371
511145.b1907	0.369
511145.b3905	0.367
511145.b0285	0.366
511145.b2966	0.365
511145.b2626	0.355
511145.b0799	0.355
511145.b2223	0.353
511145.b2384	0.351
511145.b0696	0.345
511145.b1546	0.345
511145.b3646	0.344
511145.b2364	0.343
511145.b3227	0.342
511145.b3903	0.341
511145.b2178	0.34
511145.b1213	0.337
511145.b2010	0.336
511145.b1572	0.335
511145.b0358	0.335
511145.b3482	0.335
511145.b1357	0.334
511145.b2360	0.333
511145.b4331	0.332
511145.b0813	0.328
511145.b0896	0.324
511145.b2203	0.323
511145.b2928	0.319
511145.b1121	0.319
511145.b0225	0.317
511145.b2604	0.316
511145.b4329	0.315
511145.b0590	0.309
511145.b4047	0.307
511145.b4340	0.305
511145.b2060	0.304
511145.b1551	0.304
511145.b4267	0.296
511145.b2221	0.296
511145.b1937	0.292
511145.b1373	0.289
511145.b2050	0.289
511145.b4289	0.287
511145.b0777	0.284
511145.b4050	0.284
511145.b2769	0.28
511145.b0398	0.279
511145.b1514	0.278
511145.b2207	0.278
511145.b4315	0.278
511145.b3675	0.277
511145.b1489	0.276
511145.b1476	0.275
511145.b3471	0.272
511145.b0603	0.272
511145.b0305	0.272
511145.b1351	0.27
511145.b4341	0.269
511145.b2491	0.269
511145.b3215	0.267
511145.b0601	0.266
511145.b0505	0.264
511145.b0959	0.264
511145.b3585	0.263
511145.b2365	0.262
511145.b2213	0.26
511145.b3338	0.257
511145.b2158	0.255
511145.b0427	0.253
511145.b1319	0.251
511145.b3080	0.247
511145.b1164	0.246
511145.b1419	0.245
511145.b3110	0.244
511145.b1959	0.243
511145.b4125	0.243
511145.b2354	0.242
511145.b3485	0.242
511145.b1522	0.242
511145.b2627	0.24
511145.b1741	0.24
511145.b3576	0.239
511145.b3334	0.238
511145.b4078	0.238
511145.b2389	0.238
511145.b1025	0.236
511145.b3753	0.234
511145.b2972	0.232
511145.b3468	0.232
511145.b4028	0.231
511145.b1453	0.231
511145.b2788	0.23
511145.b1201	0.228
511145.b3103	0.227
511145.b4532	0.225
511145.b4460	0.223
511145.b2759	0.223
511145.b1196	0.222
511145.b1504	0.221
511145.b3593	0.221
511145.b3060	0.22
511145.b2771	0.22
511145.b3477	0.219
511145.b2292	0.219
511145.b0433	0.218
511145.b3159	0.218
511145.b2200	0.215
511145.b2164	0.213
511145.b1168	0.21
511145.b3366	0.21
511145.b1181	0.209
511145.b3382	0.208
511145.b3367	0.207
511145.b0040	0.206
511145.b3142	0.205
511145.b3909	0.205
511145.b0339	0.203
511145.b2841	0.201
511145.b1309	0.2
511145.b2446	0.197
511145.b2072	0.197
511145.b0364	0.196
511145.b1011	0.195
511145.b4102	0.195
511145.b1254	0.194
511145.b1790	0.193
511145.b3121	0.193
511145.b1085	0.193
511145.b2336	0.191
511145.b0466	0.191
511145.b4294	0.191
511145.b2459	0.188
511145.b2271	0.188
511145.b4334	0.187
511145.b4082	0.187
511145.b2205	0.186
511145.b3717	0.185
511145.b0509	0.185
511145.b2740	0.185
511145.b0140	0.185
511145.b0787	0.183
511145.b3937	0.182
511145.b3474	0.181
511145.b0267	0.18
511145.b3711	0.18
511145.b1488	0.179
511145.b0613	0.179
511145.b4621	0.176
511145.b2645	0.176
511145.b3269	0.176
511145.b0533	0.175
511145.b3754	0.175
511145.b1312	0.175
511145.b2233	0.175
511145.b2163	0.175
511145.b2544	0.173
511145.b2929	0.173
511145.b0153	0.173
511145.b2469	0.173
511145.b2835	0.172
511145.b2968	0.171
511145.b1601	0.171
511145.b2723	0.17
511145.b4106	0.169
511145.b1758	0.167
511145.b0335	0.163
511145.b3943	0.163
511145.b0117	0.162
511145.b3656	0.162
511145.b2462	0.16
511145.b3214	0.159
511145.b1528	0.158
511145.b1158	0.158
511145.b2682	0.158
511145.b0375	0.156
511145.b0818	0.156
511145.b2219	0.155
511145.b0011	0.155
511145.b4478	0.155
511145.b4288	0.155
511145.b2199	0.154
511145.b3395	0.153
511145.b0704	0.153
511145.b1349	0.152
511145.b4268	0.152
511145.b2851	0.151
511145.b4300	0.15
511145.b3048	0.149
511145.b1862	0.148
511145.b2368	0.148
511145.b3184	0.148
511145.b0265	0.148
511145.b0275	0.148
511145.b4516	0.148
511145.b1873	0.147
511145.b3077	0.146
511145.b0899	0.144
511145.b2056	0.144
511145.b0900	0.144
511145.b2141	0.143
511145.b3013	0.142
511145.b2269	0.141
511145.b3902	0.138
511145.b1023	0.137
511145.b4230	0.137
511145.b1523	0.136
511145.b2990	0.136
511145.b1840	0.135
511145.b3284	0.133
511145.b0293	0.133
511145.b1943	0.131
511145.b1669	0.131
511145.b3411	0.13
511145.b4482	0.13
511145.b4477	0.13
511145.b1553	0.13
511145.b1391	0.13
511145.b0934	0.129
511145.b0254	0.128
511145.b3376	0.128
511145.b3693	0.127
511145.b0013	0.127
511145.b1397	0.125
511145.b3659	0.123
511145.b1161	0.123
511145.b3550	0.122
511145.b0858	0.122
511145.b3890	0.121
511145.b3824	0.121
511145.b2136	0.12
511145.b4522	0.12
511145.b3216	0.117
511145.b2847	0.115
511145.b1672	0.115
511145.b1463	0.114
511145.b3696	0.112
511145.b2991	0.112
511145.b3127	0.111
511145.b1053	0.111
511145.b0937	0.111
511145.b3684	0.11
511145.b4204	0.11
511145.b0135	0.109
511145.b2985	0.108
511145.b1220	0.107
511145.b1355	0.107
511145.b4011	0.107
511145.b2059	0.107
511145.b3188	0.106
511145.b0532	0.105
511145.b2882	0.104
511145.b2485	0.103
511145.b1154	0.102
511145.b2541	0.101
511145.b4176	0.101
511145.b3580	0.1
511145.b4337	0.1
511145.b0629	0.099
511145.b4473	0.099
511145.b2047	0.098
511145.b3374	0.097
511145.b2420	0.097
511145.b1345	0.094
511145.b2986	0.094
511145.b4074	0.094
511145.b3875	0.093
511145.b1081	0.092
511145.b0769	0.092
511145.b1202	0.091
511145.b1798	0.09
511145.b2257	0.089
511145.b1785	0.089
511145.b3520	0.089
511145.b1750	0.088
511145.b3143	0.087
511145.b0264	0.087
511145.b0274	0.087
511145.b2775	0.086
511145.b0682	0.085
511145.b1432	0.085
511145.b2077	0.085
511145.b2298	0.084
511145.b1184	0.082
511145.b3451	0.082
511145.b2407	0.079
511145.b1626	0.077
511145.b3547	0.077
511145.b0442	0.076
511145.b1301	0.076
511145.b3332	0.075
511145.b0461	0.075
511145.b2109	0.075
511145.b0715	0.073
511145.b2058	0.073
511145.b1707	0.073
511145.b0318	0.072
511145.b2761	0.072
511145.b0992	0.072
511145.b3413	0.07
511145.b0986	0.07
511145.b1931	0.069
511145.b0247	0.069
511145.b3849	0.069
511145.b4048	0.069
511145.b3466	0.066
511145.b1821	0.064
511145.b3241	0.063
511145.b2538	0.063
511145.b4132	0.063
511145.b3876	0.063
511145.b0709	0.061
511145.b2073	0.06
511145.b3800	0.06
511145.b2930	0.06
511145.b2130	0.06
511145.b0385	0.059
511145.b3141	0.059
511145.b3249	0.059
511145.b3657	0.059
511145.b2766	0.058
511145.b1742	0.058
511145.b2918	0.058
511145.b1010	0.058
511145.b0280	0.058
511145.b2545	0.057
511145.b4474	0.057
511145.b3173	0.056
511145.b4083	0.055
511145.b3033	0.055
511145.b0316	0.055
511145.b3880	0.052
511145.b1762	0.052
511145.b1156	0.051
511145.b2273	0.051
511145.b2519	0.051
511145.b1036	0.05
511145.b4141	0.049
511145.b4356	0.049
511145.b2332	0.049
511145.b3819	0.048
511145.b3434	0.047
511145.b2534	0.047
511145.b3801	0.047
511145.b2204	0.047
511145.b1674	0.046
511145.b4321	0.046
511145.b4116	0.045
511145.b1396	0.045
511145.b0193	0.045
511145.b2995	0.044
511145.b1951	0.044
511145.b1699	0.042
511145.b1029	0.042
511145.b1791	0.04
511145.b4029	0.04
511145.b2537	0.039
511145.b3793	0.038
511145.b4186	0.038
511145.b2481	0.037
511145.b0396	0.037
511145.b3578	0.036
511145.b1627	0.035
511145.b4366	0.035
511145.b1698	0.032
511145.b0649	0.032
511145.b0253	0.03
511145.b2327	0.03
511145.b0941	0.03
511145.b0718	0.03
511145.b1012	0.028
511145.b2577	0.027
511145.b2686	0.027
511145.b3224	0.027
511145.b3381	0.026
511145.b0909	0.026
511145.b3944	0.026
511145.b1328	0.023
511145.b1289	0.023
511145.b0157	0.022
511145.b4279	0.022
511145.b4572	0.021
511145.b4476	0.02
511145.b2550	0.018
511145.b2732	0.017
511145.b0067	0.012
511145.b1978	0.009
511145.b3561	0.008
511145.b3662	0.008
511145.b2145	0.008
511145.b4249	0.006
511145.b3326	0.006
511145.b3883	0.006
511145.b0234	0.006
511145.b0518	0.005
511145.b0977	0.005
511145.b3267	0.004
511145.b3660	0.003
511145.b2945	0.003
511145.b3119	0.002
511145.b2713	0.001
511145.b0692	0.0008
511145.b1115	0.0003