n,raw_r2,raw_rmse,log1p_r2,log1p_rmse,log10eps_r2,log10eps_rmse,zero_true_fraction,zero_pred_fraction,lt_0p1_fraction,lt_0p5_fraction,scope,Method,threshold
378,0.5879087148411695,1.0655039563334083,0.7710677261958968,0.2561087911639936,0.5815871084282138,1.7479918837645478,0.35978835978835977,0.4523809523809524,0.5343915343915344,0.746031746031746,all_classic,FluxAnchor,0.0
236,0.5386417801228981,1.345926834994826,0.7106485001144306,0.3196051236486675,-7.437413137993621,2.0499701487885713,0.0,0.1440677966101695,0.2542372881355932,0.5932203389830508,all_classic,FluxAnchor,0.01
213,0.522630048392865,1.416665289360797,0.6871519394065045,0.3361770003505195,-8.536775282033485,1.9692576457333555,0.0,0.11737089201877934,0.17370892018779344,0.5492957746478874,all_classic,FluxAnchor,0.05
176,0.48658487665245176,1.5582632712047042,0.6309169818255005,0.369067785924437,-12.317215976211626,2.0698751045514214,0.0,0.125,0.0,0.45454545454545453,all_classic,FluxAnchor,0.1
131,0.40562280776136994,1.8055805577502344,0.47705308768250054,0.4259096037185124,-23.018178817909586,2.220244549325564,0.0,0.13740458015267176,0.0,0.26717557251908397,all_classic,FluxAnchor,0.2
96,0.27755426857080856,2.10504267657681,0.18652864721087759,0.4855611733208945,-34.83222842548411,2.0797922072301582,0.0,0.11458333333333333,0.0,0.0,all_classic,FluxAnchor,0.5
72,0.13040596695865259,2.40348994192115,-0.13885668761501369,0.5242550974711432,-26.865076552239753,1.5301446427766208,0.0,0.05555555555555555,0.0,0.0,all_classic,FluxAnchor,1.0
126,0.5649226529082536,1.542055446770173,0.8634740655367458,0.2269222301820465,0.6709968222957806,1.5581333837246822,0.35714285714285715,0.4523809523809524,0.49206349206349204,0.753968253968254,classic_Zwf,FluxAnchor,0.0
80,0.5227565474721361,1.9352642263643738,0.8305514392990534,0.2847851376467401,-5.724173872880681,1.937859898761388,0.0,0.1375,0.2,0.6125,classic_Zwf,FluxAnchor,0.01
72,0.5088196858835329,2.0398786301350857,0.8188892900028639,0.29979058747708653,-6.417700724628325,1.7970298691207607,0.0,0.09722222222222222,0.1111111111111111,0.5694444444444444,classic_Zwf,FluxAnchor,0.05
64,0.49115724103485614,2.163496523808982,0.8042241529677636,0.3173065104296266,-8.440027471832614,1.90357730580853,0.0,0.109375,0.0,0.515625,classic_Zwf,FluxAnchor,0.1
44,0.4121121451237699,2.6089777750253673,0.731771010565843,0.3810270639997642,-12.969043093366913,2.017150959331985,0.0,0.11363636363636363,0.0,0.29545454545454547,classic_Zwf,FluxAnchor,0.2
31,0.2821568802125991,3.1070652210123915,0.5888624739603338,0.44851257321291355,-24.15644461793308,2.1891301887543464,0.0,0.12903225806451613,0.0,0.0,classic_Zwf,FluxAnchor,0.5
21,0.02183853004770908,3.7623824972470774,0.35099657707507514,0.4970362792919613,-13.805285292337192,1.335901795263191,0.0,0.047619047619047616,0.0,0.0,classic_Zwf,FluxAnchor,1.0
126,0.790214019112017,0.5201610633871986,0.8732708817246884,0.16668093278190743,0.634946751216178,1.6207489183544452,0.36507936507936506,0.4365079365079365,0.5555555555555556,0.753968253968254,classic_Pgi,FluxAnchor,0.0
78,0.7543485161605672,0.6609363088717648,0.8331599668450762,0.2113436021883453,-6.365847661346035,1.8068651713406394,0.0,0.11538461538461539,0.28205128205128205,0.6025641025641025,classic_Pgi,FluxAnchor,0.01
71,0.7437416245859796,0.6927339632549471,0.8200299942027305,0.22146272802364197,-6.657973061115559,1.6718298238793716,0.0,0.08450704225352113,0.2112676056338028,0.5633802816901409,classic_Pgi,FluxAnchor,0.05
56,0.710119038643567,0.7797415437100786,0.7775750010577026,0.24864332175875417,-9.932319623470992,1.770673525153258,0.0,0.08928571428571429,0.0,0.44642857142857145,classic_Pgi,FluxAnchor,0.1
42,0.6430099138613088,0.8983786611054534,0.6784259164211282,0.28299834355142756,-23.920872849621464,2.0410312309462717,0.0,0.11904761904761904,0.0,0.2619047619047619,classic_Pgi,FluxAnchor,0.2
31,0.532210099007441,1.0357838254105052,0.5237709713763768,0.30768914595283225,-33.570484409300846,1.8041158984292163,0.0,0.0967741935483871,0.0,0.0,classic_Pgi,FluxAnchor,0.5
23,0.3706422625460042,1.1797856936047972,0.36716129820167664,0.31043430487744006,0.3203879573732953,0.19838033815693687,0.0,0.0,0.0,0.0,classic_Pgi,FluxAnchor,1.0
126,0.4741487111572694,0.8702835802821848,0.5498522911360046,0.3427811354648996,0.4389138343037743,2.027762357697707,0.35714285714285715,0.46825396825396826,0.5555555555555556,0.7301587301587301,classic_Crp,FluxAnchor,0.0
78,0.36466988075920526,1.096763384293381,0.40586848073104276,0.4256914659505457,-10.47891029601842,2.366122059681852,0.0,0.1794871794871795,0.28205128205128205,0.5641025641025641,classic_Crp,FluxAnchor,0.01
70,0.3215047739415072,1.1576286327831622,0.34083946384797303,0.4491100044316995,-12.618886470970516,2.375626171399628,0.0,0.17142857142857143,0.2,0.5142857142857142,classic_Crp,FluxAnchor,0.05
56,0.19419416957934332,1.2938503721894172,0.12808269582274057,0.5012001012830316,-21.439531204016852,2.4877005809569233,0.0,0.17857142857142858,0.0,0.39285714285714285,classic_Crp,FluxAnchor,0.1
45,-0.017273171850131108,1.442841888518455,-0.2998801878258517,0.5580039367376736,-41.23279000924925,2.5463140219387355,0.0,0.17777777777777778,0.0,0.24444444444444444,classic_Crp,FluxAnchor,0.2
34,-0.48061907203310916,1.6526972010244412,-1.3727887807913968,0.6292611537407907,-64.55660328105537,2.2082102156285015,0.0,0.11764705882352941,0.0,0.0,classic_Crp,FluxAnchor,0.5
28,-0.8258467665686873,1.759134011720303,-2.254564201064737,0.665053206055003,-83.29705914494343,2.1563378679199263,0.0,0.10714285714285714,0.0,0.0,classic_Crp,FluxAnchor,1.0
378,0.5773136642846344,1.0791143201271958,0.7376733595635259,0.27415247694635453,0.5299399691403424,1.8527360232263483,0.35978835978835977,0.4470899470899471,0.5343915343915344,0.746031746031746,all_classic,KinLLM,0.0
236,0.5275736209210178,1.3619757986760934,0.6705914805381128,0.3410109130584602,-7.745046930602953,2.087007221446004,0.0,0.1440677966101695,0.2542372881355932,0.5932203389830508,all_classic,KinLLM,0.01
213,0.5111750712305967,1.433561690383308,0.6437610940784856,0.358733502981548,-9.428275253470707,2.0592449449611006,0.0,0.1267605633802817,0.17370892018779344,0.5492957746478874,all_classic,KinLLM,0.05
176,0.4742615608063343,1.5768535908458445,0.5795150596759626,0.3939302492479321,-13.680910075907326,2.173271119848062,0.0,0.13636363636363635,0.0,0.45454545454545453,all_classic,KinLLM,0.1
131,0.4062730715889282,1.8045926118461626,0.44275612013557797,0.43965425952524273,-26.830447412890074,2.389961306369644,0.0,0.16030534351145037,0.0,0.26717557251908397,all_classic,KinLLM,0.2
96,0.31431371563245813,2.050789199051425,0.22202085079376432,0.4748503902248752,-41.49856116122638,2.265010141986285,0.0,0.13541666666666666,0.0,0.0,all_classic,KinLLM,0.5
72,0.16552116170935183,2.3544620645216883,-0.11297869060323529,0.5182646035056372,-39.632316916547005,1.8477285079344286,0.0,0.08333333333333333,0.0,0.0,all_classic,KinLLM,1.0
126,0.5709686861314462,1.5313034094303115,0.8714195555260994,0.2202200848296454,0.6784721044839777,1.5403305012093271,0.35714285714285715,0.4523809523809524,0.49206349206349204,0.753968253968254,classic_Zwf,KinLLM,0.0
80,0.5293885401264977,1.9217705265942018,0.8404129491865154,0.2763740119524902,-5.568609011662898,1.915312372775275,0.0,0.1375,0.2,0.6125,classic_Zwf,KinLLM,0.01
72,0.5156458131579189,2.025654537332473,0.8294576064466948,0.2909123131806663,-6.19596609296384,1.769967110033253,0.0,0.09722222222222222,0.1111111111111111,0.5694444444444444,classic_Zwf,KinLLM,0.05
64,0.4982296245515525,2.148408741914378,0.8156964750231357,0.3078692033702459,-8.157110138134472,1.8748352412378695,0.0,0.109375,0.0,0.515625,classic_Zwf,KinLLM,0.1
44,0.42028503476645473,2.590779137934951,0.7476262040694786,0.3695941577248722,-12.426736995460264,1.9776084703418142,0.0,0.11363636363636363,0.0,0.29545454545454547,classic_Zwf,KinLLM,0.2
31,0.29215328044852396,3.0853554931957468,0.6149679576178362,0.43403974490982844,-18.06151911062795,1.9055735390778934,0.0,0.0967741935483871,0.0,0.0,classic_Zwf,KinLLM,0.5
21,0.03555182741031293,3.73591611989192,0.4005309965063846,0.4776919932317045,0.4138253267347751,0.26581511238340005,0.0,0.0,0.0,0.0,classic_Zwf,KinLLM,1.0
126,0.7898892337722165,0.5205635577534857,0.8716690592538836,0.16773102638463566,0.6028390318023016,1.6905223308165669,0.36507936507936506,0.4444444444444444,0.5555555555555556,0.753968253968254,classic_Pgi,KinLLM,0.0
78,0.7539680011900314,0.6614480070700134,0.8310410797687953,0.21268141169657429,-7.207886074180159,1.9073484475280529,0.0,0.1282051282051282,0.28205128205128205,0.6025641025641025,classic_Pgi,KinLLM,0.01
71,0.7433446589265421,0.6932703070529876,0.8177432328213714,0.22286527792401048,-7.781352875902368,1.790259001192202,0.0,0.09859154929577464,0.2112676056338028,0.5633802816901409,classic_Pgi,KinLLM,0.05
56,0.7096696764830017,0.780345672141727,0.7747323580006683,0.2502271370934209,-11.744922116957925,1.9118372827267505,0.0,0.10714285714285714,0.0,0.44642857142857145,classic_Pgi,KinLLM,0.1
42,0.6424540682386279,0.8990777920292676,0.6741958779103581,0.2848535659419441,-28.06726072531876,2.204296842447762,0.0,0.14285714285714285,0.0,0.2619047619047619,classic_Pgi,KinLLM,0.2
31,0.5322171983514535,1.0357759656709267,0.52377762400606,0.3076869968302765,-33.570477728232675,1.8041157240981056,0.0,0.0967741935483871,0.0,0.0,classic_Pgi,KinLLM,0.5
23,0.3706521852677287,1.179776393066662,0.36717300368394734,0.3104314338456549,0.3204025982464044,0.19837820129294756,0.0,0.0,0.0,0.0,classic_Pgi,KinLLM,1.0
126,0.3906997648689141,0.9367959213814265,0.4297507994527813,0.38580844842103296,0.308517228949156,2.2510905160247323,0.35714285714285715,0.4444444444444444,0.5555555555555556,0.7301587301587301,classic_Crp,KinLLM,0.0
78,0.2673836782714145,1.1777456686126901,0.25157816610294403,0.4777787960882125,-10.846914303832525,2.4037507735691412,0.0,0.16666666666666666,0.28205128205128205,0.5641025641025641,classic_Crp,KinLLM,0.01
70,0.21757829024068132,1.2431293153789569,0.16940462583449778,0.5041408443772343,-14.516833011332885,2.5357640735348412,0.0,0.18571428571428572,0.2,0.5142857142857142,classic_Crp,KinLLM,0.05
56,0.07068754134186617,1.3894717844413464,-0.09951944980664695,0.5628270472685709,-25.00425721861866,2.678017707835847,0.0,0.19642857142857142,0.0,0.39285714285714285,classic_Crp,KinLLM,0.1
45,-0.05683927620172424,1.4706333796773414,-0.47538996256432564,0.5944824155033844,-52.861533052025294,2.8755864621860305,0.0,0.2222222222222222,0.0,0.24444444444444444,classic_Crp,KinLLM,0.2
34,-0.20197911815313208,1.489087038252542,-1.2685352554355962,0.6152819129976647,-109.33696928650768,2.864789514570383,0.0,0.20588235294117646,0.0,0.0,classic_Crp,KinLLM,0.5
28,-0.5597565195505734,1.6259050011528802,-2.2404650621484428,0.6636110997972311,-156.61163051994598,2.948524418548865,0.0,0.21428571428571427,0.0,0.0,classic_Crp,KinLLM,1.0
378,0.4321923216330623,1.2507167960352494,0.6181296730566487,0.33077214674856115,0.6005959483175173,1.7078240157928177,0.35978835978835977,0.42857142857142855,0.5343915343915344,0.746031746031746,all_classic,fba,0.0
236,0.3683847474969729,1.5748116730939055,0.5221938558467569,0.410701916106308,-6.960610977870256,1.991205486110232,0.0,0.1016949152542373,0.2542372881355932,0.5932203389830508,all_classic,fba,0.01
213,0.34645545308282377,1.6575907383311195,0.48317852921385307,0.43208733622806883,-8.35948000050209,1.9508668360204433,0.0,0.09389671361502347,0.17370892018779344,0.5492957746478874,all_classic,fba,0.05
176,0.3398777263367603,1.7669273741545921,0.4448246120718877,0.45264654533204873,-11.971143460987252,2.0428033005130537,0.0,0.09659090909090909,0.0,0.45454545454545453,all_classic,fba,0.1
131,0.2690507724941651,2.0023011986897785,0.2936975065088957,0.49497583979237947,-23.161855862673487,2.2268754129046826,0.0,0.11450381679389313,0.0,0.26717557251908397,all_classic,fba,0.2
96,0.13566535718954154,2.302497939615824,-0.03610860997046306,0.5479935689680012,-43.25978603353198,2.311466973905262,0.0,0.11458333333333333,0.0,0.0,all_classic,fba,0.5
72,-0.037968694859747076,2.6258877744047373,-0.4904847249663826,0.5997522535683019,-48.744000970282926,2.044432246701069,0.0,0.08333333333333333,0.0,0.0,all_classic,fba,1.0
126,0.44172743086668287,1.74678678786905,0.656523748694521,0.35992981354981857,0.6081832824905354,1.7003803099411998,0.35714285714285715,0.42063492063492064,0.49206349206349204,0.753968253968254,classic_Zwf,fba,0.0
80,0.38762169500423815,2.19220002029655,0.5736959655035341,0.4517083303760668,-7.0313592548358095,2.1178609112585702,0.0,0.1,0.2,0.6125,classic_Zwf,fba,0.01
72,0.3697291062905965,2.310720822181326,0.543624147202326,0.4758907412100809,-8.280899566039887,2.010090812672459,0.0,0.06944444444444445,0.1111111111111111,0.5694444444444444,classic_Zwf,fba,0.05
64,0.40759505091086157,2.334391759141684,0.615017090114506,0.4449591609004204,-10.644770006654113,2.114215960873578,0.0,0.078125,0.0,0.515625,classic_Zwf,fba,0.1
44,0.3155471671962876,2.815106943910438,0.4702795200625579,0.5354591565303352,-17.195172703054553,2.302147595012499,0.0,0.09090909090909091,0.0,0.29545454545454547,classic_Zwf,fba,0.2
31,0.16401862484591356,3.353002672242544,0.17627543829416337,0.6348513844547078,-33.342256549745535,2.5577693168290123,0.0,0.0967741935483871,0.0,0.0,classic_Zwf,fba,0.5
21,-0.14022631204619085,4.062124208395458,-0.43187569392903025,0.7382734566932575,-35.235256151592814,2.089930341605262,0.0,0.047619047619047616,0.0,0.0,classic_Zwf,fba,1.0
126,0.6434612646031281,0.6781144025384621,0.7281407168467174,0.2441292400837292,0.666220529523878,1.549770687011585,0.36507936507936506,0.4126984126984127,0.5555555555555556,0.753968253968254,classic_Pgi,fba,0.0
78,0.5824145856071847,0.8617327039344047,0.6411821188979538,0.3099388449783095,-5.5456797039120715,1.7033023888382752,0.0,0.07692307692307693,0.28205128205128205,0.6025641025641025,classic_Pgi,fba,0.01
71,0.5643745262937374,0.9032003147450581,0.6128422050674651,0.3248213625963016,-5.563771046013732,1.547789382410636,0.0,0.07042253521126761,0.2112676056338028,0.5633802816901409,classic_Pgi,fba,0.05
56,0.5070768235129901,1.016788080125777,0.5200225799399417,0.365254356037755,-8.166796267215563,1.6214035636196467,0.0,0.07142857142857142,0.0,0.44642857142857145,classic_Pgi,fba,0.1
42,0.48525478618394946,1.0787666417818411,0.4492136759201649,0.3703692715088935,-19.650119438071627,1.8579298378130726,0.0,0.09523809523809523,0.0,0.2619047619047619,classic_Pgi,fba,0.2
31,0.5322202632501056,1.035772572479097,0.5237866124811487,0.3076840930923426,-33.57046295687383,1.80411533866456,0.0,0.0967741935483871,0.0,0.0,classic_Pgi,fba,0.5
23,0.3706564690630174,1.1797723778551714,0.36718881914952683,0.31042755470620553,0.32043496815866,0.19837347675940756,0.0,0.0,0.0,0.0,classic_Pgi,fba,1.0
126,0.17950507449988995,1.087094423888777,0.4671654184976455,0.37293710280433184,0.5282813510949869,1.859275726190182,0.35714285714285715,0.4523809523809524,0.5555555555555556,0.7301587301587301,classic_Crp,fba,0.0
78,0.03232022935673029,1.3535648000213045,0.32781839146659675,0.4527901391045376,-8.215836556432372,2.120089501687661,0.0,0.1282051282051282,0.28205128205128205,0.5641025641025641,classic_Crp,fba,0.01
70,-0.03344276898087206,1.428693527956329,0.2544289071616693,0.47764106833001374,-11.053644056664263,2.23494316093965,0.0,0.14285714285714285,0.2,0.5142857142857142,classic_Crp,fba,0.05
56,-0.2276268395266534,1.59698942305383,0.013361392179156661,0.5331538559549351,-18.499690573747937,2.3190231162029176,0.0,0.14285714285714285,0.0,0.39285714285714285,classic_Crp,fba,0.1
45,-0.3860047226044907,1.684155941219667,-0.2726753009490406,0.5521338945446602,-38.29202863072151,2.456061859892531,0.0,0.15555555555555556,0.0,0.24444444444444444,classic_Crp,fba,0.2
34,-1.0274229550151848,1.9339435871755837,-1.36162569091911,0.6277791886633105,-81.72503118963172,2.4805652927059993,0.0,0.14705882352941177,0.0,0.0,classic_Crp,fba,0.5
28,-1.4850336963880304,2.0522624696085248,-2.2156477317344128,0.6610650594453171,-133.87453221250473,2.727567917805687,0.0,0.17857142857142858,0.0,0.0,classic_Crp,fba,1.0
